ISO-10303-21;
HEADER;
/* Generated by software containing ST-Developer
 * from STEP Tools, Inc. (www.steptools.com) 
 */
/* OPTION: using custom renumber hook */

FILE_DESCRIPTION(
/* description */ ('STEP AP242 Edition 2',
'CAx-IF Rec.Pracs.---Representation and Presentation of Product Manufa
cturing Information (PMI)---4.0---2014-10-13',
'CAx-IF Rec.Pracs.---3D Tessellated Geometry---0.4---2014-09-14','2;1',
'CAx-IF Rec.Pracs.---User Defined Attributes---1.5---2016-08-15'),
/* implementation_level */ '2;1');

FILE_NAME(
/* name */ 'ohisje - TBTE 2x116',
/* time_stamp */ '2026-08-11T14:29:27Z',
/* author */ (''),
/* organization */ (''),
/* preprocessor_version */ 'ST-DEVELOPER v20',
/* originating_system */ 'ONSHAPE BY PTC INC, 1.219',
/* authorisation */ '  ');

FILE_SCHEMA (('AP242_MANAGED_MODEL_BASED_3D_ENGINEERING_MIM_LF { 1 0 10303 442 3 1 4 }'));
ENDSEC;

DATA;
#10=B_SPLINE_SURFACE_WITH_KNOTS('',1,3,((#10181,#10182,#10183,#10184,#10185,
#10186,#10187,#10188,#10189,#10190,#10191,#10192,#10193,#10194,#10195,#10196,
#10197,#10198,#10199,#10200,#10201,#10202,#10203,#10204,#10205,#10206,#10207,
#10208,#10209,#10210,#10211,#10212,#10213,#10214,#10215,#10216,#10217,#10218,
#10219,#10220,#10221,#10222,#10223,#10224),(#10225,#10226,#10227,#10228,
#10229,#10230,#10231,#10232,#10233,#10234,#10235,#10236,#10237,#10238,#10239,
#10240,#10241,#10242,#10243,#10244,#10245,#10246,#10247,#10248,#10249,#10250,
#10251,#10252,#10253,#10254,#10255,#10256,#10257,#10258,#10259,#10260,#10261,
#10262,#10263,#10264,#10265,#10266,#10267,#10268)),.RULED_SURF.,.F.,.F.,
 .F.,(2,2),(4,2,2,2,2,2,2,2,2,2,2,2,2,2,2,2,2,2,2,2,2,4),(0.,1.),(0.,0.125,
0.1875,0.21875,0.234375,0.2421875,0.24609375,0.248046875,0.25,0.375,0.4375,
0.46875,0.484375,0.4921875,0.49609375,0.5,0.625,0.6875,0.71875,0.734375,
0.75,1.),.UNSPECIFIED.);
#11=B_SPLINE_SURFACE_WITH_KNOTS('',1,3,((#10299,#10300,#10301,#10302,#10303,
#10304,#10305,#10306,#10307,#10308,#10309,#10310,#10311,#10312,#10313,#10314,
#10315,#10316,#10317,#10318,#10319,#10320,#10321,#10322,#10323,#10324,#10325,
#10326,#10327,#10328,#10329,#10330,#10331,#10332,#10333,#10334,#10335,#10336,
#10337,#10338,#10339,#10340,#10341,#10342,#10343,#10344),(#10345,#10346,
#10347,#10348,#10349,#10350,#10351,#10352,#10353,#10354,#10355,#10356,#10357,
#10358,#10359,#10360,#10361,#10362,#10363,#10364,#10365,#10366,#10367,#10368,
#10369,#10370,#10371,#10372,#10373,#10374,#10375,#10376,#10377,#10378,#10379,
#10380,#10381,#10382,#10383,#10384,#10385,#10386,#10387,#10388,#10389,#10390)),
 .RULED_SURF.,.F.,.F.,.F.,(2,2),(4,2,2,2,2,2,2,2,2,2,2,2,2,2,2,2,2,2,2,
2,2,2,4),(0.,1.),(0.,0.125,0.1875,0.21875,0.234375,0.25,0.375,0.4375,0.46875,
0.484375,0.4921875,0.49609375,0.5,0.625,0.6875,0.71875,0.734375,0.7421875,
0.74609375,0.748046875,0.75,0.875,1.),.UNSPECIFIED.);
#12=B_SPLINE_SURFACE_WITH_KNOTS('',1,3,((#10425,#10426,#10427,#10428,#10429,
#10430,#10431,#10432,#10433,#10434,#10435,#10436,#10437,#10438,#10439,#10440,
#10441,#10442,#10443,#10444,#10445,#10446,#10447,#10448,#10449,#10450,#10451,
#10452,#10453,#10454,#10455,#10456,#10457,#10458,#10459,#10460,#10461,#10462,
#10463,#10464,#10465,#10466,#10467,#10468,#10469,#10470),(#10471,#10472,
#10473,#10474,#10475,#10476,#10477,#10478,#10479,#10480,#10481,#10482,#10483,
#10484,#10485,#10486,#10487,#10488,#10489,#10490,#10491,#10492,#10493,#10494,
#10495,#10496,#10497,#10498,#10499,#10500,#10501,#10502,#10503,#10504,#10505,
#10506,#10507,#10508,#10509,#10510,#10511,#10512,#10513,#10514,#10515,#10516)),
 .RULED_SURF.,.F.,.F.,.F.,(2,2),(4,2,2,2,2,2,2,2,2,2,2,2,2,2,2,2,2,2,2,
2,2,2,4),(0.,1.),(0.,0.125,0.1875,0.21875,0.234375,0.25,0.375,0.4375,0.46875,
0.484375,0.4921875,0.49609375,0.5,0.625,0.6875,0.71875,0.734375,0.7421875,
0.74609375,0.748046875,0.75,0.875,1.),.UNSPECIFIED.);
#13=B_SPLINE_SURFACE_WITH_KNOTS('',1,3,((#10547,#10548,#10549,#10550,#10551,
#10552,#10553,#10554,#10555,#10556,#10557,#10558,#10559,#10560,#10561,#10562,
#10563,#10564,#10565,#10566,#10567,#10568,#10569,#10570,#10571,#10572,#10573,
#10574,#10575,#10576,#10577,#10578,#10579,#10580,#10581,#10582,#10583,#10584,
#10585,#10586,#10587,#10588,#10589,#10590),(#10591,#10592,#10593,#10594,
#10595,#10596,#10597,#10598,#10599,#10600,#10601,#10602,#10603,#10604,#10605,
#10606,#10607,#10608,#10609,#10610,#10611,#10612,#10613,#10614,#10615,#10616,
#10617,#10618,#10619,#10620,#10621,#10622,#10623,#10624,#10625,#10626,#10627,
#10628,#10629,#10630,#10631,#10632,#10633,#10634)),.RULED_SURF.,.F.,.F.,
 .F.,(2,2),(4,2,2,2,2,2,2,2,2,2,2,2,2,2,2,2,2,2,2,2,2,4),(0.,1.),(0.,0.125,
0.1875,0.21875,0.234375,0.2421875,0.24609375,0.248046875,0.25,0.375,0.4375,
0.46875,0.484375,0.4921875,0.49609375,0.5,0.625,0.6875,0.71875,0.734375,
0.75,1.),.UNSPECIFIED.);
#14=B_SPLINE_SURFACE_WITH_KNOTS('',1,3,((#10767,#10768,#10769,#10770,#10771,
#10772,#10773,#10774,#10775,#10776,#10777,#10778,#10779,#10780,#10781,#10782,
#10783,#10784,#10785,#10786,#10787,#10788,#10789,#10790,#10791,#10792,#10793,
#10794,#10795,#10796,#10797,#10798,#10799,#10800,#10801,#10802,#10803,#10804,
#10805,#10806,#10807,#10808,#10809,#10810,#10811,#10812),(#10813,#10814,
#10815,#10816,#10817,#10818,#10819,#10820,#10821,#10822,#10823,#10824,#10825,
#10826,#10827,#10828,#10829,#10830,#10831,#10832,#10833,#10834,#10835,#10836,
#10837,#10838,#10839,#10840,#10841,#10842,#10843,#10844,#10845,#10846,#10847,
#10848,#10849,#10850,#10851,#10852,#10853,#10854,#10855,#10856,#10857,#10858)),
 .RULED_SURF.,.F.,.F.,.F.,(2,2),(4,2,2,2,2,2,2,2,2,2,2,2,2,2,2,2,2,2,2,
2,2,2,4),(0.,1.),(0.,0.125,0.1875,0.21875,0.234375,0.25,0.375,0.4375,0.46875,
0.484375,0.4921875,0.49609375,0.5,0.625,0.6875,0.71875,0.734375,0.7421875,
0.74609375,0.748046875,0.75,0.875,1.),.UNSPECIFIED.);
#15=B_SPLINE_SURFACE_WITH_KNOTS('',1,3,((#10883,#10884,#10885,#10886,#10887,
#10888,#10889,#10890,#10891,#10892,#10893,#10894,#10895,#10896,#10897,#10898,
#10899,#10900,#10901,#10902,#10903,#10904,#10905,#10906,#10907,#10908,#10909,
#10910,#10911,#10912,#10913,#10914,#10915,#10916,#10917,#10918,#10919,#10920,
#10921,#10922,#10923,#10924,#10925,#10926),(#10927,#10928,#10929,#10930,
#10931,#10932,#10933,#10934,#10935,#10936,#10937,#10938,#10939,#10940,#10941,
#10942,#10943,#10944,#10945,#10946,#10947,#10948,#10949,#10950,#10951,#10952,
#10953,#10954,#10955,#10956,#10957,#10958,#10959,#10960,#10961,#10962,#10963,
#10964,#10965,#10966,#10967,#10968,#10969,#10970)),.RULED_SURF.,.F.,.F.,
 .F.,(2,2),(4,2,2,2,2,2,2,2,2,2,2,2,2,2,2,2,2,2,2,2,2,4),(0.,1.),(0.,0.125,
0.1875,0.21875,0.234375,0.2421875,0.24609375,0.248046875,0.25,0.375,0.4375,
0.46875,0.484375,0.4921875,0.49609375,0.5,0.625,0.6875,0.71875,0.734375,
0.75,1.),.UNSPECIFIED.);
#16=B_SPLINE_SURFACE_WITH_KNOTS('',1,3,((#11065,#11066,#11067,#11068,#11069,
#11070,#11071,#11072,#11073,#11074,#11075,#11076,#11077,#11078,#11079,#11080,
#11081,#11082,#11083,#11084,#11085,#11086,#11087,#11088,#11089,#11090,#11091,
#11092,#11093,#11094,#11095,#11096,#11097,#11098,#11099,#11100,#11101,#11102,
#11103,#11104,#11105,#11106,#11107,#11108),(#11109,#11110,#11111,#11112,
#11113,#11114,#11115,#11116,#11117,#11118,#11119,#11120,#11121,#11122,#11123,
#11124,#11125,#11126,#11127,#11128,#11129,#11130,#11131,#11132,#11133,#11134,
#11135,#11136,#11137,#11138,#11139,#11140,#11141,#11142,#11143,#11144,#11145,
#11146,#11147,#11148,#11149,#11150,#11151,#11152)),.RULED_SURF.,.F.,.F.,
 .F.,(2,2),(4,2,2,2,2,2,2,2,2,2,2,2,2,2,2,2,2,2,2,2,2,4),(0.,1.),(0.,0.125,
0.1875,0.21875,0.234375,0.2421875,0.24609375,0.248046875,0.25,0.375,0.4375,
0.46875,0.484375,0.4921875,0.49609375,0.5,0.625,0.6875,0.71875,0.734375,
0.75,1.),.UNSPECIFIED.);
#17=B_SPLINE_SURFACE_WITH_KNOTS('',1,3,((#11177,#11178,#11179,#11180,#11181,
#11182,#11183,#11184,#11185,#11186,#11187,#11188,#11189,#11190,#11191,#11192,
#11193,#11194,#11195,#11196,#11197,#11198,#11199,#11200,#11201,#11202,#11203,
#11204,#11205,#11206,#11207,#11208,#11209,#11210,#11211,#11212,#11213,#11214,
#11215,#11216,#11217,#11218,#11219,#11220,#11221,#11222),(#11223,#11224,
#11225,#11226,#11227,#11228,#11229,#11230,#11231,#11232,#11233,#11234,#11235,
#11236,#11237,#11238,#11239,#11240,#11241,#11242,#11243,#11244,#11245,#11246,
#11247,#11248,#11249,#11250,#11251,#11252,#11253,#11254,#11255,#11256,#11257,
#11258,#11259,#11260,#11261,#11262,#11263,#11264,#11265,#11266,#11267,#11268)),
 .RULED_SURF.,.F.,.F.,.F.,(2,2),(4,2,2,2,2,2,2,2,2,2,2,2,2,2,2,2,2,2,2,
2,2,2,4),(0.,1.),(0.,0.125,0.1875,0.21875,0.234375,0.25,0.375,0.4375,0.46875,
0.484375,0.4921875,0.49609375,0.5,0.625,0.6875,0.71875,0.734375,0.7421875,
0.74609375,0.748046875,0.75,0.875,1.),.UNSPECIFIED.);
#18=B_SPLINE_SURFACE_WITH_KNOTS('',1,3,((#11295,#11296,#11297,#11298,#11299,
#11300,#11301,#11302,#11303,#11304,#11305,#11306,#11307,#11308,#11309,#11310,
#11311,#11312,#11313,#11314,#11315,#11316,#11317,#11318,#11319,#11320,#11321,
#11322,#11323,#11324,#11325,#11326,#11327,#11328,#11329,#11330,#11331,#11332,
#11333,#11334,#11335,#11336,#11337,#11338,#11339,#11340),(#11341,#11342,
#11343,#11344,#11345,#11346,#11347,#11348,#11349,#11350,#11351,#11352,#11353,
#11354,#11355,#11356,#11357,#11358,#11359,#11360,#11361,#11362,#11363,#11364,
#11365,#11366,#11367,#11368,#11369,#11370,#11371,#11372,#11373,#11374,#11375,
#11376,#11377,#11378,#11379,#11380,#11381,#11382,#11383,#11384,#11385,#11386)),
 .RULED_SURF.,.F.,.F.,.F.,(2,2),(4,2,2,2,2,2,2,2,2,2,2,2,2,2,2,2,2,2,2,
2,2,2,4),(0.,1.),(0.,0.125,0.1875,0.21875,0.234375,0.25,0.375,0.4375,0.46875,
0.484375,0.4921875,0.49609375,0.5,0.625,0.6875,0.71875,0.734375,0.7421875,
0.74609375,0.748046875,0.75,0.875,1.),.UNSPECIFIED.);
#19=B_SPLINE_SURFACE_WITH_KNOTS('',1,3,((#11417,#11418,#11419,#11420,#11421,
#11422,#11423,#11424,#11425,#11426,#11427,#11428,#11429,#11430,#11431,#11432,
#11433,#11434,#11435,#11436,#11437,#11438,#11439,#11440,#11441,#11442,#11443,
#11444,#11445,#11446,#11447,#11448,#11449,#11450,#11451,#11452,#11453,#11454,
#11455,#11456,#11457,#11458,#11459,#11460),(#11461,#11462,#11463,#11464,
#11465,#11466,#11467,#11468,#11469,#11470,#11471,#11472,#11473,#11474,#11475,
#11476,#11477,#11478,#11479,#11480,#11481,#11482,#11483,#11484,#11485,#11486,
#11487,#11488,#11489,#11490,#11491,#11492,#11493,#11494,#11495,#11496,#11497,
#11498,#11499,#11500,#11501,#11502,#11503,#11504)),.RULED_SURF.,.F.,.F.,
 .F.,(2,2),(4,2,2,2,2,2,2,2,2,2,2,2,2,2,2,2,2,2,2,2,2,4),(0.,1.),(0.,0.125,
0.1875,0.21875,0.234375,0.2421875,0.24609375,0.248046875,0.25,0.375,0.4375,
0.46875,0.484375,0.4921875,0.49609375,0.5,0.625,0.6875,0.71875,0.734375,
0.75,1.),.UNSPECIFIED.);
#20=B_SPLINE_SURFACE_WITH_KNOTS('',1,3,((#11539,#11540,#11541,#11542,#11543,
#11544,#11545,#11546,#11547,#11548,#11549,#11550,#11551,#11552,#11553,#11554,
#11555,#11556,#11557,#11558,#11559,#11560,#11561,#11562,#11563,#11564,#11565,
#11566,#11567,#11568,#11569,#11570,#11571,#11572,#11573,#11574,#11575,#11576,
#11577,#11578,#11579,#11580,#11581,#11582),(#11583,#11584,#11585,#11586,
#11587,#11588,#11589,#11590,#11591,#11592,#11593,#11594,#11595,#11596,#11597,
#11598,#11599,#11600,#11601,#11602,#11603,#11604,#11605,#11606,#11607,#11608,
#11609,#11610,#11611,#11612,#11613,#11614,#11615,#11616,#11617,#11618,#11619,
#11620,#11621,#11622,#11623,#11624,#11625,#11626)),.RULED_SURF.,.F.,.F.,
 .F.,(2,2),(4,2,2,2,2,2,2,2,2,2,2,2,2,2,2,2,2,2,2,2,2,4),(0.,1.),(0.,0.125,
0.1875,0.21875,0.234375,0.2421875,0.24609375,0.248046875,0.25,0.375,0.4375,
0.46875,0.484375,0.4921875,0.49609375,0.5,0.625,0.6875,0.71875,0.734375,
0.75,1.),.UNSPECIFIED.);
#21=B_SPLINE_SURFACE_WITH_KNOTS('',1,3,((#11657,#11658,#11659,#11660,#11661,
#11662,#11663,#11664,#11665,#11666,#11667,#11668,#11669,#11670,#11671,#11672,
#11673,#11674,#11675,#11676,#11677,#11678,#11679,#11680,#11681,#11682,#11683,
#11684,#11685,#11686,#11687,#11688,#11689,#11690,#11691,#11692,#11693,#11694,
#11695,#11696,#11697,#11698,#11699,#11700,#11701,#11702),(#11703,#11704,
#11705,#11706,#11707,#11708,#11709,#11710,#11711,#11712,#11713,#11714,#11715,
#11716,#11717,#11718,#11719,#11720,#11721,#11722,#11723,#11724,#11725,#11726,
#11727,#11728,#11729,#11730,#11731,#11732,#11733,#11734,#11735,#11736,#11737,
#11738,#11739,#11740,#11741,#11742,#11743,#11744,#11745,#11746,#11747,#11748)),
 .RULED_SURF.,.F.,.F.,.F.,(2,2),(4,2,2,2,2,2,2,2,2,2,2,2,2,2,2,2,2,2,2,
2,2,2,4),(0.,1.),(0.,0.125,0.1875,0.21875,0.234375,0.25,0.375,0.4375,0.46875,
0.484375,0.4921875,0.49609375,0.5,0.625,0.6875,0.71875,0.734375,0.7421875,
0.74609375,0.748046875,0.75,0.875,1.),.UNSPECIFIED.);
#22=B_SPLINE_SURFACE_WITH_KNOTS('',1,3,((#11841,#11842,#11843,#11844,#11845,
#11846,#11847,#11848,#11849,#11850,#11851,#11852,#11853,#11854,#11855,#11856,
#11857,#11858,#11859,#11860,#11861,#11862,#11863,#11864,#11865,#11866,#11867,
#11868,#11869,#11870,#11871,#11872,#11873,#11874,#11875,#11876,#11877,#11878,
#11879,#11880,#11881,#11882,#11883,#11884),(#11885,#11886,#11887,#11888,
#11889,#11890,#11891,#11892,#11893,#11894,#11895,#11896,#11897,#11898,#11899,
#11900,#11901,#11902,#11903,#11904,#11905,#11906,#11907,#11908,#11909,#11910,
#11911,#11912,#11913,#11914,#11915,#11916,#11917,#11918,#11919,#11920,#11921,
#11922,#11923,#11924,#11925,#11926,#11927,#11928)),.RULED_SURF.,.F.,.F.,
 .F.,(2,2),(4,2,2,2,2,2,2,2,2,2,2,2,2,2,2,2,2,2,2,2,2,4),(0.,1.),(0.,0.125,
0.1875,0.21875,0.234375,0.2421875,0.24609375,0.248046875,0.25,0.375,0.4375,
0.46875,0.484375,0.4921875,0.49609375,0.5,0.625,0.6875,0.71875,0.734375,
0.75,1.),.UNSPECIFIED.);
#23=B_SPLINE_SURFACE_WITH_KNOTS('',1,3,((#11953,#11954,#11955,#11956,#11957,
#11958,#11959,#11960,#11961,#11962,#11963,#11964,#11965,#11966,#11967,#11968,
#11969,#11970,#11971,#11972,#11973,#11974,#11975,#11976,#11977,#11978,#11979,
#11980,#11981,#11982,#11983,#11984,#11985,#11986,#11987,#11988,#11989,#11990,
#11991,#11992,#11993,#11994,#11995,#11996,#11997,#11998),(#11999,#12000,
#12001,#12002,#12003,#12004,#12005,#12006,#12007,#12008,#12009,#12010,#12011,
#12012,#12013,#12014,#12015,#12016,#12017,#12018,#12019,#12020,#12021,#12022,
#12023,#12024,#12025,#12026,#12027,#12028,#12029,#12030,#12031,#12032,#12033,
#12034,#12035,#12036,#12037,#12038,#12039,#12040,#12041,#12042,#12043,#12044)),
 .RULED_SURF.,.F.,.F.,.F.,(2,2),(4,2,2,2,2,2,2,2,2,2,2,2,2,2,2,2,2,2,2,
2,2,2,4),(0.,1.),(0.,0.125,0.1875,0.21875,0.234375,0.25,0.375,0.4375,0.46875,
0.484375,0.4921875,0.49609375,0.5,0.625,0.6875,0.71875,0.734375,0.7421875,
0.74609375,0.748046875,0.75,0.875,1.),.UNSPECIFIED.);
#24=B_SPLINE_SURFACE_WITH_KNOTS('',1,3,((#12129,#12130,#12131,#12132,#12133,
#12134,#12135,#12136,#12137,#12138,#12139,#12140,#12141,#12142,#12143,#12144,
#12145,#12146,#12147,#12148,#12149,#12150,#12151,#12152,#12153,#12154,#12155,
#12156,#12157,#12158,#12159,#12160,#12161,#12162,#12163,#12164,#12165,#12166,
#12167,#12168,#12169,#12170,#12171,#12172,#12173,#12174),(#12175,#12176,
#12177,#12178,#12179,#12180,#12181,#12182,#12183,#12184,#12185,#12186,#12187,
#12188,#12189,#12190,#12191,#12192,#12193,#12194,#12195,#12196,#12197,#12198,
#12199,#12200,#12201,#12202,#12203,#12204,#12205,#12206,#12207,#12208,#12209,
#12210,#12211,#12212,#12213,#12214,#12215,#12216,#12217,#12218,#12219,#12220)),
 .RULED_SURF.,.F.,.F.,.F.,(2,2),(4,2,2,2,2,2,2,2,2,2,2,2,2,2,2,2,2,2,2,
2,2,2,4),(0.,1.),(0.,0.125,0.1875,0.21875,0.234375,0.25,0.375,0.4375,0.46875,
0.484375,0.4921875,0.49609375,0.5,0.625,0.6875,0.71875,0.734375,0.7421875,
0.74609375,0.748046875,0.75,0.875,1.),.UNSPECIFIED.);
#25=B_SPLINE_SURFACE_WITH_KNOTS('',1,3,((#12245,#12246,#12247,#12248,#12249,
#12250,#12251,#12252,#12253,#12254,#12255,#12256,#12257,#12258,#12259,#12260,
#12261,#12262,#12263,#12264,#12265,#12266,#12267,#12268,#12269,#12270,#12271,
#12272,#12273,#12274,#12275,#12276,#12277,#12278,#12279,#12280,#12281,#12282,
#12283,#12284,#12285,#12286,#12287,#12288),(#12289,#12290,#12291,#12292,
#12293,#12294,#12295,#12296,#12297,#12298,#12299,#12300,#12301,#12302,#12303,
#12304,#12305,#12306,#12307,#12308,#12309,#12310,#12311,#12312,#12313,#12314,
#12315,#12316,#12317,#12318,#12319,#12320,#12321,#12322,#12323,#12324,#12325,
#12326,#12327,#12328,#12329,#12330,#12331,#12332)),.RULED_SURF.,.F.,.F.,
 .F.,(2,2),(4,2,2,2,2,2,2,2,2,2,2,2,2,2,2,2,2,2,2,2,2,4),(0.,1.),(0.,0.125,
0.1875,0.21875,0.234375,0.2421875,0.24609375,0.248046875,0.25,0.375,0.4375,
0.46875,0.484375,0.4921875,0.49609375,0.5,0.625,0.6875,0.71875,0.734375,
0.75,1.),.UNSPECIFIED.);
#26=B_SPLINE_SURFACE_WITH_KNOTS('',1,3,((#12600,#12601,#12602,#12603,#12604,
#12605,#12606,#12607,#12608,#12609,#12610,#12611,#12612,#12613,#12614,#12615,
#12616,#12617,#12618,#12619,#12620,#12621,#12622,#12623,#12624,#12625,#12626,
#12627,#12628,#12629,#12630,#12631,#12632,#12633,#12634,#12635,#12636,#12637,
#12638,#12639,#12640,#12641,#12642,#12643,#12644,#12645,#12646,#12647,#12648,
#12649,#12650,#12651,#12652,#12653,#12654,#12655,#12656,#12657,#12658,#12659,
#12660,#12661),(#12662,#12663,#12664,#12665,#12666,#12667,#12668,#12669,
#12670,#12671,#12672,#12673,#12674,#12675,#12676,#12677,#12678,#12679,#12680,
#12681,#12682,#12683,#12684,#12685,#12686,#12687,#12688,#12689,#12690,#12691,
#12692,#12693,#12694,#12695,#12696,#12697,#12698,#12699,#12700,#12701,#12702,
#12703,#12704,#12705,#12706,#12707,#12708,#12709,#12710,#12711,#12712,#12713,
#12714,#12715,#12716,#12717,#12718,#12719,#12720,#12721,#12722,#12723)),
 .RULED_SURF.,.F.,.F.,.F.,(2,2),(4,2,2,2,2,2,2,2,2,2,2,2,2,2,2,2,2,2,2,
2,2,2,2,2,2,2,2,2,2,2,4),(0.,1.),(0.,0.125,0.1875,0.21875,0.234375,0.2421875,
0.25,0.375,0.4375,0.46875,0.484375,0.4921875,0.49609375,0.5,0.625,0.6875,
0.71875,0.734375,0.7421875,0.74609375,0.748046875,0.75,0.8125,0.84375,0.859375,
0.8671875,0.87109375,0.873046875,0.875,0.9375,1.),.UNSPECIFIED.);
#27=B_SPLINE_SURFACE_WITH_KNOTS('',1,3,((#12754,#12755,#12756,#12757,#12758,
#12759,#12760,#12761,#12762,#12763,#12764,#12765,#12766,#12767,#12768,#12769,
#12770,#12771,#12772,#12773,#12774,#12775,#12776,#12777,#12778,#12779,#12780,
#12781,#12782,#12783,#12784,#12785,#12786,#12787,#12788,#12789,#12790,#12791,
#12792,#12793,#12794,#12795,#12796,#12797,#12798,#12799,#12800,#12801,#12802,
#12803,#12804,#12805,#12806,#12807,#12808,#12809,#12810,#12811),(#12812,
#12813,#12814,#12815,#12816,#12817,#12818,#12819,#12820,#12821,#12822,#12823,
#12824,#12825,#12826,#12827,#12828,#12829,#12830,#12831,#12832,#12833,#12834,
#12835,#12836,#12837,#12838,#12839,#12840,#12841,#12842,#12843,#12844,#12845,
#12846,#12847,#12848,#12849,#12850,#12851,#12852,#12853,#12854,#12855,#12856,
#12857,#12858,#12859,#12860,#12861,#12862,#12863,#12864,#12865,#12866,#12867,
#12868,#12869)),.RULED_SURF.,.F.,.F.,.F.,(2,2),(4,2,2,2,2,2,2,2,2,2,2,2,
2,2,2,2,2,2,2,2,2,2,2,2,2,2,2,2,4),(0.,1.),(0.,0.0625,0.09375,0.109375,
0.1171875,0.12109375,0.123046875,0.125,0.1875,0.21875,0.234375,0.2421875,
0.24609375,0.248046875,0.25,0.375,0.4375,0.46875,0.484375,0.4921875,0.49609375,
0.5,0.625,0.6875,0.71875,0.734375,0.7421875,0.75,1.),.UNSPECIFIED.);
#28=B_SPLINE_SURFACE_WITH_KNOTS('',1,3,((#13433,#13434,#13435,#13436,#13437,
#13438,#13439,#13440,#13441,#13442,#13443,#13444,#13445,#13446,#13447,#13448,
#13449,#13450,#13451,#13452,#13453,#13454,#13455,#13456,#13457,#13458,#13459,
#13460,#13461,#13462,#13463,#13464),(#13465,#13466,#13467,#13468,#13469,
#13470,#13471,#13472,#13473,#13474,#13475,#13476,#13477,#13478,#13479,#13480,
#13481,#13482,#13483,#13484,#13485,#13486,#13487,#13488,#13489,#13490,#13491,
#13492,#13493,#13494,#13495,#13496)),.RULED_SURF.,.F.,.F.,.F.,(2,2),(4,
2,2,2,2,2,2,2,2,2,2,2,2,2,2,4),(0.,1.),(0.,0.125,0.1875,0.21875,0.234375,
0.2421875,0.24609375,0.25,0.375,0.4375,0.46875,0.484375,0.4921875,0.5,0.75,
1.),.UNSPECIFIED.);
#29=B_SPLINE_SURFACE_WITH_KNOTS('',1,3,((#13516,#13517,#13518,#13519,#13520,
#13521,#13522,#13523,#13524,#13525,#13526,#13527,#13528,#13529,#13530,#13531,
#13532,#13533,#13534,#13535,#13536,#13537,#13538,#13539,#13540,#13541,#13542,
#13543,#13544,#13545,#13546,#13547),(#13548,#13549,#13550,#13551,#13552,
#13553,#13554,#13555,#13556,#13557,#13558,#13559,#13560,#13561,#13562,#13563,
#13564,#13565,#13566,#13567,#13568,#13569,#13570,#13571,#13572,#13573,#13574,
#13575,#13576,#13577,#13578,#13579)),.RULED_SURF.,.F.,.F.,.F.,(2,2),(4,
2,2,2,2,2,2,2,2,2,2,2,2,2,2,4),(0.,1.),(0.,0.25,0.375,0.4375,0.46875,0.484375,
0.4921875,0.5,0.625,0.6875,0.71875,0.734375,0.7421875,0.74609375,0.75,1.),
 .UNSPECIFIED.);
#30=B_SPLINE_SURFACE_WITH_KNOTS('',1,3,((#13748,#13749,#13750,#13751,#13752,
#13753,#13754,#13755,#13756,#13757,#13758,#13759,#13760,#13761,#13762,#13763,
#13764,#13765,#13766,#13767,#13768,#13769,#13770,#13771,#13772,#13773,#13774,
#13775,#13776,#13777,#13778,#13779),(#13780,#13781,#13782,#13783,#13784,
#13785,#13786,#13787,#13788,#13789,#13790,#13791,#13792,#13793,#13794,#13795,
#13796,#13797,#13798,#13799,#13800,#13801,#13802,#13803,#13804,#13805,#13806,
#13807,#13808,#13809,#13810,#13811)),.RULED_SURF.,.F.,.F.,.F.,(2,2),(4,
2,2,2,2,2,2,2,2,2,2,2,2,2,2,4),(0.,1.),(0.,0.25,0.375,0.4375,0.46875,0.484375,
0.4921875,0.5,0.625,0.6875,0.71875,0.734375,0.7421875,0.74609375,0.75,1.),
 .UNSPECIFIED.);
#31=B_SPLINE_SURFACE_WITH_KNOTS('',1,3,((#13831,#13832,#13833,#13834,#13835,
#13836,#13837,#13838,#13839,#13840,#13841,#13842,#13843,#13844,#13845,#13846,
#13847,#13848,#13849,#13850,#13851,#13852,#13853,#13854,#13855,#13856,#13857,
#13858,#13859,#13860,#13861,#13862),(#13863,#13864,#13865,#13866,#13867,
#13868,#13869,#13870,#13871,#13872,#13873,#13874,#13875,#13876,#13877,#13878,
#13879,#13880,#13881,#13882,#13883,#13884,#13885,#13886,#13887,#13888,#13889,
#13890,#13891,#13892,#13893,#13894)),.RULED_SURF.,.F.,.F.,.F.,(2,2),(4,
2,2,2,2,2,2,2,2,2,2,2,2,2,2,4),(0.,1.),(0.,0.125,0.1875,0.21875,0.234375,
0.2421875,0.24609375,0.25,0.375,0.4375,0.46875,0.484375,0.4921875,0.5,0.75,
1.),.UNSPECIFIED.);
#32=B_SPLINE_SURFACE_WITH_KNOTS('',1,3,((#13915,#13916,#13917,#13918,#13919,
#13920,#13921,#13922,#13923,#13924,#13925,#13926,#13927,#13928,#13929,#13930,
#13931,#13932,#13933,#13934,#13935,#13936,#13937,#13938,#13939,#13940,#13941,
#13942,#13943,#13944,#13945,#13946,#13947,#13948,#13949,#13950,#13951,#13952,
#13953,#13954,#13955,#13956,#13957,#13958,#13959,#13960,#13961,#13962,#13963,
#13964,#13965,#13966,#13967,#13968,#13969,#13970,#13971,#13972),(#13973,
#13974,#13975,#13976,#13977,#13978,#13979,#13980,#13981,#13982,#13983,#13984,
#13985,#13986,#13987,#13988,#13989,#13990,#13991,#13992,#13993,#13994,#13995,
#13996,#13997,#13998,#13999,#14000,#14001,#14002,#14003,#14004,#14005,#14006,
#14007,#14008,#14009,#14010,#14011,#14012,#14013,#14014,#14015,#14016,#14017,
#14018,#14019,#14020,#14021,#14022,#14023,#14024,#14025,#14026,#14027,#14028,
#14029,#14030)),.RULED_SURF.,.F.,.F.,.F.,(2,2),(4,2,2,2,2,2,2,2,2,2,2,2,
2,2,2,2,2,2,2,2,2,2,2,2,2,2,2,2,4),(0.,1.),(0.,0.0625,0.09375,0.109375,
0.1171875,0.12109375,0.123046875,0.125,0.1875,0.21875,0.234375,0.2421875,
0.24609375,0.248046875,0.25,0.375,0.4375,0.46875,0.484375,0.4921875,0.49609375,
0.5,0.625,0.6875,0.71875,0.734375,0.7421875,0.75,1.),.UNSPECIFIED.);
#33=B_SPLINE_SURFACE_WITH_KNOTS('',1,3,((#14061,#14062,#14063,#14064,#14065,
#14066,#14067,#14068,#14069,#14070,#14071,#14072,#14073,#14074,#14075,#14076,
#14077,#14078,#14079,#14080,#14081,#14082,#14083,#14084,#14085,#14086,#14087,
#14088,#14089,#14090,#14091,#14092,#14093,#14094,#14095,#14096,#14097,#14098,
#14099,#14100,#14101,#14102,#14103,#14104,#14105,#14106,#14107,#14108,#14109,
#14110,#14111,#14112,#14113,#14114,#14115,#14116,#14117,#14118,#14119,#14120,
#14121,#14122),(#14123,#14124,#14125,#14126,#14127,#14128,#14129,#14130,
#14131,#14132,#14133,#14134,#14135,#14136,#14137,#14138,#14139,#14140,#14141,
#14142,#14143,#14144,#14145,#14146,#14147,#14148,#14149,#14150,#14151,#14152,
#14153,#14154,#14155,#14156,#14157,#14158,#14159,#14160,#14161,#14162,#14163,
#14164,#14165,#14166,#14167,#14168,#14169,#14170,#14171,#14172,#14173,#14174,
#14175,#14176,#14177,#14178,#14179,#14180,#14181,#14182,#14183,#14184)),
 .RULED_SURF.,.F.,.F.,.F.,(2,2),(4,2,2,2,2,2,2,2,2,2,2,2,2,2,2,2,2,2,2,
2,2,2,2,2,2,2,2,2,2,2,4),(0.,1.),(0.,0.125,0.1875,0.21875,0.234375,0.2421875,
0.25,0.375,0.4375,0.46875,0.484375,0.4921875,0.49609375,0.5,0.625,0.6875,
0.71875,0.734375,0.7421875,0.74609375,0.748046875,0.75,0.8125,0.84375,0.859375,
0.8671875,0.87109375,0.873046875,0.875,0.9375,1.),.UNSPECIFIED.);
#34=B_SPLINE_CURVE_WITH_KNOTS('',3,(#10146,#10147,#10148,#10149),
 .UNSPECIFIED.,.F.,.F.,(4,4),(0.,1.),.UNSPECIFIED.);
#35=B_SPLINE_CURVE_WITH_KNOTS('',3,(#10150,#10151,#10152,#10153),
 .UNSPECIFIED.,.F.,.F.,(4,4),(0.,1.),.UNSPECIFIED.);
#36=B_SPLINE_CURVE_WITH_KNOTS('',3,(#10155,#10156,#10157,#10158),
 .UNSPECIFIED.,.F.,.F.,(4,4),(0.,1.),.UNSPECIFIED.);
#37=B_SPLINE_CURVE_WITH_KNOTS('',3,(#10159,#10160,#10161,#10162),
 .UNSPECIFIED.,.F.,.F.,(4,4),(0.,1.),.UNSPECIFIED.);
#38=B_SPLINE_CURVE_WITH_KNOTS('',3,(#10164,#10165,#10166,#10167),
 .UNSPECIFIED.,.F.,.F.,(4,4),(0.,1.),.UNSPECIFIED.);
#39=B_SPLINE_CURVE_WITH_KNOTS('',3,(#10168,#10169,#10170,#10171),
 .UNSPECIFIED.,.F.,.F.,(4,4),(0.,1.),.UNSPECIFIED.);
#40=B_SPLINE_CURVE_WITH_KNOTS('',3,(#10173,#10174,#10175,#10176),
 .UNSPECIFIED.,.F.,.F.,(4,4),(0.,1.),.UNSPECIFIED.);
#41=B_SPLINE_CURVE_WITH_KNOTS('',3,(#10177,#10178,#10179,#10180),
 .UNSPECIFIED.,.F.,.F.,(4,4),(0.,1.),.UNSPECIFIED.);
#42=B_SPLINE_CURVE_WITH_KNOTS('',3,(#10269,#10270,#10271,#10272,#10273,
#10274,#10275,#10276,#10277,#10278,#10279,#10280),.UNSPECIFIED.,.F.,.F.,
(4,1,1,1,1,1,1,1,1,4),(0.,0.125,0.1875,0.25,0.3125,0.375,0.5,0.625,0.75,
1.),.UNSPECIFIED.);
#43=B_SPLINE_CURVE_WITH_KNOTS('',3,(#10282,#10283,#10284,#10285),
 .UNSPECIFIED.,.F.,.F.,(4,4),(0.,1.),.UNSPECIFIED.);
#44=B_SPLINE_CURVE_WITH_KNOTS('',3,(#10287,#10288,#10289,#10290,#10291,
#10292,#10293,#10294,#10295,#10296,#10297,#10298),.UNSPECIFIED.,.F.,.F.,
(4,1,1,1,1,1,1,1,1,4),(0.,0.125,0.1875,0.25,0.3125,0.375,0.5,0.625,0.75,
1.),.UNSPECIFIED.);
#45=B_SPLINE_CURVE_WITH_KNOTS('',3,(#10391,#10392,#10393,#10394),
 .UNSPECIFIED.,.F.,.F.,(4,4),(0.,1.),.UNSPECIFIED.);
#46=B_SPLINE_CURVE_WITH_KNOTS('',3,(#10397,#10398,#10399,#10400,#10401,
#10402,#10403,#10404,#10405,#10406,#10407,#10408),.UNSPECIFIED.,.F.,.F.,
(4,1,1,1,1,1,1,1,1,4),(0.,0.25,0.375,0.5,0.625,0.6875,0.75,0.8125,0.875,
1.),.UNSPECIFIED.);
#47=B_SPLINE_CURVE_WITH_KNOTS('',3,(#10409,#10410,#10411,#10412,#10413,
#10414,#10415,#10416,#10417,#10418,#10419,#10420),.UNSPECIFIED.,.F.,.F.,
(4,1,1,1,1,1,1,1,1,4),(0.,0.25,0.375,0.5,0.625,0.6875,0.75,0.8125,0.875,
1.),.UNSPECIFIED.);
#48=B_SPLINE_CURVE_WITH_KNOTS('',3,(#10517,#10518,#10519,#10520),
 .UNSPECIFIED.,.F.,.F.,(4,4),(0.,1.),.UNSPECIFIED.);
#49=B_SPLINE_CURVE_WITH_KNOTS('',3,(#10523,#10524,#10525,#10526,#10527,
#10528,#10529,#10530,#10531,#10532,#10533,#10534),.UNSPECIFIED.,.F.,.F.,
(4,1,1,1,1,1,1,1,1,4),(0.,0.25,0.375,0.5,0.625,0.6875,0.75,0.8125,0.875,
1.),.UNSPECIFIED.);
#50=B_SPLINE_CURVE_WITH_KNOTS('',3,(#10535,#10536,#10537,#10538,#10539,
#10540,#10541,#10542,#10543,#10544,#10545,#10546),.UNSPECIFIED.,.F.,.F.,
(4,1,1,1,1,1,1,1,1,4),(0.,0.25,0.375,0.5,0.625,0.6875,0.75,0.8125,0.875,
1.),.UNSPECIFIED.);
#51=B_SPLINE_CURVE_WITH_KNOTS('',3,(#10635,#10636,#10637,#10638,#10639,
#10640,#10641,#10642,#10643,#10644,#10645,#10646),.UNSPECIFIED.,.F.,.F.,
(4,1,1,1,1,1,1,1,1,4),(0.,0.125,0.1875,0.25,0.3125,0.375,0.5,0.625,0.75,
1.),.UNSPECIFIED.);
#52=B_SPLINE_CURVE_WITH_KNOTS('',3,(#10648,#10649,#10650,#10651),
 .UNSPECIFIED.,.F.,.F.,(4,4),(0.,1.),.UNSPECIFIED.);
#53=B_SPLINE_CURVE_WITH_KNOTS('',3,(#10653,#10654,#10655,#10656,#10657,
#10658,#10659,#10660,#10661,#10662,#10663,#10664),.UNSPECIFIED.,.F.,.F.,
(4,1,1,1,1,1,1,1,1,4),(0.,0.125,0.1875,0.25,0.3125,0.375,0.5,0.625,0.75,
1.),.UNSPECIFIED.);
#54=B_SPLINE_CURVE_WITH_KNOTS('',3,(#10672,#10673,#10674,#10675),
 .UNSPECIFIED.,.F.,.F.,(4,4),(0.,1.),.UNSPECIFIED.);
#55=B_SPLINE_CURVE_WITH_KNOTS('',3,(#10679,#10680,#10681,#10682),
 .UNSPECIFIED.,.F.,.F.,(4,4),(0.,1.),.UNSPECIFIED.);
#56=B_SPLINE_CURVE_WITH_KNOTS('',3,(#10733,#10734,#10735,#10736),
 .UNSPECIFIED.,.F.,.F.,(4,4),(0.,1.),.UNSPECIFIED.);
#57=B_SPLINE_CURVE_WITH_KNOTS('',3,(#10759,#10760,#10761,#10762),
 .UNSPECIFIED.,.F.,.F.,(4,4),(0.,1.),.UNSPECIFIED.);
#58=B_SPLINE_CURVE_WITH_KNOTS('',3,(#10859,#10860,#10861,#10862,#10863,
#10864,#10865,#10866,#10867,#10868,#10869,#10870),.UNSPECIFIED.,.F.,.F.,
(4,1,1,1,1,1,1,1,1,4),(0.,0.25,0.375,0.5,0.625,0.6875,0.75,0.8125,0.875,
1.),.UNSPECIFIED.);
#59=B_SPLINE_CURVE_WITH_KNOTS('',3,(#10871,#10872,#10873,#10874,#10875,
#10876,#10877,#10878,#10879,#10880,#10881,#10882),.UNSPECIFIED.,.F.,.F.,
(4,1,1,1,1,1,1,1,1,4),(0.,0.25,0.375,0.5,0.625,0.6875,0.75,0.8125,0.875,
1.),.UNSPECIFIED.);
#60=B_SPLINE_CURVE_WITH_KNOTS('',3,(#10971,#10972,#10973,#10974,#10975,
#10976,#10977,#10978,#10979,#10980,#10981,#10982),.UNSPECIFIED.,.F.,.F.,
(4,1,1,1,1,1,1,1,1,4),(0.,0.125,0.1875,0.25,0.3125,0.375,0.5,0.625,0.75,
1.),.UNSPECIFIED.);
#61=B_SPLINE_CURVE_WITH_KNOTS('',3,(#10983,#10984,#10985,#10986,#10987,
#10988,#10989,#10990,#10991,#10992,#10993,#10994),.UNSPECIFIED.,.F.,.F.,
(4,1,1,1,1,1,1,1,1,4),(0.,0.125,0.1875,0.25,0.3125,0.375,0.5,0.625,0.75,
1.),.UNSPECIFIED.);
#62=B_SPLINE_CURVE_WITH_KNOTS('',3,(#10998,#10999,#11000,#11001),
 .UNSPECIFIED.,.F.,.F.,(4,4),(0.,1.),.UNSPECIFIED.);
#63=B_SPLINE_CURVE_WITH_KNOTS('',3,(#11009,#11010,#11011,#11012),
 .UNSPECIFIED.,.F.,.F.,(4,4),(0.,1.),.UNSPECIFIED.);
#64=B_SPLINE_CURVE_WITH_KNOTS('',3,(#11031,#11032,#11033,#11034),
 .UNSPECIFIED.,.F.,.F.,(4,4),(0.,1.),.UNSPECIFIED.);
#65=B_SPLINE_CURVE_WITH_KNOTS('',3,(#11057,#11058,#11059,#11060),
 .UNSPECIFIED.,.F.,.F.,(4,4),(0.,1.),.UNSPECIFIED.);
#66=B_SPLINE_CURVE_WITH_KNOTS('',3,(#11153,#11154,#11155,#11156,#11157,
#11158,#11159,#11160,#11161,#11162,#11163,#11164),.UNSPECIFIED.,.F.,.F.,
(4,1,1,1,1,1,1,1,1,4),(0.,0.125,0.1875,0.25,0.3125,0.375,0.5,0.625,0.75,
1.),.UNSPECIFIED.);
#67=B_SPLINE_CURVE_WITH_KNOTS('',3,(#11165,#11166,#11167,#11168,#11169,
#11170,#11171,#11172,#11173,#11174,#11175,#11176),.UNSPECIFIED.,.F.,.F.,
(4,1,1,1,1,1,1,1,1,4),(0.,0.125,0.1875,0.25,0.3125,0.375,0.5,0.625,0.75,
1.),.UNSPECIFIED.);
#68=B_SPLINE_CURVE_WITH_KNOTS('',3,(#11269,#11270,#11271,#11272,#11273,
#11274,#11275,#11276,#11277,#11278,#11279,#11280),.UNSPECIFIED.,.F.,.F.,
(4,1,1,1,1,1,1,1,1,4),(0.,0.25,0.375,0.5,0.625,0.6875,0.75,0.8125,0.875,
1.),.UNSPECIFIED.);
#69=B_SPLINE_CURVE_WITH_KNOTS('',3,(#11281,#11282,#11283,#11284,#11285,
#11286,#11287,#11288,#11289,#11290,#11291,#11292),.UNSPECIFIED.,.F.,.F.,
(4,1,1,1,1,1,1,1,1,4),(0.,0.25,0.375,0.5,0.625,0.6875,0.75,0.8125,0.875,
1.),.UNSPECIFIED.);
#70=B_SPLINE_CURVE_WITH_KNOTS('',3,(#11387,#11388,#11389,#11390),
 .UNSPECIFIED.,.F.,.F.,(4,4),(0.,1.),.UNSPECIFIED.);
#71=B_SPLINE_CURVE_WITH_KNOTS('',3,(#11393,#11394,#11395,#11396,#11397,
#11398,#11399,#11400,#11401,#11402,#11403,#11404),.UNSPECIFIED.,.F.,.F.,
(4,1,1,1,1,1,1,1,1,4),(0.,0.25,0.375,0.5,0.625,0.6875,0.75,0.8125,0.875,
1.),.UNSPECIFIED.);
#72=B_SPLINE_CURVE_WITH_KNOTS('',3,(#11405,#11406,#11407,#11408,#11409,
#11410,#11411,#11412,#11413,#11414,#11415,#11416),.UNSPECIFIED.,.F.,.F.,
(4,1,1,1,1,1,1,1,1,4),(0.,0.25,0.375,0.5,0.625,0.6875,0.75,0.8125,0.875,
1.),.UNSPECIFIED.);
#73=B_SPLINE_CURVE_WITH_KNOTS('',3,(#11505,#11506,#11507,#11508,#11509,
#11510,#11511,#11512,#11513,#11514,#11515,#11516),.UNSPECIFIED.,.F.,.F.,
(4,1,1,1,1,1,1,1,1,4),(0.,0.125,0.1875,0.25,0.3125,0.375,0.5,0.625,0.75,
1.),.UNSPECIFIED.);
#74=B_SPLINE_CURVE_WITH_KNOTS('',3,(#11518,#11519,#11520,#11521),
 .UNSPECIFIED.,.F.,.F.,(4,4),(0.,1.),.UNSPECIFIED.);
#75=B_SPLINE_CURVE_WITH_KNOTS('',3,(#11523,#11524,#11525,#11526,#11527,
#11528,#11529,#11530,#11531,#11532,#11533,#11534),.UNSPECIFIED.,.F.,.F.,
(4,1,1,1,1,1,1,1,1,4),(0.,0.125,0.1875,0.25,0.3125,0.375,0.5,0.625,0.75,
1.),.UNSPECIFIED.);
#76=B_SPLINE_CURVE_WITH_KNOTS('',3,(#11627,#11628,#11629,#11630,#11631,
#11632,#11633,#11634,#11635,#11636,#11637,#11638),.UNSPECIFIED.,.F.,.F.,
(4,1,1,1,1,1,1,1,1,4),(0.,0.125,0.1875,0.25,0.3125,0.375,0.5,0.625,0.75,
1.),.UNSPECIFIED.);
#77=B_SPLINE_CURVE_WITH_KNOTS('',3,(#11640,#11641,#11642,#11643),
 .UNSPECIFIED.,.F.,.F.,(4,4),(0.,1.),.UNSPECIFIED.);
#78=B_SPLINE_CURVE_WITH_KNOTS('',3,(#11645,#11646,#11647,#11648,#11649,
#11650,#11651,#11652,#11653,#11654,#11655,#11656),.UNSPECIFIED.,.F.,.F.,
(4,1,1,1,1,1,1,1,1,4),(0.,0.125,0.1875,0.25,0.3125,0.375,0.5,0.625,0.75,
1.),.UNSPECIFIED.);
#79=B_SPLINE_CURVE_WITH_KNOTS('',3,(#11749,#11750,#11751,#11752),
 .UNSPECIFIED.,.F.,.F.,(4,4),(0.,1.),.UNSPECIFIED.);
#80=B_SPLINE_CURVE_WITH_KNOTS('',3,(#11755,#11756,#11757,#11758,#11759,
#11760,#11761,#11762,#11763,#11764,#11765,#11766),.UNSPECIFIED.,.F.,.F.,
(4,1,1,1,1,1,1,1,1,4),(0.,0.25,0.375,0.5,0.625,0.6875,0.75,0.8125,0.875,
1.),.UNSPECIFIED.);
#81=B_SPLINE_CURVE_WITH_KNOTS('',3,(#11767,#11768,#11769,#11770,#11771,
#11772,#11773,#11774,#11775,#11776,#11777,#11778),.UNSPECIFIED.,.F.,.F.,
(4,1,1,1,1,1,1,1,1,4),(0.,0.25,0.375,0.5,0.625,0.6875,0.75,0.8125,0.875,
1.),.UNSPECIFIED.);
#82=B_SPLINE_CURVE_WITH_KNOTS('',3,(#11786,#11787,#11788,#11789),
 .UNSPECIFIED.,.F.,.F.,(4,4),(0.,1.),.UNSPECIFIED.);
#83=B_SPLINE_CURVE_WITH_KNOTS('',3,(#11793,#11794,#11795,#11796),
 .UNSPECIFIED.,.F.,.F.,(4,4),(0.,1.),.UNSPECIFIED.);
#84=B_SPLINE_CURVE_WITH_KNOTS('',3,(#11817,#11818,#11819,#11820),
 .UNSPECIFIED.,.F.,.F.,(4,4),(0.,1.),.UNSPECIFIED.);
#85=B_SPLINE_CURVE_WITH_KNOTS('',3,(#11833,#11834,#11835,#11836),
 .UNSPECIFIED.,.F.,.F.,(4,4),(0.,1.),.UNSPECIFIED.);
#86=B_SPLINE_CURVE_WITH_KNOTS('',3,(#11929,#11930,#11931,#11932,#11933,
#11934,#11935,#11936,#11937,#11938,#11939,#11940),.UNSPECIFIED.,.F.,.F.,
(4,1,1,1,1,1,1,1,1,4),(0.,0.125,0.1875,0.25,0.3125,0.375,0.5,0.625,0.75,
1.),.UNSPECIFIED.);
#87=B_SPLINE_CURVE_WITH_KNOTS('',3,(#11941,#11942,#11943,#11944,#11945,
#11946,#11947,#11948,#11949,#11950,#11951,#11952),.UNSPECIFIED.,.F.,.F.,
(4,1,1,1,1,1,1,1,1,4),(0.,0.125,0.1875,0.25,0.3125,0.375,0.5,0.625,0.75,
1.),.UNSPECIFIED.);
#88=B_SPLINE_CURVE_WITH_KNOTS('',3,(#12045,#12046,#12047,#12048,#12049,
#12050,#12051,#12052,#12053,#12054,#12055,#12056),.UNSPECIFIED.,.F.,.F.,
(4,1,1,1,1,1,1,1,1,4),(0.,0.25,0.375,0.5,0.625,0.6875,0.75,0.8125,0.875,
1.),.UNSPECIFIED.);
#89=B_SPLINE_CURVE_WITH_KNOTS('',3,(#12057,#12058,#12059,#12060,#12061,
#12062,#12063,#12064,#12065,#12066,#12067,#12068),.UNSPECIFIED.,.F.,.F.,
(4,1,1,1,1,1,1,1,1,4),(0.,0.25,0.375,0.5,0.625,0.6875,0.75,0.8125,0.875,
1.),.UNSPECIFIED.);
#90=B_SPLINE_CURVE_WITH_KNOTS('',3,(#12072,#12073,#12074,#12075),
 .UNSPECIFIED.,.F.,.F.,(4,4),(0.,1.),.UNSPECIFIED.);
#91=B_SPLINE_CURVE_WITH_KNOTS('',3,(#12083,#12084,#12085,#12086),
 .UNSPECIFIED.,.F.,.F.,(4,4),(0.,1.),.UNSPECIFIED.);
#92=B_SPLINE_CURVE_WITH_KNOTS('',3,(#12105,#12106,#12107,#12108),
 .UNSPECIFIED.,.F.,.F.,(4,4),(0.,1.),.UNSPECIFIED.);
#93=B_SPLINE_CURVE_WITH_KNOTS('',3,(#12121,#12122,#12123,#12124),
 .UNSPECIFIED.,.F.,.F.,(4,4),(0.,1.),.UNSPECIFIED.);
#94=B_SPLINE_CURVE_WITH_KNOTS('',3,(#12221,#12222,#12223,#12224,#12225,
#12226,#12227,#12228,#12229,#12230,#12231,#12232),.UNSPECIFIED.,.F.,.F.,
(4,1,1,1,1,1,1,1,1,4),(0.,0.25,0.375,0.5,0.625,0.6875,0.75,0.8125,0.875,
1.),.UNSPECIFIED.);
#95=B_SPLINE_CURVE_WITH_KNOTS('',3,(#12233,#12234,#12235,#12236,#12237,
#12238,#12239,#12240,#12241,#12242,#12243,#12244),.UNSPECIFIED.,.F.,.F.,
(4,1,1,1,1,1,1,1,1,4),(0.,0.25,0.375,0.5,0.625,0.6875,0.75,0.8125,0.875,
1.),.UNSPECIFIED.);
#96=B_SPLINE_CURVE_WITH_KNOTS('',3,(#12333,#12334,#12335,#12336,#12337,
#12338,#12339,#12340,#12341,#12342,#12343,#12344),.UNSPECIFIED.,.F.,.F.,
(4,1,1,1,1,1,1,1,1,4),(0.,0.125,0.1875,0.25,0.3125,0.375,0.5,0.625,0.75,
1.),.UNSPECIFIED.);
#97=B_SPLINE_CURVE_WITH_KNOTS('',3,(#12345,#12346,#12347,#12348,#12349,
#12350,#12351,#12352,#12353,#12354,#12355,#12356),.UNSPECIFIED.,.F.,.F.,
(4,1,1,1,1,1,1,1,1,4),(0.,0.125,0.1875,0.25,0.3125,0.375,0.5,0.625,0.75,
1.),.UNSPECIFIED.);
#98=B_SPLINE_CURVE_WITH_KNOTS('',3,(#12412,#12413,#12414,#12415),
 .UNSPECIFIED.,.F.,.F.,(4,4),(0.,1.),.UNSPECIFIED.);
#99=B_SPLINE_CURVE_WITH_KNOTS('',3,(#12555,#12556,#12557,#12558),
 .UNSPECIFIED.,.F.,.F.,(4,4),(0.,1.),.UNSPECIFIED.);
#100=B_SPLINE_CURVE_WITH_KNOTS('',3,(#12724,#12725,#12726,#12727,#12728,
#12729,#12730,#12731,#12732,#12733,#12734),.UNSPECIFIED.,.F.,.F.,(4,1,1,
1,1,1,1,1,4),(0.,0.25,0.375,0.5,0.625,0.75,0.875,0.9375,1.),
 .UNSPECIFIED.);
#101=B_SPLINE_CURVE_WITH_KNOTS('',3,(#12736,#12737,#12738,#12739),
 .UNSPECIFIED.,.F.,.F.,(4,4),(0.,1.),.UNSPECIFIED.);
#102=B_SPLINE_CURVE_WITH_KNOTS('',3,(#12741,#12742,#12743,#12744,#12745,
#12746,#12747,#12748,#12749,#12750,#12751,#12752,#12753),.UNSPECIFIED.,
 .F.,.F.,(4,1,1,1,1,1,1,1,1,1,4),(0.,0.25,0.375,0.5,0.625,0.6875,0.75,0.8125,
0.875,0.9375,1.),.UNSPECIFIED.);
#103=B_SPLINE_CURVE_WITH_KNOTS('',3,(#12870,#12871,#12872,#12873),
 .UNSPECIFIED.,.F.,.F.,(4,4),(0.,1.),.UNSPECIFIED.);
#104=B_SPLINE_CURVE_WITH_KNOTS('',3,(#12876,#12877,#12878,#12879,#12880,
#12881,#12882,#12883,#12884,#12885,#12886),.UNSPECIFIED.,.F.,.F.,(4,1,1,
1,1,1,1,1,4),(0.,0.0625,0.125,0.25,0.375,0.5,0.625,0.75,1.),
 .UNSPECIFIED.);
#105=B_SPLINE_CURVE_WITH_KNOTS('',3,(#12887,#12888,#12889,#12890,#12891,
#12892,#12893,#12894,#12895,#12896,#12897,#12898,#12899,#12900),
 .UNSPECIFIED.,.F.,.F.,(4,1,1,1,1,1,1,1,1,1,1,4),(0.,0.0625,0.09375,0.125,
0.1875,0.25,0.3125,0.375,0.5,0.625,0.75,1.),.UNSPECIFIED.);
#106=B_SPLINE_CURVE_WITH_KNOTS('',3,(#12969,#12970,#12971,#12972),
 .UNSPECIFIED.,.F.,.F.,(4,4),(0.,1.),.UNSPECIFIED.);
#107=B_SPLINE_CURVE_WITH_KNOTS('',3,(#13349,#13350,#13351,#13352),
 .UNSPECIFIED.,.F.,.F.,(4,4),(0.,1.),.UNSPECIFIED.);
#108=B_SPLINE_CURVE_WITH_KNOTS('',3,(#13406,#13407,#13408,#13409),
 .UNSPECIFIED.,.F.,.F.,(4,4),(0.,1.),.UNSPECIFIED.);
#109=B_SPLINE_CURVE_WITH_KNOTS('',3,(#13411,#13412,#13413,#13414),
 .UNSPECIFIED.,.F.,.F.,(4,4),(0.,1.),.UNSPECIFIED.);
#110=B_SPLINE_CURVE_WITH_KNOTS('',3,(#13416,#13417,#13418,#13419),
 .UNSPECIFIED.,.F.,.F.,(4,4),(0.,1.),.UNSPECIFIED.);
#111=B_SPLINE_CURVE_WITH_KNOTS('',3,(#13420,#13421,#13422,#13423),
 .UNSPECIFIED.,.F.,.F.,(4,4),(0.,1.),.UNSPECIFIED.);
#112=B_SPLINE_CURVE_WITH_KNOTS('',3,(#13425,#13426,#13427,#13428),
 .UNSPECIFIED.,.F.,.F.,(4,4),(0.,1.),.UNSPECIFIED.);
#113=B_SPLINE_CURVE_WITH_KNOTS('',3,(#13429,#13430,#13431,#13432),
 .UNSPECIFIED.,.F.,.F.,(4,4),(0.,1.),.UNSPECIFIED.);
#114=B_SPLINE_CURVE_WITH_KNOTS('',3,(#13497,#13498,#13499,#13500,#13501,
#13502,#13503,#13504,#13505),.UNSPECIFIED.,.F.,.F.,(4,1,1,1,1,1,4),(0.,
0.125,0.25,0.375,0.5,0.75,1.),.UNSPECIFIED.);
#115=B_SPLINE_CURVE_WITH_KNOTS('',3,(#13506,#13507,#13508,#13509,#13510,
#13511,#13512,#13513,#13514,#13515),.UNSPECIFIED.,.F.,.F.,(4,1,1,1,1,1,
1,4),(0.,0.125,0.25,0.375,0.5,0.625,0.75,1.),.UNSPECIFIED.);
#116=B_SPLINE_CURVE_WITH_KNOTS('',3,(#13580,#13581,#13582,#13583,#13584,
#13585,#13586,#13587,#13588),.UNSPECIFIED.,.F.,.F.,(4,1,1,1,1,1,4),(0.,
0.25,0.5,0.625,0.75,0.875,1.),.UNSPECIFIED.);
#117=B_SPLINE_CURVE_WITH_KNOTS('',3,(#13589,#13590,#13591,#13592,#13593,
#13594,#13595,#13596,#13597,#13598),.UNSPECIFIED.,.F.,.F.,(4,1,1,1,1,1,
1,4),(0.,0.25,0.375,0.5,0.625,0.75,0.875,1.),.UNSPECIFIED.);
#118=B_SPLINE_CURVE_WITH_KNOTS('',3,(#13643,#13644,#13645,#13646),
 .UNSPECIFIED.,.F.,.F.,(4,4),(0.,1.),.UNSPECIFIED.);
#119=B_SPLINE_CURVE_WITH_KNOTS('',3,(#13654,#13655,#13656,#13657),
 .UNSPECIFIED.,.F.,.F.,(4,4),(0.,1.),.UNSPECIFIED.);
#120=B_SPLINE_CURVE_WITH_KNOTS('',3,(#13812,#13813,#13814,#13815,#13816,
#13817,#13818,#13819,#13820),.UNSPECIFIED.,.F.,.F.,(4,1,1,1,1,1,4),(0.,
0.25,0.5,0.625,0.75,0.875,1.),.UNSPECIFIED.);
#121=B_SPLINE_CURVE_WITH_KNOTS('',3,(#13821,#13822,#13823,#13824,#13825,
#13826,#13827,#13828,#13829,#13830),.UNSPECIFIED.,.F.,.F.,(4,1,1,1,1,1,
1,4),(0.,0.25,0.375,0.5,0.625,0.75,0.875,1.),.UNSPECIFIED.);
#122=B_SPLINE_CURVE_WITH_KNOTS('',3,(#13895,#13896,#13897,#13898,#13899,
#13900,#13901,#13902,#13903),.UNSPECIFIED.,.F.,.F.,(4,1,1,1,1,1,4),(0.,
0.125,0.25,0.375,0.5,0.75,1.),.UNSPECIFIED.);
#123=B_SPLINE_CURVE_WITH_KNOTS('',3,(#13904,#13905,#13906,#13907,#13908,
#13909,#13910,#13911,#13912),.UNSPECIFIED.,.F.,.F.,(4,1,1,1,1,1,4),(0.,
0.125,0.25,0.375,0.5,0.75,1.),.UNSPECIFIED.);
#124=B_SPLINE_CURVE_WITH_KNOTS('',3,(#14031,#14032,#14033,#14034,#14035,
#14036,#14037,#14038,#14039,#14040,#14041),.UNSPECIFIED.,.F.,.F.,(4,1,1,
1,1,1,1,1,4),(0.,0.0625,0.125,0.25,0.375,0.5,0.625,0.75,1.),
 .UNSPECIFIED.);
#125=B_SPLINE_CURVE_WITH_KNOTS('',3,(#14043,#14044,#14045,#14046),
 .UNSPECIFIED.,.F.,.F.,(4,4),(0.,1.),.UNSPECIFIED.);
#126=B_SPLINE_CURVE_WITH_KNOTS('',3,(#14048,#14049,#14050,#14051,#14052,
#14053,#14054,#14055,#14056,#14057,#14058,#14059,#14060),.UNSPECIFIED.,
 .F.,.F.,(4,1,1,1,1,1,1,1,1,1,4),(0.,0.0625,0.125,0.1875,0.25,0.3125,0.375,
0.5,0.625,0.75,1.),.UNSPECIFIED.);
#127=B_SPLINE_CURVE_WITH_KNOTS('',3,(#14185,#14186,#14187,#14188),
 .UNSPECIFIED.,.F.,.F.,(4,4),(0.,1.),.UNSPECIFIED.);
#128=B_SPLINE_CURVE_WITH_KNOTS('',3,(#14191,#14192,#14193,#14194,#14195,
#14196,#14197,#14198,#14199,#14200,#14201),.UNSPECIFIED.,.F.,.F.,(4,1,1,
1,1,1,1,1,4),(0.,0.25,0.375,0.5,0.625,0.75,0.875,0.9375,1.),
 .UNSPECIFIED.);
#129=B_SPLINE_CURVE_WITH_KNOTS('',3,(#14202,#14203,#14204,#14205,#14206,
#14207,#14208,#14209,#14210,#14211,#14212,#14213,#14214,#14215),
 .UNSPECIFIED.,.F.,.F.,(4,1,1,1,1,1,1,1,1,1,1,4),(0.,0.25,0.375,0.5,0.625,
0.6875,0.75,0.8125,0.875,0.90625,0.9375,1.),.UNSPECIFIED.);
#130=SHAPE_REPRESENTATION_RELATIONSHIP('','',#7117,#137);
#131=SHAPE_REPRESENTATION_RELATIONSHIP('','',#7118,#138);
#132=SHAPE_REPRESENTATION_RELATIONSHIP('','',#7119,#139);
#133=SHAPE_REPRESENTATION_RELATIONSHIP('','',#7120,#140);
#134=SHAPE_REPRESENTATION_RELATIONSHIP('','',#7121,#141);
#135=SHAPE_REPRESENTATION_RELATIONSHIP('','',#7122,#142);
#136=SHAPE_REPRESENTATION_RELATIONSHIP('','',#7123,#143);
#137=ADVANCED_BREP_SHAPE_REPRESENTATION('',(#7103),#14410);
#138=ADVANCED_BREP_SHAPE_REPRESENTATION('',(#7104),#14411);
#139=ADVANCED_BREP_SHAPE_REPRESENTATION('',(#7105),#14412);
#140=ADVANCED_BREP_SHAPE_REPRESENTATION('',(#7106),#14413);
#141=ADVANCED_BREP_SHAPE_REPRESENTATION('',(#7107),#14414);
#142=ADVANCED_BREP_SHAPE_REPRESENTATION('',(#7108),#14415);
#143=ADVANCED_BREP_SHAPE_REPRESENTATION('',(#7109),#14416);
#144=CONICAL_SURFACE('',#7136,0.0015,0.785398163397);
#145=CONICAL_SURFACE('',#7139,0.0015,0.785398163397);
#146=CONICAL_SURFACE('',#7152,0.0015,0.785398163397);
#147=CONICAL_SURFACE('',#7154,0.0015,0.785398163397);
#148=CIRCLE('',#7127,0.0015);
#149=CIRCLE('',#7128,0.0015);
#150=CIRCLE('',#7131,0.0015);
#151=CIRCLE('',#7132,0.0015);
#152=CIRCLE('',#7133,0.0015);
#153=CIRCLE('',#7135,0.0015);
#154=CIRCLE('',#7137,0.000900000000000268);
#155=CIRCLE('',#7140,0.000900000000000268);
#156=CIRCLE('',#7142,0.000900000000000268);
#157=CIRCLE('',#7143,0.000900000000000268);
#158=CIRCLE('',#7146,0.0015);
#159=CIRCLE('',#7148,0.0015);
#160=CIRCLE('',#7185,0.0015);
#161=CIRCLE('',#7186,0.0015);
#162=CIRCLE('',#7188,0.0015);
#163=CIRCLE('',#7189,0.0015);
#164=CIRCLE('',#7191,0.0015);
#165=CIRCLE('',#7192,0.0015);
#166=CIRCLE('',#7194,0.0015);
#167=CIRCLE('',#7195,0.0015);
#168=CIRCLE('',#7197,0.0015);
#169=CIRCLE('',#7198,0.0015);
#170=CIRCLE('',#7200,0.0015);
#171=CIRCLE('',#7201,0.0015);
#172=CIRCLE('',#7203,0.0015);
#173=CIRCLE('',#7204,0.0015);
#174=CIRCLE('',#7206,0.0015);
#175=CIRCLE('',#7207,0.0015);
#176=CIRCLE('',#7209,0.0015);
#177=CIRCLE('',#7210,0.0015);
#178=CIRCLE('',#7212,0.0015);
#179=CIRCLE('',#7213,0.0015);
#180=CIRCLE('',#7216,0.0025);
#181=CIRCLE('',#7217,0.0025);
#182=CIRCLE('',#7218,0.0025);
#183=CIRCLE('',#7219,0.0025);
#184=CIRCLE('',#7220,0.005);
#185=CIRCLE('',#7221,0.005);
#186=CIRCLE('',#7222,0.005);
#187=CIRCLE('',#7223,0.005);
#188=CIRCLE('',#7225,0.0025);
#189=CIRCLE('',#7226,0.0025);
#190=CIRCLE('',#7227,0.0025);
#191=CIRCLE('',#7228,0.0025);
#192=CIRCLE('',#7229,0.005);
#193=CIRCLE('',#7230,0.005);
#194=CIRCLE('',#7231,0.005);
#195=CIRCLE('',#7232,0.005);
#196=CIRCLE('',#7244,0.001);
#197=CIRCLE('',#7245,0.001);
#198=CIRCLE('',#7246,0.001);
#199=CIRCLE('',#7247,0.001);
#200=CIRCLE('',#7249,0.001);
#201=CIRCLE('',#7251,0.001);
#202=CIRCLE('',#7253,0.001);
#203=CIRCLE('',#7254,0.001);
#204=CIRCLE('',#7263,0.0015);
#205=CIRCLE('',#7264,0.0015);
#206=CIRCLE('',#7265,0.0015);
#207=CIRCLE('',#7266,0.0015);
#208=CIRCLE('',#7267,0.0015);
#209=CIRCLE('',#7268,0.0015);
#210=CIRCLE('',#7269,0.0015);
#211=CIRCLE('',#7270,0.0015);
#212=CIRCLE('',#7272,0.0015);
#213=CIRCLE('',#7274,0.0015);
#214=CIRCLE('',#7276,0.0015);
#215=CIRCLE('',#7277,0.0015);
#216=CIRCLE('',#7278,0.0015);
#217=CIRCLE('',#7279,0.0015);
#218=CIRCLE('',#7280,0.0015);
#219=CIRCLE('',#7281,0.0015);
#220=CIRCLE('',#7313,0.0035);
#221=CIRCLE('',#7314,0.0035);
#222=CIRCLE('',#7316,0.0035);
#223=CIRCLE('',#7317,0.0035);
#224=CIRCLE('',#7319,0.0035);
#225=CIRCLE('',#7320,0.0035);
#226=CIRCLE('',#7322,0.0035);
#227=CIRCLE('',#7323,0.0035);
#228=CIRCLE('',#7325,0.002);
#229=CIRCLE('',#7326,0.002);
#230=CIRCLE('',#7328,0.002);
#231=CIRCLE('',#7329,0.002);
#232=CIRCLE('',#7335,0.00125);
#233=CIRCLE('',#7336,0.00125);
#234=CIRCLE('',#7338,0.00125);
#235=CIRCLE('',#7339,0.00125);
#236=CIRCLE('',#7341,0.00125);
#237=CIRCLE('',#7342,0.00125);
#238=CIRCLE('',#7355,0.00125);
#239=CIRCLE('',#7356,0.00125);
#240=CIRCLE('',#7358,0.00125);
#241=CIRCLE('',#7359,0.00125);
#242=CIRCLE('',#7361,0.00125);
#243=CIRCLE('',#7362,0.00125);
#244=CIRCLE('',#7379,0.00125);
#245=CIRCLE('',#7380,0.00125);
#246=CIRCLE('',#7393,0.00125);
#247=CIRCLE('',#7394,0.00125);
#248=CIRCLE('',#7403,0.0015);
#249=CIRCLE('',#7404,0.0015);
#250=CIRCLE('',#7405,0.0015);
#251=CIRCLE('',#7406,0.0015);
#252=CIRCLE('',#7408,0.0015);
#253=CIRCLE('',#7410,0.0015);
#254=CIRCLE('',#7412,0.0015);
#255=CIRCLE('',#7413,0.0015);
#256=CIRCLE('',#7423,0.000999999999999989);
#257=CIRCLE('',#7424,0.000999999999999989);
#258=CIRCLE('',#7427,0.001);
#259=CIRCLE('',#7428,0.001);
#260=CIRCLE('',#7430,0.000999999999999981);
#261=CIRCLE('',#7431,0.000999999999999981);
#262=CIRCLE('',#7434,0.001);
#263=CIRCLE('',#7435,0.001);
#264=CIRCLE('',#7437,0.000999999999999985);
#265=CIRCLE('',#7438,0.000999999999999985);
#266=CIRCLE('',#7441,0.001);
#267=CIRCLE('',#7442,0.001);
#268=CIRCLE('',#7444,0.000999999999999946);
#269=CIRCLE('',#7445,0.000999999999999946);
#270=CIRCLE('',#7448,0.001);
#271=CIRCLE('',#7449,0.001);
#272=CIRCLE('',#7451,0.001);
#273=CIRCLE('',#7452,0.001);
#274=CIRCLE('',#7455,0.001);
#275=CIRCLE('',#7456,0.001);
#276=CIRCLE('',#7471,0.001);
#277=CIRCLE('',#7472,0.002);
#278=CIRCLE('',#7474,0.001);
#279=CIRCLE('',#7475,0.002);
#280=CIRCLE('',#7482,0.0015);
#281=CIRCLE('',#7483,0.0015);
#282=CIRCLE('',#7487,0.0055);
#283=CIRCLE('',#7488,0.0055);
#284=CIRCLE('',#7497,0.0015);
#285=CIRCLE('',#7498,0.0015);
#286=CIRCLE('',#7502,0.0015);
#287=CIRCLE('',#7503,0.0015);
#288=CIRCLE('',#7507,0.0015);
#289=CIRCLE('',#7508,0.0015);
#290=CIRCLE('',#7512,0.0015);
#291=CIRCLE('',#7513,0.0015);
#292=CIRCLE('',#7517,0.0015);
#293=CIRCLE('',#7518,0.0015);
#294=CIRCLE('',#7522,0.0015);
#295=CIRCLE('',#7523,0.0015);
#296=CIRCLE('',#7527,0.0015);
#297=CIRCLE('',#7528,0.0015);
#298=CIRCLE('',#7532,0.0015);
#299=CIRCLE('',#7533,0.0015);
#300=CIRCLE('',#7537,0.0015);
#301=CIRCLE('',#7538,0.0015);
#302=CIRCLE('',#7542,0.0015);
#303=CIRCLE('',#7543,0.0015);
#304=CIRCLE('',#7547,0.0015);
#305=CIRCLE('',#7548,0.0015);
#306=CIRCLE('',#7552,0.0015);
#307=CIRCLE('',#7553,0.0015);
#308=CIRCLE('',#7557,0.0015);
#309=CIRCLE('',#7558,0.0015);
#310=CIRCLE('',#7562,0.0015);
#311=CIRCLE('',#7563,0.0015);
#312=CIRCLE('',#7567,0.0015);
#313=CIRCLE('',#7568,0.0015);
#314=CIRCLE('',#7571,0.0015);
#315=CIRCLE('',#7572,0.0015);
#316=CIRCLE('',#7574,0.0015);
#317=CIRCLE('',#7575,0.0015);
#318=CIRCLE('',#7577,0.0015);
#319=CIRCLE('',#7578,0.0015);
#320=CIRCLE('',#7580,0.0015);
#321=CIRCLE('',#7581,0.0015);
#322=CIRCLE('',#7583,0.0015);
#323=CIRCLE('',#7584,0.0015);
#324=CIRCLE('',#7586,0.0015);
#325=CIRCLE('',#7587,0.0015);
#326=CIRCLE('',#7589,0.0015);
#327=CIRCLE('',#7590,0.0015);
#328=CIRCLE('',#7592,0.0015);
#329=CIRCLE('',#7593,0.0015);
#330=CIRCLE('',#7595,0.0015);
#331=CIRCLE('',#7596,0.0015);
#332=CIRCLE('',#7598,0.0015);
#333=CIRCLE('',#7599,0.0015);
#334=CIRCLE('',#7601,0.0015);
#335=CIRCLE('',#7602,0.0015);
#336=CIRCLE('',#7604,0.0015);
#337=CIRCLE('',#7605,0.0015);
#338=CIRCLE('',#7607,0.0015);
#339=CIRCLE('',#7608,0.0015);
#340=CIRCLE('',#7610,0.0015);
#341=CIRCLE('',#7611,0.0015);
#342=CIRCLE('',#7613,0.0015);
#343=CIRCLE('',#7614,0.0015);
#344=CIRCLE('',#7618,0.0055);
#345=CIRCLE('',#7619,0.0055);
#346=CIRCLE('',#7621,0.0015);
#347=CIRCLE('',#7622,0.0015);
#348=CIRCLE('',#7624,0.0075);
#349=CIRCLE('',#7625,0.0075);
#350=CIRCLE('',#7627,0.00125);
#351=CIRCLE('',#7628,0.00125);
#352=CIRCLE('',#7652,0.002);
#353=CIRCLE('',#7653,0.002);
#354=CIRCLE('',#7661,0.002);
#355=CIRCLE('',#7662,0.002);
#356=CIRCLE('',#7666,0.001);
#357=CIRCLE('',#7667,0.002);
#358=CIRCLE('',#7669,0.001);
#359=CIRCLE('',#7670,0.002);
#360=CIRCLE('',#7682,0.000999999999999989);
#361=CIRCLE('',#7683,0.000999999999999989);
#362=CIRCLE('',#7687,0.000999999999999981);
#363=CIRCLE('',#7688,0.000999999999999981);
#364=CIRCLE('',#7692,0.000999999999999985);
#365=CIRCLE('',#7693,0.000999999999999985);
#366=CIRCLE('',#7697,0.000999999999999946);
#367=CIRCLE('',#7698,0.000999999999999946);
#368=CIRCLE('',#7702,0.001);
#369=CIRCLE('',#7703,0.001);
#370=CIRCLE('',#7706,0.001);
#371=CIRCLE('',#7707,0.001);
#372=CIRCLE('',#7709,0.001);
#373=CIRCLE('',#7710,0.001);
#374=CIRCLE('',#7712,0.001);
#375=CIRCLE('',#7713,0.001);
#376=CIRCLE('',#7715,0.001);
#377=CIRCLE('',#7716,0.001);
#378=CIRCLE('',#7718,0.001);
#379=CIRCLE('',#7719,0.001);
#380=CIRCLE('',#7728,0.001);
#381=CIRCLE('',#7729,0.002);
#382=CIRCLE('',#7731,0.001);
#383=CIRCLE('',#7732,0.002);
#384=CIRCLE('',#7736,0.00125);
#385=CIRCLE('',#7739,0.00125);
#386=CYLINDRICAL_SURFACE('',#7126,0.0015);
#387=CYLINDRICAL_SURFACE('',#7134,0.0015);
#388=CYLINDRICAL_SURFACE('',#7145,0.0015);
#389=CYLINDRICAL_SURFACE('',#7147,0.0015);
#390=CYLINDRICAL_SURFACE('',#7184,0.0015);
#391=CYLINDRICAL_SURFACE('',#7187,0.0015);
#392=CYLINDRICAL_SURFACE('',#7190,0.0015);
#393=CYLINDRICAL_SURFACE('',#7193,0.0015);
#394=CYLINDRICAL_SURFACE('',#7196,0.0015);
#395=CYLINDRICAL_SURFACE('',#7199,0.0015);
#396=CYLINDRICAL_SURFACE('',#7202,0.0015);
#397=CYLINDRICAL_SURFACE('',#7205,0.0015);
#398=CYLINDRICAL_SURFACE('',#7208,0.0015);
#399=CYLINDRICAL_SURFACE('',#7211,0.0015);
#400=CYLINDRICAL_SURFACE('',#7233,0.0025);
#401=CYLINDRICAL_SURFACE('',#7234,0.0025);
#402=CYLINDRICAL_SURFACE('',#7235,0.0025);
#403=CYLINDRICAL_SURFACE('',#7236,0.0025);
#404=CYLINDRICAL_SURFACE('',#7237,0.005);
#405=CYLINDRICAL_SURFACE('',#7238,0.005);
#406=CYLINDRICAL_SURFACE('',#7239,0.005);
#407=CYLINDRICAL_SURFACE('',#7240,0.005);
#408=CYLINDRICAL_SURFACE('',#7248,0.001);
#409=CYLINDRICAL_SURFACE('',#7250,0.001);
#410=CYLINDRICAL_SURFACE('',#7257,0.001);
#411=CYLINDRICAL_SURFACE('',#7258,0.001);
#412=CYLINDRICAL_SURFACE('',#7271,0.0015);
#413=CYLINDRICAL_SURFACE('',#7273,0.0015);
#414=CYLINDRICAL_SURFACE('',#7284,0.0015);
#415=CYLINDRICAL_SURFACE('',#7285,0.0015);
#416=CYLINDRICAL_SURFACE('',#7288,0.0015);
#417=CYLINDRICAL_SURFACE('',#7290,0.0015);
#418=CYLINDRICAL_SURFACE('',#7292,0.0015);
#419=CYLINDRICAL_SURFACE('',#7294,0.0015);
#420=CYLINDRICAL_SURFACE('',#7306,0.002);
#421=CYLINDRICAL_SURFACE('',#7307,0.001);
#422=CYLINDRICAL_SURFACE('',#7308,0.002);
#423=CYLINDRICAL_SURFACE('',#7309,0.001);
#424=CYLINDRICAL_SURFACE('',#7312,0.0035);
#425=CYLINDRICAL_SURFACE('',#7315,0.0035);
#426=CYLINDRICAL_SURFACE('',#7318,0.0035);
#427=CYLINDRICAL_SURFACE('',#7321,0.0035);
#428=CYLINDRICAL_SURFACE('',#7330,0.002);
#429=CYLINDRICAL_SURFACE('',#7331,0.002);
#430=CYLINDRICAL_SURFACE('',#7334,0.00125);
#431=CYLINDRICAL_SURFACE('',#7337,0.00125);
#432=CYLINDRICAL_SURFACE('',#7340,0.00125);
#433=CYLINDRICAL_SURFACE('',#7346,0.002);
#434=CYLINDRICAL_SURFACE('',#7347,0.001);
#435=CYLINDRICAL_SURFACE('',#7354,0.00125);
#436=CYLINDRICAL_SURFACE('',#7357,0.00125);
#437=CYLINDRICAL_SURFACE('',#7360,0.00125);
#438=CYLINDRICAL_SURFACE('',#7366,0.002);
#439=CYLINDRICAL_SURFACE('',#7367,0.001);
#440=CYLINDRICAL_SURFACE('',#7368,0.002);
#441=CYLINDRICAL_SURFACE('',#7369,0.001);
#442=CYLINDRICAL_SURFACE('',#7370,0.002);
#443=CYLINDRICAL_SURFACE('',#7371,0.001);
#444=CYLINDRICAL_SURFACE('',#7378,0.00125);
#445=CYLINDRICAL_SURFACE('',#7384,0.002);
#446=CYLINDRICAL_SURFACE('',#7385,0.001);
#447=CYLINDRICAL_SURFACE('',#7392,0.00125);
#448=CYLINDRICAL_SURFACE('',#7398,0.002);
#449=CYLINDRICAL_SURFACE('',#7399,0.001);
#450=CYLINDRICAL_SURFACE('',#7407,0.0015);
#451=CYLINDRICAL_SURFACE('',#7409,0.0015);
#452=CYLINDRICAL_SURFACE('',#7416,0.0015);
#453=CYLINDRICAL_SURFACE('',#7417,0.0015);
#454=CYLINDRICAL_SURFACE('',#7422,0.000999999999999989);
#455=CYLINDRICAL_SURFACE('',#7426,0.001);
#456=CYLINDRICAL_SURFACE('',#7429,0.000999999999999981);
#457=CYLINDRICAL_SURFACE('',#7433,0.001);
#458=CYLINDRICAL_SURFACE('',#7436,0.000999999999999985);
#459=CYLINDRICAL_SURFACE('',#7440,0.001);
#460=CYLINDRICAL_SURFACE('',#7443,0.000999999999999946);
#461=CYLINDRICAL_SURFACE('',#7447,0.001);
#462=CYLINDRICAL_SURFACE('',#7450,0.001);
#463=CYLINDRICAL_SURFACE('',#7454,0.001);
#464=CYLINDRICAL_SURFACE('',#7476,0.002);
#465=CYLINDRICAL_SURFACE('',#7477,0.001);
#466=CYLINDRICAL_SURFACE('',#7478,0.002);
#467=CYLINDRICAL_SURFACE('',#7479,0.001);
#468=CYLINDRICAL_SURFACE('',#7481,0.0015);
#469=CYLINDRICAL_SURFACE('',#7486,0.0055);
#470=CYLINDRICAL_SURFACE('',#7496,0.0015);
#471=CYLINDRICAL_SURFACE('',#7501,0.0015);
#472=CYLINDRICAL_SURFACE('',#7506,0.0015);
#473=CYLINDRICAL_SURFACE('',#7511,0.0015);
#474=CYLINDRICAL_SURFACE('',#7516,0.0015);
#475=CYLINDRICAL_SURFACE('',#7521,0.0015);
#476=CYLINDRICAL_SURFACE('',#7526,0.0015);
#477=CYLINDRICAL_SURFACE('',#7531,0.0015);
#478=CYLINDRICAL_SURFACE('',#7536,0.0015);
#479=CYLINDRICAL_SURFACE('',#7541,0.0015);
#480=CYLINDRICAL_SURFACE('',#7546,0.0015);
#481=CYLINDRICAL_SURFACE('',#7551,0.0015);
#482=CYLINDRICAL_SURFACE('',#7556,0.0015);
#483=CYLINDRICAL_SURFACE('',#7561,0.0015);
#484=CYLINDRICAL_SURFACE('',#7566,0.0015);
#485=CYLINDRICAL_SURFACE('',#7570,0.0015);
#486=CYLINDRICAL_SURFACE('',#7573,0.0015);
#487=CYLINDRICAL_SURFACE('',#7576,0.0015);
#488=CYLINDRICAL_SURFACE('',#7579,0.0015);
#489=CYLINDRICAL_SURFACE('',#7582,0.0015);
#490=CYLINDRICAL_SURFACE('',#7585,0.0015);
#491=CYLINDRICAL_SURFACE('',#7588,0.0015);
#492=CYLINDRICAL_SURFACE('',#7591,0.0015);
#493=CYLINDRICAL_SURFACE('',#7594,0.0015);
#494=CYLINDRICAL_SURFACE('',#7597,0.0015);
#495=CYLINDRICAL_SURFACE('',#7600,0.0015);
#496=CYLINDRICAL_SURFACE('',#7603,0.0015);
#497=CYLINDRICAL_SURFACE('',#7606,0.0015);
#498=CYLINDRICAL_SURFACE('',#7609,0.0015);
#499=CYLINDRICAL_SURFACE('',#7612,0.0015);
#500=CYLINDRICAL_SURFACE('',#7617,0.0055);
#501=CYLINDRICAL_SURFACE('',#7620,0.0015);
#502=CYLINDRICAL_SURFACE('',#7623,0.0075);
#503=CYLINDRICAL_SURFACE('',#7636,0.002);
#504=CYLINDRICAL_SURFACE('',#7637,0.001);
#505=CYLINDRICAL_SURFACE('',#7651,0.002);
#506=CYLINDRICAL_SURFACE('',#7660,0.002);
#507=CYLINDRICAL_SURFACE('',#7671,0.002);
#508=CYLINDRICAL_SURFACE('',#7672,0.001);
#509=CYLINDRICAL_SURFACE('',#7673,0.002);
#510=CYLINDRICAL_SURFACE('',#7674,0.001);
#511=CYLINDRICAL_SURFACE('',#7675,0.002);
#512=CYLINDRICAL_SURFACE('',#7676,0.001);
#513=CYLINDRICAL_SURFACE('',#7681,0.000999999999999989);
#514=CYLINDRICAL_SURFACE('',#7686,0.000999999999999981);
#515=CYLINDRICAL_SURFACE('',#7691,0.000999999999999985);
#516=CYLINDRICAL_SURFACE('',#7696,0.000999999999999946);
#517=CYLINDRICAL_SURFACE('',#7701,0.001);
#518=CYLINDRICAL_SURFACE('',#7705,0.001);
#519=CYLINDRICAL_SURFACE('',#7708,0.001);
#520=CYLINDRICAL_SURFACE('',#7711,0.001);
#521=CYLINDRICAL_SURFACE('',#7714,0.001);
#522=CYLINDRICAL_SURFACE('',#7717,0.001);
#523=CYLINDRICAL_SURFACE('',#7733,0.002);
#524=CYLINDRICAL_SURFACE('',#7734,0.001);
#525=CYLINDRICAL_SURFACE('',#7737,0.00125);
#526=CYLINDRICAL_SURFACE('',#7740,0.00125);
#527=ORIENTED_EDGE('',*,*,#2459,.T.);
#528=ORIENTED_EDGE('',*,*,#2460,.T.);
#529=ORIENTED_EDGE('',*,*,#2461,.T.);
#530=ORIENTED_EDGE('',*,*,#2462,.F.);
#531=ORIENTED_EDGE('',*,*,#2463,.T.);
#532=ORIENTED_EDGE('',*,*,#2464,.F.);
#533=ORIENTED_EDGE('',*,*,#2465,.F.);
#534=ORIENTED_EDGE('',*,*,#2462,.T.);
#535=ORIENTED_EDGE('',*,*,#2466,.T.);
#536=ORIENTED_EDGE('',*,*,#2467,.F.);
#537=ORIENTED_EDGE('',*,*,#2461,.F.);
#538=ORIENTED_EDGE('',*,*,#2468,.T.);
#539=ORIENTED_EDGE('',*,*,#2465,.T.);
#540=ORIENTED_EDGE('',*,*,#2469,.F.);
#541=ORIENTED_EDGE('',*,*,#2470,.F.);
#542=ORIENTED_EDGE('',*,*,#2471,.F.);
#543=ORIENTED_EDGE('',*,*,#2472,.F.);
#544=ORIENTED_EDGE('',*,*,#2473,.F.);
#545=ORIENTED_EDGE('',*,*,#2474,.F.);
#546=ORIENTED_EDGE('',*,*,#2459,.F.);
#547=ORIENTED_EDGE('',*,*,#2460,.F.);
#548=ORIENTED_EDGE('',*,*,#2474,.T.);
#549=ORIENTED_EDGE('',*,*,#2475,.T.);
#550=ORIENTED_EDGE('',*,*,#2476,.T.);
#551=ORIENTED_EDGE('',*,*,#2477,.T.);
#552=ORIENTED_EDGE('',*,*,#2478,.F.);
#553=ORIENTED_EDGE('',*,*,#2463,.F.);
#554=ORIENTED_EDGE('',*,*,#2467,.T.);
#555=ORIENTED_EDGE('',*,*,#2469,.T.);
#556=ORIENTED_EDGE('',*,*,#2464,.T.);
#557=ORIENTED_EDGE('',*,*,#2479,.T.);
#558=ORIENTED_EDGE('',*,*,#2480,.F.);
#559=ORIENTED_EDGE('',*,*,#2481,.T.);
#560=ORIENTED_EDGE('',*,*,#2468,.F.);
#561=ORIENTED_EDGE('',*,*,#2476,.F.);
#562=ORIENTED_EDGE('',*,*,#2482,.T.);
#563=ORIENTED_EDGE('',*,*,#2477,.F.);
#564=ORIENTED_EDGE('',*,*,#2466,.F.);
#565=ORIENTED_EDGE('',*,*,#2481,.F.);
#566=ORIENTED_EDGE('',*,*,#2483,.F.);
#567=ORIENTED_EDGE('',*,*,#2484,.F.);
#568=ORIENTED_EDGE('',*,*,#2485,.F.);
#569=ORIENTED_EDGE('',*,*,#2486,.F.);
#570=ORIENTED_EDGE('',*,*,#2487,.F.);
#571=ORIENTED_EDGE('',*,*,#2488,.T.);
#572=ORIENTED_EDGE('',*,*,#2489,.T.);
#573=ORIENTED_EDGE('',*,*,#2490,.T.);
#574=ORIENTED_EDGE('',*,*,#2491,.T.);
#575=ORIENTED_EDGE('',*,*,#2492,.T.);
#576=ORIENTED_EDGE('',*,*,#2493,.T.);
#577=ORIENTED_EDGE('',*,*,#2494,.T.);
#578=ORIENTED_EDGE('',*,*,#2495,.T.);
#579=ORIENTED_EDGE('',*,*,#2496,.T.);
#580=ORIENTED_EDGE('',*,*,#2497,.T.);
#581=ORIENTED_EDGE('',*,*,#2498,.T.);
#582=ORIENTED_EDGE('',*,*,#2499,.T.);
#583=ORIENTED_EDGE('',*,*,#2500,.T.);
#584=ORIENTED_EDGE('',*,*,#2501,.T.);
#585=ORIENTED_EDGE('',*,*,#2502,.T.);
#586=ORIENTED_EDGE('',*,*,#2503,.T.);
#587=ORIENTED_EDGE('',*,*,#2504,.T.);
#588=ORIENTED_EDGE('',*,*,#2505,.T.);
#589=ORIENTED_EDGE('',*,*,#2506,.T.);
#590=ORIENTED_EDGE('',*,*,#2507,.T.);
#591=ORIENTED_EDGE('',*,*,#2473,.T.);
#592=ORIENTED_EDGE('',*,*,#2508,.T.);
#593=ORIENTED_EDGE('',*,*,#2509,.T.);
#594=ORIENTED_EDGE('',*,*,#2475,.F.);
#595=ORIENTED_EDGE('',*,*,#2510,.F.);
#596=ORIENTED_EDGE('',*,*,#2470,.T.);
#597=ORIENTED_EDGE('',*,*,#2480,.T.);
#598=ORIENTED_EDGE('',*,*,#2511,.T.);
#599=ORIENTED_EDGE('',*,*,#2508,.F.);
#600=ORIENTED_EDGE('',*,*,#2472,.T.);
#601=ORIENTED_EDGE('',*,*,#2512,.T.);
#602=ORIENTED_EDGE('',*,*,#2513,.T.);
#603=ORIENTED_EDGE('',*,*,#2471,.T.);
#604=ORIENTED_EDGE('',*,*,#2510,.T.);
#605=ORIENTED_EDGE('',*,*,#2514,.T.);
#606=ORIENTED_EDGE('',*,*,#2512,.F.);
#607=ORIENTED_EDGE('',*,*,#2487,.T.);
#608=ORIENTED_EDGE('',*,*,#2515,.F.);
#609=ORIENTED_EDGE('',*,*,#2479,.F.);
#610=ORIENTED_EDGE('',*,*,#2478,.T.);
#611=ORIENTED_EDGE('',*,*,#2483,.T.);
#612=ORIENTED_EDGE('',*,*,#2482,.F.);
#613=ORIENTED_EDGE('',*,*,#2509,.F.);
#614=ORIENTED_EDGE('',*,*,#2516,.T.);
#615=ORIENTED_EDGE('',*,*,#2486,.T.);
#616=ORIENTED_EDGE('',*,*,#2517,.F.);
#617=ORIENTED_EDGE('',*,*,#2511,.F.);
#618=ORIENTED_EDGE('',*,*,#2515,.T.);
#619=ORIENTED_EDGE('',*,*,#2485,.T.);
#620=ORIENTED_EDGE('',*,*,#2518,.F.);
#621=ORIENTED_EDGE('',*,*,#2514,.F.);
#622=ORIENTED_EDGE('',*,*,#2517,.T.);
#623=ORIENTED_EDGE('',*,*,#2484,.T.);
#624=ORIENTED_EDGE('',*,*,#2516,.F.);
#625=ORIENTED_EDGE('',*,*,#2513,.F.);
#626=ORIENTED_EDGE('',*,*,#2518,.T.);
#627=ORIENTED_EDGE('',*,*,#2519,.T.);
#628=ORIENTED_EDGE('',*,*,#2520,.F.);
#629=ORIENTED_EDGE('',*,*,#2521,.F.);
#630=ORIENTED_EDGE('',*,*,#2488,.F.);
#631=ORIENTED_EDGE('',*,*,#2522,.T.);
#632=ORIENTED_EDGE('',*,*,#2523,.F.);
#633=ORIENTED_EDGE('',*,*,#2519,.F.);
#634=ORIENTED_EDGE('',*,*,#2491,.F.);
#635=ORIENTED_EDGE('',*,*,#2521,.T.);
#636=ORIENTED_EDGE('',*,*,#2524,.F.);
#637=ORIENTED_EDGE('',*,*,#2525,.F.);
#638=ORIENTED_EDGE('',*,*,#2489,.F.);
#639=ORIENTED_EDGE('',*,*,#2525,.T.);
#640=ORIENTED_EDGE('',*,*,#2526,.F.);
#641=ORIENTED_EDGE('',*,*,#2522,.F.);
#642=ORIENTED_EDGE('',*,*,#2490,.F.);
#643=ORIENTED_EDGE('',*,*,#2527,.T.);
#644=ORIENTED_EDGE('',*,*,#2528,.F.);
#645=ORIENTED_EDGE('',*,*,#2529,.F.);
#646=ORIENTED_EDGE('',*,*,#2492,.F.);
#647=ORIENTED_EDGE('',*,*,#2530,.T.);
#648=ORIENTED_EDGE('',*,*,#2531,.F.);
#649=ORIENTED_EDGE('',*,*,#2527,.F.);
#650=ORIENTED_EDGE('',*,*,#2495,.F.);
#651=ORIENTED_EDGE('',*,*,#2529,.T.);
#652=ORIENTED_EDGE('',*,*,#2532,.F.);
#653=ORIENTED_EDGE('',*,*,#2533,.F.);
#654=ORIENTED_EDGE('',*,*,#2493,.F.);
#655=ORIENTED_EDGE('',*,*,#2533,.T.);
#656=ORIENTED_EDGE('',*,*,#2534,.F.);
#657=ORIENTED_EDGE('',*,*,#2530,.F.);
#658=ORIENTED_EDGE('',*,*,#2494,.F.);
#659=ORIENTED_EDGE('',*,*,#2535,.T.);
#660=ORIENTED_EDGE('',*,*,#2536,.F.);
#661=ORIENTED_EDGE('',*,*,#2537,.F.);
#662=ORIENTED_EDGE('',*,*,#2496,.F.);
#663=ORIENTED_EDGE('',*,*,#2538,.T.);
#664=ORIENTED_EDGE('',*,*,#2539,.F.);
#665=ORIENTED_EDGE('',*,*,#2535,.F.);
#666=ORIENTED_EDGE('',*,*,#2499,.F.);
#667=ORIENTED_EDGE('',*,*,#2537,.T.);
#668=ORIENTED_EDGE('',*,*,#2540,.F.);
#669=ORIENTED_EDGE('',*,*,#2541,.F.);
#670=ORIENTED_EDGE('',*,*,#2497,.F.);
#671=ORIENTED_EDGE('',*,*,#2541,.T.);
#672=ORIENTED_EDGE('',*,*,#2542,.F.);
#673=ORIENTED_EDGE('',*,*,#2538,.F.);
#674=ORIENTED_EDGE('',*,*,#2498,.F.);
#675=ORIENTED_EDGE('',*,*,#2543,.T.);
#676=ORIENTED_EDGE('',*,*,#2544,.F.);
#677=ORIENTED_EDGE('',*,*,#2545,.F.);
#678=ORIENTED_EDGE('',*,*,#2500,.F.);
#679=ORIENTED_EDGE('',*,*,#2546,.T.);
#680=ORIENTED_EDGE('',*,*,#2547,.F.);
#681=ORIENTED_EDGE('',*,*,#2543,.F.);
#682=ORIENTED_EDGE('',*,*,#2503,.F.);
#683=ORIENTED_EDGE('',*,*,#2548,.T.);
#684=ORIENTED_EDGE('',*,*,#2549,.F.);
#685=ORIENTED_EDGE('',*,*,#2546,.F.);
#686=ORIENTED_EDGE('',*,*,#2502,.F.);
#687=ORIENTED_EDGE('',*,*,#2545,.T.);
#688=ORIENTED_EDGE('',*,*,#2550,.F.);
#689=ORIENTED_EDGE('',*,*,#2548,.F.);
#690=ORIENTED_EDGE('',*,*,#2501,.F.);
#691=ORIENTED_EDGE('',*,*,#2551,.F.);
#692=ORIENTED_EDGE('',*,*,#2552,.T.);
#693=ORIENTED_EDGE('',*,*,#2504,.F.);
#694=ORIENTED_EDGE('',*,*,#2553,.F.);
#695=ORIENTED_EDGE('',*,*,#2554,.F.);
#696=ORIENTED_EDGE('',*,*,#2553,.T.);
#697=ORIENTED_EDGE('',*,*,#2507,.F.);
#698=ORIENTED_EDGE('',*,*,#2555,.F.);
#699=ORIENTED_EDGE('',*,*,#2556,.F.);
#700=ORIENTED_EDGE('',*,*,#2557,.T.);
#701=ORIENTED_EDGE('',*,*,#2505,.F.);
#702=ORIENTED_EDGE('',*,*,#2552,.F.);
#703=ORIENTED_EDGE('',*,*,#2558,.F.);
#704=ORIENTED_EDGE('',*,*,#2555,.T.);
#705=ORIENTED_EDGE('',*,*,#2506,.F.);
#706=ORIENTED_EDGE('',*,*,#2557,.F.);
#707=ORIENTED_EDGE('',*,*,#2524,.T.);
#708=ORIENTED_EDGE('',*,*,#2520,.T.);
#709=ORIENTED_EDGE('',*,*,#2523,.T.);
#710=ORIENTED_EDGE('',*,*,#2526,.T.);
#711=ORIENTED_EDGE('',*,*,#2532,.T.);
#712=ORIENTED_EDGE('',*,*,#2528,.T.);
#713=ORIENTED_EDGE('',*,*,#2531,.T.);
#714=ORIENTED_EDGE('',*,*,#2534,.T.);
#715=ORIENTED_EDGE('',*,*,#2540,.T.);
#716=ORIENTED_EDGE('',*,*,#2536,.T.);
#717=ORIENTED_EDGE('',*,*,#2539,.T.);
#718=ORIENTED_EDGE('',*,*,#2542,.T.);
#719=ORIENTED_EDGE('',*,*,#2550,.T.);
#720=ORIENTED_EDGE('',*,*,#2544,.T.);
#721=ORIENTED_EDGE('',*,*,#2547,.T.);
#722=ORIENTED_EDGE('',*,*,#2549,.T.);
#723=ORIENTED_EDGE('',*,*,#2556,.T.);
#724=ORIENTED_EDGE('',*,*,#2551,.T.);
#725=ORIENTED_EDGE('',*,*,#2554,.T.);
#726=ORIENTED_EDGE('',*,*,#2558,.T.);
#727=ORIENTED_EDGE('',*,*,#2559,.T.);
#728=ORIENTED_EDGE('',*,*,#2560,.T.);
#729=ORIENTED_EDGE('',*,*,#2561,.F.);
#730=ORIENTED_EDGE('',*,*,#2562,.T.);
#731=ORIENTED_EDGE('',*,*,#2563,.T.);
#732=ORIENTED_EDGE('',*,*,#2564,.T.);
#733=ORIENTED_EDGE('',*,*,#2565,.F.);
#734=ORIENTED_EDGE('',*,*,#2566,.T.);
#735=ORIENTED_EDGE('',*,*,#2567,.T.);
#736=ORIENTED_EDGE('',*,*,#2568,.T.);
#737=ORIENTED_EDGE('',*,*,#2569,.F.);
#738=ORIENTED_EDGE('',*,*,#2570,.T.);
#739=ORIENTED_EDGE('',*,*,#2571,.F.);
#740=ORIENTED_EDGE('',*,*,#2572,.T.);
#741=ORIENTED_EDGE('',*,*,#2573,.F.);
#742=ORIENTED_EDGE('',*,*,#2574,.T.);
#743=ORIENTED_EDGE('',*,*,#2575,.F.);
#744=ORIENTED_EDGE('',*,*,#2576,.T.);
#745=ORIENTED_EDGE('',*,*,#2577,.F.);
#746=ORIENTED_EDGE('',*,*,#2578,.T.);
#747=ORIENTED_EDGE('',*,*,#2579,.F.);
#748=ORIENTED_EDGE('',*,*,#2580,.T.);
#749=ORIENTED_EDGE('',*,*,#2581,.F.);
#750=ORIENTED_EDGE('',*,*,#2582,.T.);
#751=ORIENTED_EDGE('',*,*,#2583,.F.);
#752=ORIENTED_EDGE('',*,*,#2584,.T.);
#753=ORIENTED_EDGE('',*,*,#2585,.F.);
#754=ORIENTED_EDGE('',*,*,#2586,.T.);
#755=ORIENTED_EDGE('',*,*,#2587,.F.);
#756=ORIENTED_EDGE('',*,*,#2588,.T.);
#757=ORIENTED_EDGE('',*,*,#2589,.F.);
#758=ORIENTED_EDGE('',*,*,#2590,.T.);
#759=ORIENTED_EDGE('',*,*,#2591,.F.);
#760=ORIENTED_EDGE('',*,*,#2592,.T.);
#761=ORIENTED_EDGE('',*,*,#2593,.T.);
#762=ORIENTED_EDGE('',*,*,#2594,.T.);
#763=ORIENTED_EDGE('',*,*,#2595,.T.);
#764=ORIENTED_EDGE('',*,*,#2596,.T.);
#765=ORIENTED_EDGE('',*,*,#2597,.T.);
#766=ORIENTED_EDGE('',*,*,#2598,.T.);
#767=ORIENTED_EDGE('',*,*,#2571,.T.);
#768=ORIENTED_EDGE('',*,*,#2573,.T.);
#769=ORIENTED_EDGE('',*,*,#2575,.T.);
#770=ORIENTED_EDGE('',*,*,#2577,.T.);
#771=ORIENTED_EDGE('',*,*,#2579,.T.);
#772=ORIENTED_EDGE('',*,*,#2581,.T.);
#773=ORIENTED_EDGE('',*,*,#2583,.T.);
#774=ORIENTED_EDGE('',*,*,#2585,.T.);
#775=ORIENTED_EDGE('',*,*,#2587,.T.);
#776=ORIENTED_EDGE('',*,*,#2589,.T.);
#777=ORIENTED_EDGE('',*,*,#2565,.T.);
#778=ORIENTED_EDGE('',*,*,#2599,.T.);
#779=ORIENTED_EDGE('',*,*,#2567,.F.);
#780=ORIENTED_EDGE('',*,*,#2600,.T.);
#781=ORIENTED_EDGE('',*,*,#2591,.T.);
#782=ORIENTED_EDGE('',*,*,#2601,.T.);
#783=ORIENTED_EDGE('',*,*,#2561,.T.);
#784=ORIENTED_EDGE('',*,*,#2602,.T.);
#785=ORIENTED_EDGE('',*,*,#2603,.F.);
#786=ORIENTED_EDGE('',*,*,#2604,.F.);
#787=ORIENTED_EDGE('',*,*,#2605,.F.);
#788=ORIENTED_EDGE('',*,*,#2606,.F.);
#789=ORIENTED_EDGE('',*,*,#2572,.F.);
#790=ORIENTED_EDGE('',*,*,#2574,.F.);
#791=ORIENTED_EDGE('',*,*,#2576,.F.);
#792=ORIENTED_EDGE('',*,*,#2578,.F.);
#793=ORIENTED_EDGE('',*,*,#2580,.F.);
#794=ORIENTED_EDGE('',*,*,#2582,.F.);
#795=ORIENTED_EDGE('',*,*,#2584,.F.);
#796=ORIENTED_EDGE('',*,*,#2586,.F.);
#797=ORIENTED_EDGE('',*,*,#2588,.F.);
#798=ORIENTED_EDGE('',*,*,#2590,.F.);
#799=ORIENTED_EDGE('',*,*,#2569,.T.);
#800=ORIENTED_EDGE('',*,*,#2607,.T.);
#801=ORIENTED_EDGE('',*,*,#2563,.F.);
#802=ORIENTED_EDGE('',*,*,#2608,.T.);
#803=ORIENTED_EDGE('',*,*,#2559,.F.);
#804=ORIENTED_EDGE('',*,*,#2609,.T.);
#805=ORIENTED_EDGE('',*,*,#2593,.F.);
#806=ORIENTED_EDGE('',*,*,#2610,.T.);
#807=ORIENTED_EDGE('',*,*,#2598,.F.);
#808=ORIENTED_EDGE('',*,*,#2606,.T.);
#809=ORIENTED_EDGE('',*,*,#2597,.F.);
#810=ORIENTED_EDGE('',*,*,#2605,.T.);
#811=ORIENTED_EDGE('',*,*,#2596,.F.);
#812=ORIENTED_EDGE('',*,*,#2604,.T.);
#813=ORIENTED_EDGE('',*,*,#2595,.F.);
#814=ORIENTED_EDGE('',*,*,#2603,.T.);
#815=ORIENTED_EDGE('',*,*,#2607,.F.);
#816=ORIENTED_EDGE('',*,*,#2568,.F.);
#817=ORIENTED_EDGE('',*,*,#2599,.F.);
#818=ORIENTED_EDGE('',*,*,#2564,.F.);
#819=ORIENTED_EDGE('',*,*,#2608,.F.);
#820=ORIENTED_EDGE('',*,*,#2566,.F.);
#821=ORIENTED_EDGE('',*,*,#2602,.F.);
#822=ORIENTED_EDGE('',*,*,#2560,.F.);
#823=ORIENTED_EDGE('',*,*,#2610,.F.);
#824=ORIENTED_EDGE('',*,*,#2592,.F.);
#825=ORIENTED_EDGE('',*,*,#2600,.F.);
#826=ORIENTED_EDGE('',*,*,#2570,.F.);
#827=ORIENTED_EDGE('',*,*,#2609,.F.);
#828=ORIENTED_EDGE('',*,*,#2562,.F.);
#829=ORIENTED_EDGE('',*,*,#2601,.F.);
#830=ORIENTED_EDGE('',*,*,#2594,.F.);
#831=ORIENTED_EDGE('',*,*,#2611,.F.);
#832=ORIENTED_EDGE('',*,*,#2612,.T.);
#833=ORIENTED_EDGE('',*,*,#2613,.T.);
#834=ORIENTED_EDGE('',*,*,#2614,.F.);
#835=ORIENTED_EDGE('',*,*,#2611,.T.);
#836=ORIENTED_EDGE('',*,*,#2615,.T.);
#837=ORIENTED_EDGE('',*,*,#2616,.T.);
#838=ORIENTED_EDGE('',*,*,#2617,.T.);
#839=ORIENTED_EDGE('',*,*,#2618,.T.);
#840=ORIENTED_EDGE('',*,*,#2619,.T.);
#841=ORIENTED_EDGE('',*,*,#2620,.T.);
#842=ORIENTED_EDGE('',*,*,#2621,.F.);
#843=ORIENTED_EDGE('',*,*,#2621,.T.);
#844=ORIENTED_EDGE('',*,*,#2622,.T.);
#845=ORIENTED_EDGE('',*,*,#2623,.F.);
#846=ORIENTED_EDGE('',*,*,#2612,.F.);
#847=ORIENTED_EDGE('',*,*,#2614,.T.);
#848=ORIENTED_EDGE('',*,*,#2624,.T.);
#849=ORIENTED_EDGE('',*,*,#2625,.F.);
#850=ORIENTED_EDGE('',*,*,#2615,.F.);
#851=ORIENTED_EDGE('',*,*,#2623,.T.);
#852=ORIENTED_EDGE('',*,*,#2626,.F.);
#853=ORIENTED_EDGE('',*,*,#2627,.F.);
#854=ORIENTED_EDGE('',*,*,#2628,.F.);
#855=ORIENTED_EDGE('',*,*,#2629,.F.);
#856=ORIENTED_EDGE('',*,*,#2630,.F.);
#857=ORIENTED_EDGE('',*,*,#2624,.F.);
#858=ORIENTED_EDGE('',*,*,#2613,.F.);
#859=ORIENTED_EDGE('',*,*,#2620,.F.);
#860=ORIENTED_EDGE('',*,*,#2631,.T.);
#861=ORIENTED_EDGE('',*,*,#2626,.T.);
#862=ORIENTED_EDGE('',*,*,#2622,.F.);
#863=ORIENTED_EDGE('',*,*,#2616,.F.);
#864=ORIENTED_EDGE('',*,*,#2625,.T.);
#865=ORIENTED_EDGE('',*,*,#2630,.T.);
#866=ORIENTED_EDGE('',*,*,#2632,.F.);
#867=ORIENTED_EDGE('',*,*,#2633,.T.);
#868=ORIENTED_EDGE('',*,*,#2627,.T.);
#869=ORIENTED_EDGE('',*,*,#2631,.F.);
#870=ORIENTED_EDGE('',*,*,#2619,.F.);
#871=ORIENTED_EDGE('',*,*,#2632,.T.);
#872=ORIENTED_EDGE('',*,*,#2629,.T.);
#873=ORIENTED_EDGE('',*,*,#2634,.F.);
#874=ORIENTED_EDGE('',*,*,#2617,.F.);
#875=ORIENTED_EDGE('',*,*,#2618,.F.);
#876=ORIENTED_EDGE('',*,*,#2634,.T.);
#877=ORIENTED_EDGE('',*,*,#2628,.T.);
#878=ORIENTED_EDGE('',*,*,#2633,.F.);
#879=ORIENTED_EDGE('',*,*,#2635,.F.);
#880=ORIENTED_EDGE('',*,*,#2636,.T.);
#881=ORIENTED_EDGE('',*,*,#2637,.T.);
#882=ORIENTED_EDGE('',*,*,#2638,.F.);
#883=ORIENTED_EDGE('',*,*,#2635,.T.);
#884=ORIENTED_EDGE('',*,*,#2639,.T.);
#885=ORIENTED_EDGE('',*,*,#2640,.T.);
#886=ORIENTED_EDGE('',*,*,#2641,.T.);
#887=ORIENTED_EDGE('',*,*,#2642,.T.);
#888=ORIENTED_EDGE('',*,*,#2643,.T.);
#889=ORIENTED_EDGE('',*,*,#2644,.T.);
#890=ORIENTED_EDGE('',*,*,#2645,.F.);
#891=ORIENTED_EDGE('',*,*,#2646,.F.);
#892=ORIENTED_EDGE('',*,*,#2647,.T.);
#893=ORIENTED_EDGE('',*,*,#2648,.F.);
#894=ORIENTED_EDGE('',*,*,#2649,.T.);
#895=ORIENTED_EDGE('',*,*,#2650,.F.);
#896=ORIENTED_EDGE('',*,*,#2651,.T.);
#897=ORIENTED_EDGE('',*,*,#2652,.F.);
#898=ORIENTED_EDGE('',*,*,#2653,.T.);
#899=ORIENTED_EDGE('',*,*,#2645,.T.);
#900=ORIENTED_EDGE('',*,*,#2654,.T.);
#901=ORIENTED_EDGE('',*,*,#2655,.F.);
#902=ORIENTED_EDGE('',*,*,#2636,.F.);
#903=ORIENTED_EDGE('',*,*,#2638,.T.);
#904=ORIENTED_EDGE('',*,*,#2656,.T.);
#905=ORIENTED_EDGE('',*,*,#2657,.F.);
#906=ORIENTED_EDGE('',*,*,#2639,.F.);
#907=ORIENTED_EDGE('',*,*,#2655,.T.);
#908=ORIENTED_EDGE('',*,*,#2658,.F.);
#909=ORIENTED_EDGE('',*,*,#2659,.F.);
#910=ORIENTED_EDGE('',*,*,#2660,.F.);
#911=ORIENTED_EDGE('',*,*,#2661,.F.);
#912=ORIENTED_EDGE('',*,*,#2662,.F.);
#913=ORIENTED_EDGE('',*,*,#2656,.F.);
#914=ORIENTED_EDGE('',*,*,#2637,.F.);
#915=ORIENTED_EDGE('',*,*,#2663,.F.);
#916=ORIENTED_EDGE('',*,*,#2664,.T.);
#917=ORIENTED_EDGE('',*,*,#2665,.F.);
#918=ORIENTED_EDGE('',*,*,#2666,.T.);
#919=ORIENTED_EDGE('',*,*,#2667,.F.);
#920=ORIENTED_EDGE('',*,*,#2668,.T.);
#921=ORIENTED_EDGE('',*,*,#2669,.F.);
#922=ORIENTED_EDGE('',*,*,#2670,.T.);
#923=ORIENTED_EDGE('',*,*,#2644,.F.);
#924=ORIENTED_EDGE('',*,*,#2671,.T.);
#925=ORIENTED_EDGE('',*,*,#2658,.T.);
#926=ORIENTED_EDGE('',*,*,#2654,.F.);
#927=ORIENTED_EDGE('',*,*,#2640,.F.);
#928=ORIENTED_EDGE('',*,*,#2657,.T.);
#929=ORIENTED_EDGE('',*,*,#2662,.T.);
#930=ORIENTED_EDGE('',*,*,#2672,.F.);
#931=ORIENTED_EDGE('',*,*,#2673,.T.);
#932=ORIENTED_EDGE('',*,*,#2659,.T.);
#933=ORIENTED_EDGE('',*,*,#2671,.F.);
#934=ORIENTED_EDGE('',*,*,#2643,.F.);
#935=ORIENTED_EDGE('',*,*,#2672,.T.);
#936=ORIENTED_EDGE('',*,*,#2661,.T.);
#937=ORIENTED_EDGE('',*,*,#2674,.F.);
#938=ORIENTED_EDGE('',*,*,#2641,.F.);
#939=ORIENTED_EDGE('',*,*,#2642,.F.);
#940=ORIENTED_EDGE('',*,*,#2674,.T.);
#941=ORIENTED_EDGE('',*,*,#2660,.T.);
#942=ORIENTED_EDGE('',*,*,#2673,.F.);
#943=ORIENTED_EDGE('',*,*,#2675,.T.);
#944=ORIENTED_EDGE('',*,*,#2670,.F.);
#945=ORIENTED_EDGE('',*,*,#2676,.F.);
#946=ORIENTED_EDGE('',*,*,#2646,.T.);
#947=ORIENTED_EDGE('',*,*,#2675,.F.);
#948=ORIENTED_EDGE('',*,*,#2653,.F.);
#949=ORIENTED_EDGE('',*,*,#2677,.T.);
#950=ORIENTED_EDGE('',*,*,#2663,.T.);
#951=ORIENTED_EDGE('',*,*,#2678,.T.);
#952=ORIENTED_EDGE('',*,*,#2664,.F.);
#953=ORIENTED_EDGE('',*,*,#2677,.F.);
#954=ORIENTED_EDGE('',*,*,#2652,.T.);
#955=ORIENTED_EDGE('',*,*,#2678,.F.);
#956=ORIENTED_EDGE('',*,*,#2651,.F.);
#957=ORIENTED_EDGE('',*,*,#2679,.T.);
#958=ORIENTED_EDGE('',*,*,#2665,.T.);
#959=ORIENTED_EDGE('',*,*,#2680,.T.);
#960=ORIENTED_EDGE('',*,*,#2666,.F.);
#961=ORIENTED_EDGE('',*,*,#2679,.F.);
#962=ORIENTED_EDGE('',*,*,#2650,.T.);
#963=ORIENTED_EDGE('',*,*,#2680,.F.);
#964=ORIENTED_EDGE('',*,*,#2649,.F.);
#965=ORIENTED_EDGE('',*,*,#2681,.T.);
#966=ORIENTED_EDGE('',*,*,#2667,.T.);
#967=ORIENTED_EDGE('',*,*,#2682,.T.);
#968=ORIENTED_EDGE('',*,*,#2668,.F.);
#969=ORIENTED_EDGE('',*,*,#2681,.F.);
#970=ORIENTED_EDGE('',*,*,#2648,.T.);
#971=ORIENTED_EDGE('',*,*,#2669,.T.);
#972=ORIENTED_EDGE('',*,*,#2682,.F.);
#973=ORIENTED_EDGE('',*,*,#2647,.F.);
#974=ORIENTED_EDGE('',*,*,#2676,.T.);
#975=ORIENTED_EDGE('',*,*,#2683,.F.);
#976=ORIENTED_EDGE('',*,*,#2684,.T.);
#977=ORIENTED_EDGE('',*,*,#2685,.T.);
#978=ORIENTED_EDGE('',*,*,#2686,.F.);
#979=ORIENTED_EDGE('',*,*,#2685,.F.);
#980=ORIENTED_EDGE('',*,*,#2687,.F.);
#981=ORIENTED_EDGE('',*,*,#2688,.T.);
#982=ORIENTED_EDGE('',*,*,#2689,.T.);
#983=ORIENTED_EDGE('',*,*,#2688,.F.);
#984=ORIENTED_EDGE('',*,*,#2690,.F.);
#985=ORIENTED_EDGE('',*,*,#2691,.T.);
#986=ORIENTED_EDGE('',*,*,#2692,.T.);
#987=ORIENTED_EDGE('',*,*,#2693,.T.);
#988=ORIENTED_EDGE('',*,*,#2683,.T.);
#989=ORIENTED_EDGE('',*,*,#2694,.F.);
#990=ORIENTED_EDGE('',*,*,#2691,.F.);
#991=ORIENTED_EDGE('',*,*,#2695,.T.);
#992=ORIENTED_EDGE('',*,*,#2696,.T.);
#993=ORIENTED_EDGE('',*,*,#2697,.F.);
#994=ORIENTED_EDGE('',*,*,#2698,.T.);
#995=ORIENTED_EDGE('',*,*,#2699,.F.);
#996=ORIENTED_EDGE('',*,*,#2700,.T.);
#997=ORIENTED_EDGE('',*,*,#2701,.T.);
#998=ORIENTED_EDGE('',*,*,#2702,.T.);
#999=ORIENTED_EDGE('',*,*,#2692,.F.);
#1000=ORIENTED_EDGE('',*,*,#2694,.T.);
#1001=ORIENTED_EDGE('',*,*,#2686,.T.);
#1002=ORIENTED_EDGE('',*,*,#2689,.F.);
#1003=ORIENTED_EDGE('',*,*,#2703,.F.);
#1004=ORIENTED_EDGE('',*,*,#2704,.F.);
#1005=ORIENTED_EDGE('',*,*,#2705,.F.);
#1006=ORIENTED_EDGE('',*,*,#2706,.F.);
#1007=ORIENTED_EDGE('',*,*,#2707,.F.);
#1008=ORIENTED_EDGE('',*,*,#2708,.T.);
#1009=ORIENTED_EDGE('',*,*,#2709,.F.);
#1010=ORIENTED_EDGE('',*,*,#2710,.T.);
#1011=ORIENTED_EDGE('',*,*,#2690,.T.);
#1012=ORIENTED_EDGE('',*,*,#2687,.T.);
#1013=ORIENTED_EDGE('',*,*,#2684,.F.);
#1014=ORIENTED_EDGE('',*,*,#2693,.F.);
#1015=ORIENTED_EDGE('',*,*,#2709,.T.);
#1016=ORIENTED_EDGE('',*,*,#2711,.F.);
#1017=ORIENTED_EDGE('',*,*,#2698,.F.);
#1018=ORIENTED_EDGE('',*,*,#2712,.T.);
#1019=ORIENTED_EDGE('',*,*,#2707,.T.);
#1020=ORIENTED_EDGE('',*,*,#2713,.F.);
#1021=ORIENTED_EDGE('',*,*,#2700,.F.);
#1022=ORIENTED_EDGE('',*,*,#2714,.T.);
#1023=ORIENTED_EDGE('',*,*,#2705,.T.);
#1024=ORIENTED_EDGE('',*,*,#2715,.F.);
#1025=ORIENTED_EDGE('',*,*,#2702,.F.);
#1026=ORIENTED_EDGE('',*,*,#2716,.T.);
#1027=ORIENTED_EDGE('',*,*,#2703,.T.);
#1028=ORIENTED_EDGE('',*,*,#2717,.F.);
#1029=ORIENTED_EDGE('',*,*,#2696,.F.);
#1030=ORIENTED_EDGE('',*,*,#2718,.T.);
#1031=ORIENTED_EDGE('',*,*,#2717,.T.);
#1032=ORIENTED_EDGE('',*,*,#2719,.T.);
#1033=ORIENTED_EDGE('',*,*,#2720,.T.);
#1034=ORIENTED_EDGE('',*,*,#2721,.F.);
#1035=ORIENTED_EDGE('',*,*,#2722,.F.);
#1036=ORIENTED_EDGE('',*,*,#2723,.T.);
#1037=ORIENTED_EDGE('',*,*,#2712,.F.);
#1038=ORIENTED_EDGE('',*,*,#2724,.F.);
#1039=ORIENTED_EDGE('',*,*,#2724,.T.);
#1040=ORIENTED_EDGE('',*,*,#2697,.T.);
#1041=ORIENTED_EDGE('',*,*,#2721,.T.);
#1042=ORIENTED_EDGE('',*,*,#2725,.F.);
#1043=ORIENTED_EDGE('',*,*,#2723,.F.);
#1044=ORIENTED_EDGE('',*,*,#2726,.T.);
#1045=ORIENTED_EDGE('',*,*,#2719,.F.);
#1046=ORIENTED_EDGE('',*,*,#2710,.F.);
#1047=ORIENTED_EDGE('',*,*,#2727,.F.);
#1048=ORIENTED_EDGE('',*,*,#2728,.T.);
#1049=ORIENTED_EDGE('',*,*,#2716,.F.);
#1050=ORIENTED_EDGE('',*,*,#2729,.F.);
#1051=ORIENTED_EDGE('',*,*,#2713,.T.);
#1052=ORIENTED_EDGE('',*,*,#2730,.T.);
#1053=ORIENTED_EDGE('',*,*,#2731,.T.);
#1054=ORIENTED_EDGE('',*,*,#2732,.F.);
#1055=ORIENTED_EDGE('',*,*,#2732,.T.);
#1056=ORIENTED_EDGE('',*,*,#2733,.T.);
#1057=ORIENTED_EDGE('',*,*,#2729,.T.);
#1058=ORIENTED_EDGE('',*,*,#2701,.F.);
#1059=ORIENTED_EDGE('',*,*,#2730,.F.);
#1060=ORIENTED_EDGE('',*,*,#2706,.T.);
#1061=ORIENTED_EDGE('',*,*,#2728,.F.);
#1062=ORIENTED_EDGE('',*,*,#2734,.F.);
#1063=ORIENTED_EDGE('',*,*,#2720,.F.);
#1064=ORIENTED_EDGE('',*,*,#2735,.T.);
#1065=ORIENTED_EDGE('',*,*,#2736,.T.);
#1066=ORIENTED_EDGE('',*,*,#2737,.F.);
#1067=ORIENTED_EDGE('',*,*,#2738,.F.);
#1068=ORIENTED_EDGE('',*,*,#2739,.F.);
#1069=ORIENTED_EDGE('',*,*,#2722,.T.);
#1070=ORIENTED_EDGE('',*,*,#2740,.T.);
#1071=ORIENTED_EDGE('',*,*,#2741,.F.);
#1072=ORIENTED_EDGE('',*,*,#2742,.T.);
#1073=ORIENTED_EDGE('',*,*,#2743,.F.);
#1074=ORIENTED_EDGE('',*,*,#2744,.T.);
#1075=ORIENTED_EDGE('',*,*,#2745,.F.);
#1076=ORIENTED_EDGE('',*,*,#2746,.T.);
#1077=ORIENTED_EDGE('',*,*,#2747,.F.);
#1078=ORIENTED_EDGE('',*,*,#2748,.T.);
#1079=ORIENTED_EDGE('',*,*,#2749,.F.);
#1080=ORIENTED_EDGE('',*,*,#2750,.F.);
#1081=ORIENTED_EDGE('',*,*,#2741,.T.);
#1082=ORIENTED_EDGE('',*,*,#2743,.T.);
#1083=ORIENTED_EDGE('',*,*,#2745,.T.);
#1084=ORIENTED_EDGE('',*,*,#2747,.T.);
#1085=ORIENTED_EDGE('',*,*,#2740,.F.);
#1086=ORIENTED_EDGE('',*,*,#2725,.T.);
#1087=ORIENTED_EDGE('',*,*,#2737,.T.);
#1088=ORIENTED_EDGE('',*,*,#2751,.F.);
#1089=ORIENTED_EDGE('',*,*,#2752,.F.);
#1090=ORIENTED_EDGE('',*,*,#2753,.F.);
#1091=ORIENTED_EDGE('',*,*,#2742,.F.);
#1092=ORIENTED_EDGE('',*,*,#2744,.F.);
#1093=ORIENTED_EDGE('',*,*,#2746,.F.);
#1094=ORIENTED_EDGE('',*,*,#2748,.F.);
#1095=ORIENTED_EDGE('',*,*,#2739,.T.);
#1096=ORIENTED_EDGE('',*,*,#2754,.T.);
#1097=ORIENTED_EDGE('',*,*,#2735,.F.);
#1098=ORIENTED_EDGE('',*,*,#2726,.F.);
#1099=ORIENTED_EDGE('',*,*,#2750,.T.);
#1100=ORIENTED_EDGE('',*,*,#2753,.T.);
#1101=ORIENTED_EDGE('',*,*,#2749,.T.);
#1102=ORIENTED_EDGE('',*,*,#2752,.T.);
#1103=ORIENTED_EDGE('',*,*,#2755,.F.);
#1104=ORIENTED_EDGE('',*,*,#2756,.F.);
#1105=ORIENTED_EDGE('',*,*,#2757,.T.);
#1106=ORIENTED_EDGE('',*,*,#2758,.T.);
#1107=ORIENTED_EDGE('',*,*,#2757,.F.);
#1108=ORIENTED_EDGE('',*,*,#2759,.F.);
#1109=ORIENTED_EDGE('',*,*,#2760,.T.);
#1110=ORIENTED_EDGE('',*,*,#2761,.T.);
#1111=ORIENTED_EDGE('',*,*,#2762,.F.);
#1112=ORIENTED_EDGE('',*,*,#2763,.T.);
#1113=ORIENTED_EDGE('',*,*,#2764,.F.);
#1114=ORIENTED_EDGE('',*,*,#2765,.T.);
#1115=ORIENTED_EDGE('',*,*,#2766,.F.);
#1116=ORIENTED_EDGE('',*,*,#2767,.T.);
#1117=ORIENTED_EDGE('',*,*,#2768,.F.);
#1118=ORIENTED_EDGE('',*,*,#2755,.T.);
#1119=ORIENTED_EDGE('',*,*,#2769,.T.);
#1120=ORIENTED_EDGE('',*,*,#2770,.F.);
#1121=ORIENTED_EDGE('',*,*,#2762,.T.);
#1122=ORIENTED_EDGE('',*,*,#2764,.T.);
#1123=ORIENTED_EDGE('',*,*,#2766,.T.);
#1124=ORIENTED_EDGE('',*,*,#2771,.T.);
#1125=ORIENTED_EDGE('',*,*,#2769,.F.);
#1126=ORIENTED_EDGE('',*,*,#2758,.F.);
#1127=ORIENTED_EDGE('',*,*,#2761,.F.);
#1128=ORIENTED_EDGE('',*,*,#2763,.F.);
#1129=ORIENTED_EDGE('',*,*,#2765,.F.);
#1130=ORIENTED_EDGE('',*,*,#2767,.F.);
#1131=ORIENTED_EDGE('',*,*,#2772,.F.);
#1132=ORIENTED_EDGE('',*,*,#2759,.T.);
#1133=ORIENTED_EDGE('',*,*,#2756,.T.);
#1134=ORIENTED_EDGE('',*,*,#2768,.T.);
#1135=ORIENTED_EDGE('',*,*,#2736,.F.);
#1136=ORIENTED_EDGE('',*,*,#2773,.T.);
#1137=ORIENTED_EDGE('',*,*,#2770,.T.);
#1138=ORIENTED_EDGE('',*,*,#2774,.F.);
#1139=ORIENTED_EDGE('',*,*,#2760,.F.);
#1140=ORIENTED_EDGE('',*,*,#2775,.T.);
#1141=ORIENTED_EDGE('',*,*,#2738,.T.);
#1142=ORIENTED_EDGE('',*,*,#2776,.F.);
#1143=ORIENTED_EDGE('',*,*,#2776,.T.);
#1144=ORIENTED_EDGE('',*,*,#2751,.T.);
#1145=ORIENTED_EDGE('',*,*,#2774,.T.);
#1146=ORIENTED_EDGE('',*,*,#2771,.F.);
#1147=ORIENTED_EDGE('',*,*,#2775,.F.);
#1148=ORIENTED_EDGE('',*,*,#2772,.T.);
#1149=ORIENTED_EDGE('',*,*,#2773,.F.);
#1150=ORIENTED_EDGE('',*,*,#2754,.F.);
#1151=ORIENTED_EDGE('',*,*,#2777,.F.);
#1152=ORIENTED_EDGE('',*,*,#2778,.T.);
#1153=ORIENTED_EDGE('',*,*,#2727,.T.);
#1154=ORIENTED_EDGE('',*,*,#2779,.F.);
#1155=ORIENTED_EDGE('',*,*,#2780,.F.);
#1156=ORIENTED_EDGE('',*,*,#2781,.T.);
#1157=ORIENTED_EDGE('',*,*,#2782,.T.);
#1158=ORIENTED_EDGE('',*,*,#2731,.F.);
#1159=ORIENTED_EDGE('',*,*,#2733,.F.);
#1160=ORIENTED_EDGE('',*,*,#2782,.F.);
#1161=ORIENTED_EDGE('',*,*,#2783,.T.);
#1162=ORIENTED_EDGE('',*,*,#2779,.T.);
#1163=ORIENTED_EDGE('',*,*,#2734,.T.);
#1164=ORIENTED_EDGE('',*,*,#2778,.F.);
#1165=ORIENTED_EDGE('',*,*,#2784,.F.);
#1166=ORIENTED_EDGE('',*,*,#2780,.T.);
#1167=ORIENTED_EDGE('',*,*,#2785,.F.);
#1168=ORIENTED_EDGE('',*,*,#2786,.F.);
#1169=ORIENTED_EDGE('',*,*,#2787,.T.);
#1170=ORIENTED_EDGE('',*,*,#2788,.T.);
#1171=ORIENTED_EDGE('',*,*,#2787,.F.);
#1172=ORIENTED_EDGE('',*,*,#2789,.F.);
#1173=ORIENTED_EDGE('',*,*,#2790,.T.);
#1174=ORIENTED_EDGE('',*,*,#2791,.T.);
#1175=ORIENTED_EDGE('',*,*,#2792,.F.);
#1176=ORIENTED_EDGE('',*,*,#2793,.T.);
#1177=ORIENTED_EDGE('',*,*,#2794,.F.);
#1178=ORIENTED_EDGE('',*,*,#2795,.T.);
#1179=ORIENTED_EDGE('',*,*,#2796,.F.);
#1180=ORIENTED_EDGE('',*,*,#2797,.T.);
#1181=ORIENTED_EDGE('',*,*,#2798,.F.);
#1182=ORIENTED_EDGE('',*,*,#2785,.T.);
#1183=ORIENTED_EDGE('',*,*,#2799,.T.);
#1184=ORIENTED_EDGE('',*,*,#2800,.F.);
#1185=ORIENTED_EDGE('',*,*,#2792,.T.);
#1186=ORIENTED_EDGE('',*,*,#2794,.T.);
#1187=ORIENTED_EDGE('',*,*,#2796,.T.);
#1188=ORIENTED_EDGE('',*,*,#2801,.F.);
#1189=ORIENTED_EDGE('',*,*,#2799,.F.);
#1190=ORIENTED_EDGE('',*,*,#2788,.F.);
#1191=ORIENTED_EDGE('',*,*,#2791,.F.);
#1192=ORIENTED_EDGE('',*,*,#2793,.F.);
#1193=ORIENTED_EDGE('',*,*,#2795,.F.);
#1194=ORIENTED_EDGE('',*,*,#2797,.F.);
#1195=ORIENTED_EDGE('',*,*,#2802,.T.);
#1196=ORIENTED_EDGE('',*,*,#2789,.T.);
#1197=ORIENTED_EDGE('',*,*,#2786,.T.);
#1198=ORIENTED_EDGE('',*,*,#2798,.T.);
#1199=ORIENTED_EDGE('',*,*,#2790,.F.);
#1200=ORIENTED_EDGE('',*,*,#2803,.T.);
#1201=ORIENTED_EDGE('',*,*,#2777,.T.);
#1202=ORIENTED_EDGE('',*,*,#2804,.F.);
#1203=ORIENTED_EDGE('',*,*,#2781,.F.);
#1204=ORIENTED_EDGE('',*,*,#2805,.T.);
#1205=ORIENTED_EDGE('',*,*,#2800,.T.);
#1206=ORIENTED_EDGE('',*,*,#2806,.F.);
#1207=ORIENTED_EDGE('',*,*,#2806,.T.);
#1208=ORIENTED_EDGE('',*,*,#2801,.T.);
#1209=ORIENTED_EDGE('',*,*,#2804,.T.);
#1210=ORIENTED_EDGE('',*,*,#2783,.F.);
#1211=ORIENTED_EDGE('',*,*,#2805,.F.);
#1212=ORIENTED_EDGE('',*,*,#2784,.T.);
#1213=ORIENTED_EDGE('',*,*,#2803,.F.);
#1214=ORIENTED_EDGE('',*,*,#2802,.F.);
#1215=ORIENTED_EDGE('',*,*,#2807,.F.);
#1216=ORIENTED_EDGE('',*,*,#2808,.T.);
#1217=ORIENTED_EDGE('',*,*,#2718,.F.);
#1218=ORIENTED_EDGE('',*,*,#2809,.F.);
#1219=ORIENTED_EDGE('',*,*,#2715,.T.);
#1220=ORIENTED_EDGE('',*,*,#2810,.T.);
#1221=ORIENTED_EDGE('',*,*,#2811,.T.);
#1222=ORIENTED_EDGE('',*,*,#2812,.F.);
#1223=ORIENTED_EDGE('',*,*,#2812,.T.);
#1224=ORIENTED_EDGE('',*,*,#2813,.T.);
#1225=ORIENTED_EDGE('',*,*,#2809,.T.);
#1226=ORIENTED_EDGE('',*,*,#2695,.F.);
#1227=ORIENTED_EDGE('',*,*,#2810,.F.);
#1228=ORIENTED_EDGE('',*,*,#2704,.T.);
#1229=ORIENTED_EDGE('',*,*,#2808,.F.);
#1230=ORIENTED_EDGE('',*,*,#2814,.F.);
#1231=ORIENTED_EDGE('',*,*,#2711,.T.);
#1232=ORIENTED_EDGE('',*,*,#2815,.T.);
#1233=ORIENTED_EDGE('',*,*,#2816,.T.);
#1234=ORIENTED_EDGE('',*,*,#2817,.F.);
#1235=ORIENTED_EDGE('',*,*,#2818,.F.);
#1236=ORIENTED_EDGE('',*,*,#2819,.T.);
#1237=ORIENTED_EDGE('',*,*,#2714,.F.);
#1238=ORIENTED_EDGE('',*,*,#2820,.F.);
#1239=ORIENTED_EDGE('',*,*,#2820,.T.);
#1240=ORIENTED_EDGE('',*,*,#2699,.T.);
#1241=ORIENTED_EDGE('',*,*,#2817,.T.);
#1242=ORIENTED_EDGE('',*,*,#2821,.F.);
#1243=ORIENTED_EDGE('',*,*,#2819,.F.);
#1244=ORIENTED_EDGE('',*,*,#2822,.T.);
#1245=ORIENTED_EDGE('',*,*,#2815,.F.);
#1246=ORIENTED_EDGE('',*,*,#2708,.F.);
#1247=ORIENTED_EDGE('',*,*,#2811,.F.);
#1248=ORIENTED_EDGE('',*,*,#2823,.F.);
#1249=ORIENTED_EDGE('',*,*,#2824,.T.);
#1250=ORIENTED_EDGE('',*,*,#2825,.T.);
#1251=ORIENTED_EDGE('',*,*,#2826,.F.);
#1252=ORIENTED_EDGE('',*,*,#2827,.F.);
#1253=ORIENTED_EDGE('',*,*,#2807,.T.);
#1254=ORIENTED_EDGE('',*,*,#2828,.T.);
#1255=ORIENTED_EDGE('',*,*,#2828,.F.);
#1256=ORIENTED_EDGE('',*,*,#2813,.F.);
#1257=ORIENTED_EDGE('',*,*,#2825,.F.);
#1258=ORIENTED_EDGE('',*,*,#2829,.T.);
#1259=ORIENTED_EDGE('',*,*,#2827,.T.);
#1260=ORIENTED_EDGE('',*,*,#2830,.F.);
#1261=ORIENTED_EDGE('',*,*,#2823,.T.);
#1262=ORIENTED_EDGE('',*,*,#2814,.T.);
#1263=ORIENTED_EDGE('',*,*,#2831,.F.);
#1264=ORIENTED_EDGE('',*,*,#2832,.F.);
#1265=ORIENTED_EDGE('',*,*,#2833,.T.);
#1266=ORIENTED_EDGE('',*,*,#2834,.T.);
#1267=ORIENTED_EDGE('',*,*,#2833,.F.);
#1268=ORIENTED_EDGE('',*,*,#2835,.T.);
#1269=ORIENTED_EDGE('',*,*,#2836,.T.);
#1270=ORIENTED_EDGE('',*,*,#2837,.F.);
#1271=ORIENTED_EDGE('',*,*,#2838,.F.);
#1272=ORIENTED_EDGE('',*,*,#2839,.T.);
#1273=ORIENTED_EDGE('',*,*,#2840,.T.);
#1274=ORIENTED_EDGE('',*,*,#2831,.T.);
#1275=ORIENTED_EDGE('',*,*,#2841,.F.);
#1276=ORIENTED_EDGE('',*,*,#2842,.F.);
#1277=ORIENTED_EDGE('',*,*,#2838,.T.);
#1278=ORIENTED_EDGE('',*,*,#2843,.F.);
#1279=ORIENTED_EDGE('',*,*,#2841,.T.);
#1280=ORIENTED_EDGE('',*,*,#2834,.F.);
#1281=ORIENTED_EDGE('',*,*,#2837,.T.);
#1282=ORIENTED_EDGE('',*,*,#2839,.F.);
#1283=ORIENTED_EDGE('',*,*,#2844,.T.);
#1284=ORIENTED_EDGE('',*,*,#2835,.F.);
#1285=ORIENTED_EDGE('',*,*,#2832,.T.);
#1286=ORIENTED_EDGE('',*,*,#2840,.F.);
#1287=ORIENTED_EDGE('',*,*,#2836,.F.);
#1288=ORIENTED_EDGE('',*,*,#2845,.T.);
#1289=ORIENTED_EDGE('',*,*,#2826,.T.);
#1290=ORIENTED_EDGE('',*,*,#2846,.F.);
#1291=ORIENTED_EDGE('',*,*,#2824,.F.);
#1292=ORIENTED_EDGE('',*,*,#2847,.T.);
#1293=ORIENTED_EDGE('',*,*,#2842,.T.);
#1294=ORIENTED_EDGE('',*,*,#2848,.F.);
#1295=ORIENTED_EDGE('',*,*,#2848,.T.);
#1296=ORIENTED_EDGE('',*,*,#2843,.T.);
#1297=ORIENTED_EDGE('',*,*,#2846,.T.);
#1298=ORIENTED_EDGE('',*,*,#2829,.F.);
#1299=ORIENTED_EDGE('',*,*,#2847,.F.);
#1300=ORIENTED_EDGE('',*,*,#2830,.T.);
#1301=ORIENTED_EDGE('',*,*,#2845,.F.);
#1302=ORIENTED_EDGE('',*,*,#2844,.F.);
#1303=ORIENTED_EDGE('',*,*,#2849,.F.);
#1304=ORIENTED_EDGE('',*,*,#2850,.T.);
#1305=ORIENTED_EDGE('',*,*,#2818,.T.);
#1306=ORIENTED_EDGE('',*,*,#2851,.F.);
#1307=ORIENTED_EDGE('',*,*,#2852,.T.);
#1308=ORIENTED_EDGE('',*,*,#2853,.T.);
#1309=ORIENTED_EDGE('',*,*,#2854,.F.);
#1310=ORIENTED_EDGE('',*,*,#2816,.F.);
#1311=ORIENTED_EDGE('',*,*,#2821,.T.);
#1312=ORIENTED_EDGE('',*,*,#2854,.T.);
#1313=ORIENTED_EDGE('',*,*,#2855,.F.);
#1314=ORIENTED_EDGE('',*,*,#2851,.T.);
#1315=ORIENTED_EDGE('',*,*,#2822,.F.);
#1316=ORIENTED_EDGE('',*,*,#2850,.F.);
#1317=ORIENTED_EDGE('',*,*,#2856,.T.);
#1318=ORIENTED_EDGE('',*,*,#2852,.F.);
#1319=ORIENTED_EDGE('',*,*,#2857,.F.);
#1320=ORIENTED_EDGE('',*,*,#2858,.F.);
#1321=ORIENTED_EDGE('',*,*,#2859,.T.);
#1322=ORIENTED_EDGE('',*,*,#2860,.T.);
#1323=ORIENTED_EDGE('',*,*,#2859,.F.);
#1324=ORIENTED_EDGE('',*,*,#2861,.T.);
#1325=ORIENTED_EDGE('',*,*,#2862,.T.);
#1326=ORIENTED_EDGE('',*,*,#2863,.F.);
#1327=ORIENTED_EDGE('',*,*,#2864,.F.);
#1328=ORIENTED_EDGE('',*,*,#2865,.T.);
#1329=ORIENTED_EDGE('',*,*,#2866,.T.);
#1330=ORIENTED_EDGE('',*,*,#2857,.T.);
#1331=ORIENTED_EDGE('',*,*,#2867,.F.);
#1332=ORIENTED_EDGE('',*,*,#2868,.F.);
#1333=ORIENTED_EDGE('',*,*,#2864,.T.);
#1334=ORIENTED_EDGE('',*,*,#2869,.T.);
#1335=ORIENTED_EDGE('',*,*,#2867,.T.);
#1336=ORIENTED_EDGE('',*,*,#2860,.F.);
#1337=ORIENTED_EDGE('',*,*,#2863,.T.);
#1338=ORIENTED_EDGE('',*,*,#2865,.F.);
#1339=ORIENTED_EDGE('',*,*,#2870,.F.);
#1340=ORIENTED_EDGE('',*,*,#2861,.F.);
#1341=ORIENTED_EDGE('',*,*,#2858,.T.);
#1342=ORIENTED_EDGE('',*,*,#2866,.F.);
#1343=ORIENTED_EDGE('',*,*,#2853,.F.);
#1344=ORIENTED_EDGE('',*,*,#2871,.T.);
#1345=ORIENTED_EDGE('',*,*,#2868,.T.);
#1346=ORIENTED_EDGE('',*,*,#2872,.F.);
#1347=ORIENTED_EDGE('',*,*,#2862,.F.);
#1348=ORIENTED_EDGE('',*,*,#2873,.T.);
#1349=ORIENTED_EDGE('',*,*,#2849,.T.);
#1350=ORIENTED_EDGE('',*,*,#2874,.F.);
#1351=ORIENTED_EDGE('',*,*,#2874,.T.);
#1352=ORIENTED_EDGE('',*,*,#2855,.T.);
#1353=ORIENTED_EDGE('',*,*,#2872,.T.);
#1354=ORIENTED_EDGE('',*,*,#2869,.F.);
#1355=ORIENTED_EDGE('',*,*,#2873,.F.);
#1356=ORIENTED_EDGE('',*,*,#2870,.T.);
#1357=ORIENTED_EDGE('',*,*,#2871,.F.);
#1358=ORIENTED_EDGE('',*,*,#2856,.F.);
#1359=ORIENTED_EDGE('',*,*,#2875,.F.);
#1360=ORIENTED_EDGE('',*,*,#2876,.T.);
#1361=ORIENTED_EDGE('',*,*,#2877,.T.);
#1362=ORIENTED_EDGE('',*,*,#2878,.F.);
#1363=ORIENTED_EDGE('',*,*,#2875,.T.);
#1364=ORIENTED_EDGE('',*,*,#2879,.T.);
#1365=ORIENTED_EDGE('',*,*,#2880,.T.);
#1366=ORIENTED_EDGE('',*,*,#2881,.T.);
#1367=ORIENTED_EDGE('',*,*,#2882,.T.);
#1368=ORIENTED_EDGE('',*,*,#2883,.T.);
#1369=ORIENTED_EDGE('',*,*,#2884,.T.);
#1370=ORIENTED_EDGE('',*,*,#2885,.F.);
#1371=ORIENTED_EDGE('',*,*,#2885,.T.);
#1372=ORIENTED_EDGE('',*,*,#2886,.T.);
#1373=ORIENTED_EDGE('',*,*,#2887,.F.);
#1374=ORIENTED_EDGE('',*,*,#2876,.F.);
#1375=ORIENTED_EDGE('',*,*,#2878,.T.);
#1376=ORIENTED_EDGE('',*,*,#2888,.T.);
#1377=ORIENTED_EDGE('',*,*,#2889,.F.);
#1378=ORIENTED_EDGE('',*,*,#2879,.F.);
#1379=ORIENTED_EDGE('',*,*,#2887,.T.);
#1380=ORIENTED_EDGE('',*,*,#2890,.F.);
#1381=ORIENTED_EDGE('',*,*,#2891,.F.);
#1382=ORIENTED_EDGE('',*,*,#2892,.F.);
#1383=ORIENTED_EDGE('',*,*,#2893,.F.);
#1384=ORIENTED_EDGE('',*,*,#2894,.F.);
#1385=ORIENTED_EDGE('',*,*,#2888,.F.);
#1386=ORIENTED_EDGE('',*,*,#2877,.F.);
#1387=ORIENTED_EDGE('',*,*,#2884,.F.);
#1388=ORIENTED_EDGE('',*,*,#2895,.T.);
#1389=ORIENTED_EDGE('',*,*,#2890,.T.);
#1390=ORIENTED_EDGE('',*,*,#2886,.F.);
#1391=ORIENTED_EDGE('',*,*,#2880,.F.);
#1392=ORIENTED_EDGE('',*,*,#2889,.T.);
#1393=ORIENTED_EDGE('',*,*,#2894,.T.);
#1394=ORIENTED_EDGE('',*,*,#2896,.F.);
#1395=ORIENTED_EDGE('',*,*,#2897,.T.);
#1396=ORIENTED_EDGE('',*,*,#2891,.T.);
#1397=ORIENTED_EDGE('',*,*,#2895,.F.);
#1398=ORIENTED_EDGE('',*,*,#2883,.F.);
#1399=ORIENTED_EDGE('',*,*,#2896,.T.);
#1400=ORIENTED_EDGE('',*,*,#2893,.T.);
#1401=ORIENTED_EDGE('',*,*,#2898,.F.);
#1402=ORIENTED_EDGE('',*,*,#2881,.F.);
#1403=ORIENTED_EDGE('',*,*,#2882,.F.);
#1404=ORIENTED_EDGE('',*,*,#2898,.T.);
#1405=ORIENTED_EDGE('',*,*,#2892,.T.);
#1406=ORIENTED_EDGE('',*,*,#2897,.F.);
#1407=ORIENTED_EDGE('',*,*,#2899,.F.);
#1408=ORIENTED_EDGE('',*,*,#2900,.F.);
#1409=ORIENTED_EDGE('',*,*,#2901,.T.);
#1410=ORIENTED_EDGE('',*,*,#2902,.T.);
#1411=ORIENTED_EDGE('',*,*,#2903,.F.);
#1412=ORIENTED_EDGE('',*,*,#2904,.F.);
#1413=ORIENTED_EDGE('',*,*,#2905,.T.);
#1414=ORIENTED_EDGE('',*,*,#2906,.T.);
#1415=ORIENTED_EDGE('',*,*,#2907,.F.);
#1416=ORIENTED_EDGE('',*,*,#2908,.T.);
#1417=ORIENTED_EDGE('',*,*,#2909,.T.);
#1418=ORIENTED_EDGE('',*,*,#2910,.F.);
#1419=ORIENTED_EDGE('',*,*,#2909,.F.);
#1420=ORIENTED_EDGE('',*,*,#2911,.F.);
#1421=ORIENTED_EDGE('',*,*,#2912,.T.);
#1422=ORIENTED_EDGE('',*,*,#2913,.T.);
#1423=ORIENTED_EDGE('',*,*,#2912,.F.);
#1424=ORIENTED_EDGE('',*,*,#2914,.T.);
#1425=ORIENTED_EDGE('',*,*,#2915,.T.);
#1426=ORIENTED_EDGE('',*,*,#2916,.F.);
#1427=ORIENTED_EDGE('',*,*,#2917,.F.);
#1428=ORIENTED_EDGE('',*,*,#2918,.T.);
#1429=ORIENTED_EDGE('',*,*,#2919,.T.);
#1430=ORIENTED_EDGE('',*,*,#2920,.F.);
#1431=ORIENTED_EDGE('',*,*,#2919,.F.);
#1432=ORIENTED_EDGE('',*,*,#2921,.F.);
#1433=ORIENTED_EDGE('',*,*,#2922,.T.);
#1434=ORIENTED_EDGE('',*,*,#2923,.T.);
#1435=ORIENTED_EDGE('',*,*,#2922,.F.);
#1436=ORIENTED_EDGE('',*,*,#2924,.T.);
#1437=ORIENTED_EDGE('',*,*,#2925,.T.);
#1438=ORIENTED_EDGE('',*,*,#2926,.F.);
#1439=ORIENTED_EDGE('',*,*,#2927,.F.);
#1440=ORIENTED_EDGE('',*,*,#2928,.T.);
#1441=ORIENTED_EDGE('',*,*,#2929,.T.);
#1442=ORIENTED_EDGE('',*,*,#2930,.F.);
#1443=ORIENTED_EDGE('',*,*,#2929,.F.);
#1444=ORIENTED_EDGE('',*,*,#2931,.F.);
#1445=ORIENTED_EDGE('',*,*,#2932,.T.);
#1446=ORIENTED_EDGE('',*,*,#2933,.T.);
#1447=ORIENTED_EDGE('',*,*,#2932,.F.);
#1448=ORIENTED_EDGE('',*,*,#2934,.T.);
#1449=ORIENTED_EDGE('',*,*,#2935,.T.);
#1450=ORIENTED_EDGE('',*,*,#2936,.F.);
#1451=ORIENTED_EDGE('',*,*,#2937,.F.);
#1452=ORIENTED_EDGE('',*,*,#2938,.T.);
#1453=ORIENTED_EDGE('',*,*,#2939,.T.);
#1454=ORIENTED_EDGE('',*,*,#2940,.F.);
#1455=ORIENTED_EDGE('',*,*,#2939,.F.);
#1456=ORIENTED_EDGE('',*,*,#2941,.F.);
#1457=ORIENTED_EDGE('',*,*,#2942,.T.);
#1458=ORIENTED_EDGE('',*,*,#2943,.T.);
#1459=ORIENTED_EDGE('',*,*,#2942,.F.);
#1460=ORIENTED_EDGE('',*,*,#2944,.T.);
#1461=ORIENTED_EDGE('',*,*,#2945,.T.);
#1462=ORIENTED_EDGE('',*,*,#2946,.F.);
#1463=ORIENTED_EDGE('',*,*,#2947,.F.);
#1464=ORIENTED_EDGE('',*,*,#2948,.T.);
#1465=ORIENTED_EDGE('',*,*,#2949,.T.);
#1466=ORIENTED_EDGE('',*,*,#2950,.F.);
#1467=ORIENTED_EDGE('',*,*,#2949,.F.);
#1468=ORIENTED_EDGE('',*,*,#2951,.F.);
#1469=ORIENTED_EDGE('',*,*,#2952,.T.);
#1470=ORIENTED_EDGE('',*,*,#2953,.T.);
#1471=ORIENTED_EDGE('',*,*,#2952,.F.);
#1472=ORIENTED_EDGE('',*,*,#2954,.T.);
#1473=ORIENTED_EDGE('',*,*,#2955,.T.);
#1474=ORIENTED_EDGE('',*,*,#2956,.F.);
#1475=ORIENTED_EDGE('',*,*,#2957,.T.);
#1476=ORIENTED_EDGE('',*,*,#2947,.T.);
#1477=ORIENTED_EDGE('',*,*,#2958,.F.);
#1478=ORIENTED_EDGE('',*,*,#2955,.F.);
#1479=ORIENTED_EDGE('',*,*,#2959,.T.);
#1480=ORIENTED_EDGE('',*,*,#2937,.T.);
#1481=ORIENTED_EDGE('',*,*,#2960,.F.);
#1482=ORIENTED_EDGE('',*,*,#2945,.F.);
#1483=ORIENTED_EDGE('',*,*,#2961,.T.);
#1484=ORIENTED_EDGE('',*,*,#2927,.T.);
#1485=ORIENTED_EDGE('',*,*,#2962,.F.);
#1486=ORIENTED_EDGE('',*,*,#2935,.F.);
#1487=ORIENTED_EDGE('',*,*,#2963,.T.);
#1488=ORIENTED_EDGE('',*,*,#2917,.T.);
#1489=ORIENTED_EDGE('',*,*,#2964,.F.);
#1490=ORIENTED_EDGE('',*,*,#2925,.F.);
#1491=ORIENTED_EDGE('',*,*,#2965,.T.);
#1492=ORIENTED_EDGE('',*,*,#2907,.T.);
#1493=ORIENTED_EDGE('',*,*,#2966,.F.);
#1494=ORIENTED_EDGE('',*,*,#2915,.F.);
#1495=ORIENTED_EDGE('',*,*,#2967,.T.);
#1496=ORIENTED_EDGE('',*,*,#2968,.T.);
#1497=ORIENTED_EDGE('',*,*,#2969,.F.);
#1498=ORIENTED_EDGE('',*,*,#2905,.F.);
#1499=ORIENTED_EDGE('',*,*,#2956,.T.);
#1500=ORIENTED_EDGE('',*,*,#2958,.T.);
#1501=ORIENTED_EDGE('',*,*,#2950,.T.);
#1502=ORIENTED_EDGE('',*,*,#2953,.F.);
#1503=ORIENTED_EDGE('',*,*,#2946,.T.);
#1504=ORIENTED_EDGE('',*,*,#2960,.T.);
#1505=ORIENTED_EDGE('',*,*,#2940,.T.);
#1506=ORIENTED_EDGE('',*,*,#2943,.F.);
#1507=ORIENTED_EDGE('',*,*,#2936,.T.);
#1508=ORIENTED_EDGE('',*,*,#2962,.T.);
#1509=ORIENTED_EDGE('',*,*,#2930,.T.);
#1510=ORIENTED_EDGE('',*,*,#2933,.F.);
#1511=ORIENTED_EDGE('',*,*,#2926,.T.);
#1512=ORIENTED_EDGE('',*,*,#2964,.T.);
#1513=ORIENTED_EDGE('',*,*,#2920,.T.);
#1514=ORIENTED_EDGE('',*,*,#2923,.F.);
#1515=ORIENTED_EDGE('',*,*,#2916,.T.);
#1516=ORIENTED_EDGE('',*,*,#2966,.T.);
#1517=ORIENTED_EDGE('',*,*,#2910,.T.);
#1518=ORIENTED_EDGE('',*,*,#2913,.F.);
#1519=ORIENTED_EDGE('',*,*,#2906,.F.);
#1520=ORIENTED_EDGE('',*,*,#2969,.T.);
#1521=ORIENTED_EDGE('',*,*,#2970,.F.);
#1522=ORIENTED_EDGE('',*,*,#2902,.F.);
#1523=ORIENTED_EDGE('',*,*,#2971,.F.);
#1524=ORIENTED_EDGE('',*,*,#2954,.F.);
#1525=ORIENTED_EDGE('',*,*,#2951,.T.);
#1526=ORIENTED_EDGE('',*,*,#2948,.F.);
#1527=ORIENTED_EDGE('',*,*,#2957,.F.);
#1528=ORIENTED_EDGE('',*,*,#2944,.F.);
#1529=ORIENTED_EDGE('',*,*,#2941,.T.);
#1530=ORIENTED_EDGE('',*,*,#2938,.F.);
#1531=ORIENTED_EDGE('',*,*,#2959,.F.);
#1532=ORIENTED_EDGE('',*,*,#2934,.F.);
#1533=ORIENTED_EDGE('',*,*,#2931,.T.);
#1534=ORIENTED_EDGE('',*,*,#2928,.F.);
#1535=ORIENTED_EDGE('',*,*,#2961,.F.);
#1536=ORIENTED_EDGE('',*,*,#2924,.F.);
#1537=ORIENTED_EDGE('',*,*,#2921,.T.);
#1538=ORIENTED_EDGE('',*,*,#2918,.F.);
#1539=ORIENTED_EDGE('',*,*,#2963,.F.);
#1540=ORIENTED_EDGE('',*,*,#2914,.F.);
#1541=ORIENTED_EDGE('',*,*,#2911,.T.);
#1542=ORIENTED_EDGE('',*,*,#2908,.F.);
#1543=ORIENTED_EDGE('',*,*,#2965,.F.);
#1544=ORIENTED_EDGE('',*,*,#2904,.T.);
#1545=ORIENTED_EDGE('',*,*,#2972,.T.);
#1546=ORIENTED_EDGE('',*,*,#2900,.T.);
#1547=ORIENTED_EDGE('',*,*,#2973,.T.);
#1548=ORIENTED_EDGE('',*,*,#2967,.F.);
#1549=ORIENTED_EDGE('',*,*,#2974,.F.);
#1550=ORIENTED_EDGE('',*,*,#2975,.F.);
#1551=ORIENTED_EDGE('',*,*,#2976,.T.);
#1552=ORIENTED_EDGE('',*,*,#2977,.T.);
#1553=ORIENTED_EDGE('',*,*,#2976,.F.);
#1554=ORIENTED_EDGE('',*,*,#2978,.F.);
#1555=ORIENTED_EDGE('',*,*,#2979,.T.);
#1556=ORIENTED_EDGE('',*,*,#2980,.T.);
#1557=ORIENTED_EDGE('',*,*,#2981,.F.);
#1558=ORIENTED_EDGE('',*,*,#2974,.T.);
#1559=ORIENTED_EDGE('',*,*,#2982,.T.);
#1560=ORIENTED_EDGE('',*,*,#2983,.F.);
#1561=ORIENTED_EDGE('',*,*,#2984,.T.);
#1562=ORIENTED_EDGE('',*,*,#2982,.F.);
#1563=ORIENTED_EDGE('',*,*,#2977,.F.);
#1564=ORIENTED_EDGE('',*,*,#2980,.F.);
#1565=ORIENTED_EDGE('',*,*,#2985,.F.);
#1566=ORIENTED_EDGE('',*,*,#2978,.T.);
#1567=ORIENTED_EDGE('',*,*,#2975,.T.);
#1568=ORIENTED_EDGE('',*,*,#2981,.T.);
#1569=ORIENTED_EDGE('',*,*,#2901,.F.);
#1570=ORIENTED_EDGE('',*,*,#2986,.F.);
#1571=ORIENTED_EDGE('',*,*,#2983,.T.);
#1572=ORIENTED_EDGE('',*,*,#2987,.T.);
#1573=ORIENTED_EDGE('',*,*,#2979,.F.);
#1574=ORIENTED_EDGE('',*,*,#2988,.T.);
#1575=ORIENTED_EDGE('',*,*,#2903,.T.);
#1576=ORIENTED_EDGE('',*,*,#2989,.F.);
#1577=ORIENTED_EDGE('',*,*,#2989,.T.);
#1578=ORIENTED_EDGE('',*,*,#2971,.T.);
#1579=ORIENTED_EDGE('',*,*,#2987,.F.);
#1580=ORIENTED_EDGE('',*,*,#2984,.F.);
#1581=ORIENTED_EDGE('',*,*,#2988,.F.);
#1582=ORIENTED_EDGE('',*,*,#2985,.T.);
#1583=ORIENTED_EDGE('',*,*,#2986,.T.);
#1584=ORIENTED_EDGE('',*,*,#2972,.F.);
#1585=ORIENTED_EDGE('',*,*,#2968,.F.);
#1586=ORIENTED_EDGE('',*,*,#2990,.T.);
#1587=ORIENTED_EDGE('',*,*,#2991,.F.);
#1588=ORIENTED_EDGE('',*,*,#2992,.F.);
#1589=ORIENTED_EDGE('',*,*,#2993,.T.);
#1590=ORIENTED_EDGE('',*,*,#2994,.T.);
#1591=ORIENTED_EDGE('',*,*,#2899,.T.);
#1592=ORIENTED_EDGE('',*,*,#2995,.F.);
#1593=ORIENTED_EDGE('',*,*,#2995,.T.);
#1594=ORIENTED_EDGE('',*,*,#2970,.T.);
#1595=ORIENTED_EDGE('',*,*,#2992,.T.);
#1596=ORIENTED_EDGE('',*,*,#2996,.F.);
#1597=ORIENTED_EDGE('',*,*,#2994,.F.);
#1598=ORIENTED_EDGE('',*,*,#2997,.T.);
#1599=ORIENTED_EDGE('',*,*,#2990,.F.);
#1600=ORIENTED_EDGE('',*,*,#2973,.F.);
#1601=ORIENTED_EDGE('',*,*,#2998,.F.);
#1602=ORIENTED_EDGE('',*,*,#2999,.T.);
#1603=ORIENTED_EDGE('',*,*,#3000,.T.);
#1604=ORIENTED_EDGE('',*,*,#3001,.F.);
#1605=ORIENTED_EDGE('',*,*,#3000,.F.);
#1606=ORIENTED_EDGE('',*,*,#3002,.F.);
#1607=ORIENTED_EDGE('',*,*,#3003,.T.);
#1608=ORIENTED_EDGE('',*,*,#3004,.T.);
#1609=ORIENTED_EDGE('',*,*,#3003,.F.);
#1610=ORIENTED_EDGE('',*,*,#3005,.F.);
#1611=ORIENTED_EDGE('',*,*,#3006,.T.);
#1612=ORIENTED_EDGE('',*,*,#3007,.T.);
#1613=ORIENTED_EDGE('',*,*,#3008,.F.);
#1614=ORIENTED_EDGE('',*,*,#3009,.T.);
#1615=ORIENTED_EDGE('',*,*,#3010,.T.);
#1616=ORIENTED_EDGE('',*,*,#3011,.F.);
#1617=ORIENTED_EDGE('',*,*,#3010,.F.);
#1618=ORIENTED_EDGE('',*,*,#3012,.F.);
#1619=ORIENTED_EDGE('',*,*,#3013,.T.);
#1620=ORIENTED_EDGE('',*,*,#3014,.T.);
#1621=ORIENTED_EDGE('',*,*,#3013,.F.);
#1622=ORIENTED_EDGE('',*,*,#3015,.F.);
#1623=ORIENTED_EDGE('',*,*,#3016,.T.);
#1624=ORIENTED_EDGE('',*,*,#3017,.T.);
#1625=ORIENTED_EDGE('',*,*,#3018,.F.);
#1626=ORIENTED_EDGE('',*,*,#3019,.T.);
#1627=ORIENTED_EDGE('',*,*,#3020,.T.);
#1628=ORIENTED_EDGE('',*,*,#3021,.F.);
#1629=ORIENTED_EDGE('',*,*,#3020,.F.);
#1630=ORIENTED_EDGE('',*,*,#3022,.T.);
#1631=ORIENTED_EDGE('',*,*,#3023,.T.);
#1632=ORIENTED_EDGE('',*,*,#3024,.F.);
#1633=ORIENTED_EDGE('',*,*,#3023,.F.);
#1634=ORIENTED_EDGE('',*,*,#3025,.F.);
#1635=ORIENTED_EDGE('',*,*,#3026,.T.);
#1636=ORIENTED_EDGE('',*,*,#3027,.T.);
#1637=ORIENTED_EDGE('',*,*,#3028,.F.);
#1638=ORIENTED_EDGE('',*,*,#3029,.F.);
#1639=ORIENTED_EDGE('',*,*,#3030,.T.);
#1640=ORIENTED_EDGE('',*,*,#3031,.T.);
#1641=ORIENTED_EDGE('',*,*,#3030,.F.);
#1642=ORIENTED_EDGE('',*,*,#3032,.F.);
#1643=ORIENTED_EDGE('',*,*,#3033,.T.);
#1644=ORIENTED_EDGE('',*,*,#3034,.T.);
#1645=ORIENTED_EDGE('',*,*,#3035,.F.);
#1646=ORIENTED_EDGE('',*,*,#3036,.T.);
#1647=ORIENTED_EDGE('',*,*,#3037,.T.);
#1648=ORIENTED_EDGE('',*,*,#3038,.F.);
#1649=ORIENTED_EDGE('',*,*,#3037,.F.);
#1650=ORIENTED_EDGE('',*,*,#3039,.F.);
#1651=ORIENTED_EDGE('',*,*,#3040,.T.);
#1652=ORIENTED_EDGE('',*,*,#3041,.T.);
#1653=ORIENTED_EDGE('',*,*,#3040,.F.);
#1654=ORIENTED_EDGE('',*,*,#3042,.F.);
#1655=ORIENTED_EDGE('',*,*,#3043,.T.);
#1656=ORIENTED_EDGE('',*,*,#3044,.T.);
#1657=ORIENTED_EDGE('',*,*,#3045,.F.);
#1658=ORIENTED_EDGE('',*,*,#3046,.T.);
#1659=ORIENTED_EDGE('',*,*,#3047,.T.);
#1660=ORIENTED_EDGE('',*,*,#3048,.F.);
#1661=ORIENTED_EDGE('',*,*,#3047,.F.);
#1662=ORIENTED_EDGE('',*,*,#3049,.F.);
#1663=ORIENTED_EDGE('',*,*,#3050,.T.);
#1664=ORIENTED_EDGE('',*,*,#3051,.T.);
#1665=ORIENTED_EDGE('',*,*,#3050,.F.);
#1666=ORIENTED_EDGE('',*,*,#3052,.F.);
#1667=ORIENTED_EDGE('',*,*,#3053,.T.);
#1668=ORIENTED_EDGE('',*,*,#3054,.T.);
#1669=ORIENTED_EDGE('',*,*,#3055,.F.);
#1670=ORIENTED_EDGE('',*,*,#3056,.T.);
#1671=ORIENTED_EDGE('',*,*,#3057,.T.);
#1672=ORIENTED_EDGE('',*,*,#3058,.F.);
#1673=ORIENTED_EDGE('',*,*,#3057,.F.);
#1674=ORIENTED_EDGE('',*,*,#3059,.F.);
#1675=ORIENTED_EDGE('',*,*,#3060,.T.);
#1676=ORIENTED_EDGE('',*,*,#3061,.T.);
#1677=ORIENTED_EDGE('',*,*,#3060,.F.);
#1678=ORIENTED_EDGE('',*,*,#3062,.F.);
#1679=ORIENTED_EDGE('',*,*,#3063,.T.);
#1680=ORIENTED_EDGE('',*,*,#3064,.T.);
#1681=ORIENTED_EDGE('',*,*,#3065,.F.);
#1682=ORIENTED_EDGE('',*,*,#3066,.T.);
#1683=ORIENTED_EDGE('',*,*,#3067,.T.);
#1684=ORIENTED_EDGE('',*,*,#3068,.F.);
#1685=ORIENTED_EDGE('',*,*,#3067,.F.);
#1686=ORIENTED_EDGE('',*,*,#3069,.F.);
#1687=ORIENTED_EDGE('',*,*,#3070,.T.);
#1688=ORIENTED_EDGE('',*,*,#3071,.T.);
#1689=ORIENTED_EDGE('',*,*,#3070,.F.);
#1690=ORIENTED_EDGE('',*,*,#3072,.F.);
#1691=ORIENTED_EDGE('',*,*,#3073,.T.);
#1692=ORIENTED_EDGE('',*,*,#3074,.T.);
#1693=ORIENTED_EDGE('',*,*,#3075,.F.);
#1694=ORIENTED_EDGE('',*,*,#3076,.T.);
#1695=ORIENTED_EDGE('',*,*,#3077,.T.);
#1696=ORIENTED_EDGE('',*,*,#3078,.F.);
#1697=ORIENTED_EDGE('',*,*,#3077,.F.);
#1698=ORIENTED_EDGE('',*,*,#3079,.F.);
#1699=ORIENTED_EDGE('',*,*,#3080,.T.);
#1700=ORIENTED_EDGE('',*,*,#3081,.T.);
#1701=ORIENTED_EDGE('',*,*,#3080,.F.);
#1702=ORIENTED_EDGE('',*,*,#3082,.F.);
#1703=ORIENTED_EDGE('',*,*,#3083,.T.);
#1704=ORIENTED_EDGE('',*,*,#3084,.T.);
#1705=ORIENTED_EDGE('',*,*,#3085,.F.);
#1706=ORIENTED_EDGE('',*,*,#3086,.T.);
#1707=ORIENTED_EDGE('',*,*,#3087,.T.);
#1708=ORIENTED_EDGE('',*,*,#3088,.F.);
#1709=ORIENTED_EDGE('',*,*,#3087,.F.);
#1710=ORIENTED_EDGE('',*,*,#3089,.F.);
#1711=ORIENTED_EDGE('',*,*,#3090,.T.);
#1712=ORIENTED_EDGE('',*,*,#3091,.T.);
#1713=ORIENTED_EDGE('',*,*,#3090,.F.);
#1714=ORIENTED_EDGE('',*,*,#3092,.F.);
#1715=ORIENTED_EDGE('',*,*,#3093,.T.);
#1716=ORIENTED_EDGE('',*,*,#3094,.T.);
#1717=ORIENTED_EDGE('',*,*,#3095,.F.);
#1718=ORIENTED_EDGE('',*,*,#3096,.T.);
#1719=ORIENTED_EDGE('',*,*,#3097,.T.);
#1720=ORIENTED_EDGE('',*,*,#3098,.F.);
#1721=ORIENTED_EDGE('',*,*,#3097,.F.);
#1722=ORIENTED_EDGE('',*,*,#3099,.F.);
#1723=ORIENTED_EDGE('',*,*,#3100,.T.);
#1724=ORIENTED_EDGE('',*,*,#3101,.T.);
#1725=ORIENTED_EDGE('',*,*,#3100,.F.);
#1726=ORIENTED_EDGE('',*,*,#3102,.F.);
#1727=ORIENTED_EDGE('',*,*,#3103,.T.);
#1728=ORIENTED_EDGE('',*,*,#3104,.T.);
#1729=ORIENTED_EDGE('',*,*,#3105,.F.);
#1730=ORIENTED_EDGE('',*,*,#3106,.T.);
#1731=ORIENTED_EDGE('',*,*,#3107,.T.);
#1732=ORIENTED_EDGE('',*,*,#3108,.F.);
#1733=ORIENTED_EDGE('',*,*,#3107,.F.);
#1734=ORIENTED_EDGE('',*,*,#3109,.F.);
#1735=ORIENTED_EDGE('',*,*,#3110,.T.);
#1736=ORIENTED_EDGE('',*,*,#3111,.T.);
#1737=ORIENTED_EDGE('',*,*,#3110,.F.);
#1738=ORIENTED_EDGE('',*,*,#3112,.F.);
#1739=ORIENTED_EDGE('',*,*,#3113,.T.);
#1740=ORIENTED_EDGE('',*,*,#3114,.T.);
#1741=ORIENTED_EDGE('',*,*,#3115,.F.);
#1742=ORIENTED_EDGE('',*,*,#3116,.T.);
#1743=ORIENTED_EDGE('',*,*,#3117,.T.);
#1744=ORIENTED_EDGE('',*,*,#3118,.F.);
#1745=ORIENTED_EDGE('',*,*,#3117,.F.);
#1746=ORIENTED_EDGE('',*,*,#3119,.F.);
#1747=ORIENTED_EDGE('',*,*,#3120,.T.);
#1748=ORIENTED_EDGE('',*,*,#3121,.T.);
#1749=ORIENTED_EDGE('',*,*,#3120,.F.);
#1750=ORIENTED_EDGE('',*,*,#3122,.F.);
#1751=ORIENTED_EDGE('',*,*,#3123,.T.);
#1752=ORIENTED_EDGE('',*,*,#3124,.T.);
#1753=ORIENTED_EDGE('',*,*,#3125,.F.);
#1754=ORIENTED_EDGE('',*,*,#3126,.T.);
#1755=ORIENTED_EDGE('',*,*,#3127,.T.);
#1756=ORIENTED_EDGE('',*,*,#3128,.F.);
#1757=ORIENTED_EDGE('',*,*,#3127,.F.);
#1758=ORIENTED_EDGE('',*,*,#3129,.F.);
#1759=ORIENTED_EDGE('',*,*,#3130,.T.);
#1760=ORIENTED_EDGE('',*,*,#3131,.T.);
#1761=ORIENTED_EDGE('',*,*,#3130,.F.);
#1762=ORIENTED_EDGE('',*,*,#3132,.F.);
#1763=ORIENTED_EDGE('',*,*,#3133,.T.);
#1764=ORIENTED_EDGE('',*,*,#3134,.T.);
#1765=ORIENTED_EDGE('',*,*,#3135,.F.);
#1766=ORIENTED_EDGE('',*,*,#3136,.T.);
#1767=ORIENTED_EDGE('',*,*,#3137,.T.);
#1768=ORIENTED_EDGE('',*,*,#3138,.F.);
#1769=ORIENTED_EDGE('',*,*,#3137,.F.);
#1770=ORIENTED_EDGE('',*,*,#3139,.F.);
#1771=ORIENTED_EDGE('',*,*,#3140,.T.);
#1772=ORIENTED_EDGE('',*,*,#3141,.T.);
#1773=ORIENTED_EDGE('',*,*,#3140,.F.);
#1774=ORIENTED_EDGE('',*,*,#3142,.F.);
#1775=ORIENTED_EDGE('',*,*,#3143,.T.);
#1776=ORIENTED_EDGE('',*,*,#3144,.T.);
#1777=ORIENTED_EDGE('',*,*,#3145,.F.);
#1778=ORIENTED_EDGE('',*,*,#3146,.T.);
#1779=ORIENTED_EDGE('',*,*,#3147,.T.);
#1780=ORIENTED_EDGE('',*,*,#3148,.F.);
#1781=ORIENTED_EDGE('',*,*,#3147,.F.);
#1782=ORIENTED_EDGE('',*,*,#3149,.F.);
#1783=ORIENTED_EDGE('',*,*,#3150,.T.);
#1784=ORIENTED_EDGE('',*,*,#3151,.T.);
#1785=ORIENTED_EDGE('',*,*,#3150,.F.);
#1786=ORIENTED_EDGE('',*,*,#3152,.F.);
#1787=ORIENTED_EDGE('',*,*,#3153,.T.);
#1788=ORIENTED_EDGE('',*,*,#3154,.T.);
#1789=ORIENTED_EDGE('',*,*,#3155,.F.);
#1790=ORIENTED_EDGE('',*,*,#3156,.T.);
#1791=ORIENTED_EDGE('',*,*,#3157,.T.);
#1792=ORIENTED_EDGE('',*,*,#3158,.F.);
#1793=ORIENTED_EDGE('',*,*,#3157,.F.);
#1794=ORIENTED_EDGE('',*,*,#3159,.F.);
#1795=ORIENTED_EDGE('',*,*,#3160,.T.);
#1796=ORIENTED_EDGE('',*,*,#3161,.T.);
#1797=ORIENTED_EDGE('',*,*,#3160,.F.);
#1798=ORIENTED_EDGE('',*,*,#3162,.F.);
#1799=ORIENTED_EDGE('',*,*,#3163,.T.);
#1800=ORIENTED_EDGE('',*,*,#3164,.T.);
#1801=ORIENTED_EDGE('',*,*,#3165,.F.);
#1802=ORIENTED_EDGE('',*,*,#3166,.T.);
#1803=ORIENTED_EDGE('',*,*,#3167,.T.);
#1804=ORIENTED_EDGE('',*,*,#3168,.F.);
#1805=ORIENTED_EDGE('',*,*,#3167,.F.);
#1806=ORIENTED_EDGE('',*,*,#3169,.F.);
#1807=ORIENTED_EDGE('',*,*,#3170,.T.);
#1808=ORIENTED_EDGE('',*,*,#3171,.T.);
#1809=ORIENTED_EDGE('',*,*,#3170,.F.);
#1810=ORIENTED_EDGE('',*,*,#3172,.F.);
#1811=ORIENTED_EDGE('',*,*,#3173,.T.);
#1812=ORIENTED_EDGE('',*,*,#3174,.T.);
#1813=ORIENTED_EDGE('',*,*,#3175,.F.);
#1814=ORIENTED_EDGE('',*,*,#3176,.T.);
#1815=ORIENTED_EDGE('',*,*,#3177,.T.);
#1816=ORIENTED_EDGE('',*,*,#3178,.F.);
#1817=ORIENTED_EDGE('',*,*,#3177,.F.);
#1818=ORIENTED_EDGE('',*,*,#3179,.F.);
#1819=ORIENTED_EDGE('',*,*,#3180,.T.);
#1820=ORIENTED_EDGE('',*,*,#3181,.T.);
#1821=ORIENTED_EDGE('',*,*,#3180,.F.);
#1822=ORIENTED_EDGE('',*,*,#3182,.F.);
#1823=ORIENTED_EDGE('',*,*,#3183,.T.);
#1824=ORIENTED_EDGE('',*,*,#3184,.T.);
#1825=ORIENTED_EDGE('',*,*,#3185,.F.);
#1826=ORIENTED_EDGE('',*,*,#3175,.T.);
#1827=ORIENTED_EDGE('',*,*,#3186,.T.);
#1828=ORIENTED_EDGE('',*,*,#3183,.F.);
#1829=ORIENTED_EDGE('',*,*,#3187,.F.);
#1830=ORIENTED_EDGE('',*,*,#3165,.T.);
#1831=ORIENTED_EDGE('',*,*,#3188,.T.);
#1832=ORIENTED_EDGE('',*,*,#3173,.F.);
#1833=ORIENTED_EDGE('',*,*,#3189,.F.);
#1834=ORIENTED_EDGE('',*,*,#3155,.T.);
#1835=ORIENTED_EDGE('',*,*,#3190,.T.);
#1836=ORIENTED_EDGE('',*,*,#3163,.F.);
#1837=ORIENTED_EDGE('',*,*,#3191,.F.);
#1838=ORIENTED_EDGE('',*,*,#3145,.T.);
#1839=ORIENTED_EDGE('',*,*,#3192,.T.);
#1840=ORIENTED_EDGE('',*,*,#3153,.F.);
#1841=ORIENTED_EDGE('',*,*,#3193,.F.);
#1842=ORIENTED_EDGE('',*,*,#3135,.T.);
#1843=ORIENTED_EDGE('',*,*,#3194,.T.);
#1844=ORIENTED_EDGE('',*,*,#3143,.F.);
#1845=ORIENTED_EDGE('',*,*,#3195,.F.);
#1846=ORIENTED_EDGE('',*,*,#3125,.T.);
#1847=ORIENTED_EDGE('',*,*,#3196,.T.);
#1848=ORIENTED_EDGE('',*,*,#3133,.F.);
#1849=ORIENTED_EDGE('',*,*,#3197,.F.);
#1850=ORIENTED_EDGE('',*,*,#3115,.T.);
#1851=ORIENTED_EDGE('',*,*,#3198,.T.);
#1852=ORIENTED_EDGE('',*,*,#3123,.F.);
#1853=ORIENTED_EDGE('',*,*,#3199,.F.);
#1854=ORIENTED_EDGE('',*,*,#3105,.T.);
#1855=ORIENTED_EDGE('',*,*,#3200,.T.);
#1856=ORIENTED_EDGE('',*,*,#3113,.F.);
#1857=ORIENTED_EDGE('',*,*,#3201,.F.);
#1858=ORIENTED_EDGE('',*,*,#3095,.T.);
#1859=ORIENTED_EDGE('',*,*,#3202,.T.);
#1860=ORIENTED_EDGE('',*,*,#3103,.F.);
#1861=ORIENTED_EDGE('',*,*,#3203,.F.);
#1862=ORIENTED_EDGE('',*,*,#3085,.T.);
#1863=ORIENTED_EDGE('',*,*,#3204,.T.);
#1864=ORIENTED_EDGE('',*,*,#3093,.F.);
#1865=ORIENTED_EDGE('',*,*,#3205,.F.);
#1866=ORIENTED_EDGE('',*,*,#3075,.T.);
#1867=ORIENTED_EDGE('',*,*,#3206,.T.);
#1868=ORIENTED_EDGE('',*,*,#3083,.F.);
#1869=ORIENTED_EDGE('',*,*,#3207,.F.);
#1870=ORIENTED_EDGE('',*,*,#3065,.T.);
#1871=ORIENTED_EDGE('',*,*,#3208,.T.);
#1872=ORIENTED_EDGE('',*,*,#3073,.F.);
#1873=ORIENTED_EDGE('',*,*,#3209,.F.);
#1874=ORIENTED_EDGE('',*,*,#3055,.T.);
#1875=ORIENTED_EDGE('',*,*,#3210,.T.);
#1876=ORIENTED_EDGE('',*,*,#3063,.F.);
#1877=ORIENTED_EDGE('',*,*,#3211,.F.);
#1878=ORIENTED_EDGE('',*,*,#3045,.T.);
#1879=ORIENTED_EDGE('',*,*,#3212,.T.);
#1880=ORIENTED_EDGE('',*,*,#3053,.F.);
#1881=ORIENTED_EDGE('',*,*,#3213,.F.);
#1882=ORIENTED_EDGE('',*,*,#3035,.T.);
#1883=ORIENTED_EDGE('',*,*,#3214,.T.);
#1884=ORIENTED_EDGE('',*,*,#3043,.F.);
#1885=ORIENTED_EDGE('',*,*,#3215,.T.);
#1886=ORIENTED_EDGE('',*,*,#3216,.T.);
#1887=ORIENTED_EDGE('',*,*,#3217,.F.);
#1888=ORIENTED_EDGE('',*,*,#3033,.F.);
#1889=ORIENTED_EDGE('',*,*,#3218,.F.);
#1890=ORIENTED_EDGE('',*,*,#3018,.T.);
#1891=ORIENTED_EDGE('',*,*,#3219,.T.);
#1892=ORIENTED_EDGE('',*,*,#3026,.F.);
#1893=ORIENTED_EDGE('',*,*,#3220,.F.);
#1894=ORIENTED_EDGE('',*,*,#3008,.T.);
#1895=ORIENTED_EDGE('',*,*,#3221,.T.);
#1896=ORIENTED_EDGE('',*,*,#3016,.F.);
#1897=ORIENTED_EDGE('',*,*,#3222,.F.);
#1898=ORIENTED_EDGE('',*,*,#2998,.T.);
#1899=ORIENTED_EDGE('',*,*,#3223,.T.);
#1900=ORIENTED_EDGE('',*,*,#3006,.F.);
#1901=ORIENTED_EDGE('',*,*,#3224,.F.);
#1902=ORIENTED_EDGE('',*,*,#3225,.T.);
#1903=ORIENTED_EDGE('',*,*,#3226,.T.);
#1904=ORIENTED_EDGE('',*,*,#3227,.T.);
#1905=ORIENTED_EDGE('',*,*,#3184,.F.);
#1906=ORIENTED_EDGE('',*,*,#3186,.F.);
#1907=ORIENTED_EDGE('',*,*,#3178,.T.);
#1908=ORIENTED_EDGE('',*,*,#3181,.F.);
#1909=ORIENTED_EDGE('',*,*,#3174,.F.);
#1910=ORIENTED_EDGE('',*,*,#3188,.F.);
#1911=ORIENTED_EDGE('',*,*,#3168,.T.);
#1912=ORIENTED_EDGE('',*,*,#3171,.F.);
#1913=ORIENTED_EDGE('',*,*,#3164,.F.);
#1914=ORIENTED_EDGE('',*,*,#3190,.F.);
#1915=ORIENTED_EDGE('',*,*,#3158,.T.);
#1916=ORIENTED_EDGE('',*,*,#3161,.F.);
#1917=ORIENTED_EDGE('',*,*,#3154,.F.);
#1918=ORIENTED_EDGE('',*,*,#3192,.F.);
#1919=ORIENTED_EDGE('',*,*,#3148,.T.);
#1920=ORIENTED_EDGE('',*,*,#3151,.F.);
#1921=ORIENTED_EDGE('',*,*,#3144,.F.);
#1922=ORIENTED_EDGE('',*,*,#3194,.F.);
#1923=ORIENTED_EDGE('',*,*,#3138,.T.);
#1924=ORIENTED_EDGE('',*,*,#3141,.F.);
#1925=ORIENTED_EDGE('',*,*,#3134,.F.);
#1926=ORIENTED_EDGE('',*,*,#3196,.F.);
#1927=ORIENTED_EDGE('',*,*,#3128,.T.);
#1928=ORIENTED_EDGE('',*,*,#3131,.F.);
#1929=ORIENTED_EDGE('',*,*,#3124,.F.);
#1930=ORIENTED_EDGE('',*,*,#3198,.F.);
#1931=ORIENTED_EDGE('',*,*,#3118,.T.);
#1932=ORIENTED_EDGE('',*,*,#3121,.F.);
#1933=ORIENTED_EDGE('',*,*,#3114,.F.);
#1934=ORIENTED_EDGE('',*,*,#3200,.F.);
#1935=ORIENTED_EDGE('',*,*,#3108,.T.);
#1936=ORIENTED_EDGE('',*,*,#3111,.F.);
#1937=ORIENTED_EDGE('',*,*,#3104,.F.);
#1938=ORIENTED_EDGE('',*,*,#3202,.F.);
#1939=ORIENTED_EDGE('',*,*,#3098,.T.);
#1940=ORIENTED_EDGE('',*,*,#3101,.F.);
#1941=ORIENTED_EDGE('',*,*,#3094,.F.);
#1942=ORIENTED_EDGE('',*,*,#3204,.F.);
#1943=ORIENTED_EDGE('',*,*,#3088,.T.);
#1944=ORIENTED_EDGE('',*,*,#3091,.F.);
#1945=ORIENTED_EDGE('',*,*,#3084,.F.);
#1946=ORIENTED_EDGE('',*,*,#3206,.F.);
#1947=ORIENTED_EDGE('',*,*,#3078,.T.);
#1948=ORIENTED_EDGE('',*,*,#3081,.F.);
#1949=ORIENTED_EDGE('',*,*,#3074,.F.);
#1950=ORIENTED_EDGE('',*,*,#3208,.F.);
#1951=ORIENTED_EDGE('',*,*,#3068,.T.);
#1952=ORIENTED_EDGE('',*,*,#3071,.F.);
#1953=ORIENTED_EDGE('',*,*,#3064,.F.);
#1954=ORIENTED_EDGE('',*,*,#3210,.F.);
#1955=ORIENTED_EDGE('',*,*,#3058,.T.);
#1956=ORIENTED_EDGE('',*,*,#3061,.F.);
#1957=ORIENTED_EDGE('',*,*,#3054,.F.);
#1958=ORIENTED_EDGE('',*,*,#3212,.F.);
#1959=ORIENTED_EDGE('',*,*,#3048,.T.);
#1960=ORIENTED_EDGE('',*,*,#3051,.F.);
#1961=ORIENTED_EDGE('',*,*,#3044,.F.);
#1962=ORIENTED_EDGE('',*,*,#3214,.F.);
#1963=ORIENTED_EDGE('',*,*,#3038,.T.);
#1964=ORIENTED_EDGE('',*,*,#3041,.F.);
#1965=ORIENTED_EDGE('',*,*,#3034,.F.);
#1966=ORIENTED_EDGE('',*,*,#3217,.T.);
#1967=ORIENTED_EDGE('',*,*,#3228,.T.);
#1968=ORIENTED_EDGE('',*,*,#3031,.F.);
#1969=ORIENTED_EDGE('',*,*,#3027,.F.);
#1970=ORIENTED_EDGE('',*,*,#3219,.F.);
#1971=ORIENTED_EDGE('',*,*,#3021,.T.);
#1972=ORIENTED_EDGE('',*,*,#3024,.T.);
#1973=ORIENTED_EDGE('',*,*,#3017,.F.);
#1974=ORIENTED_EDGE('',*,*,#3221,.F.);
#1975=ORIENTED_EDGE('',*,*,#3011,.T.);
#1976=ORIENTED_EDGE('',*,*,#3014,.F.);
#1977=ORIENTED_EDGE('',*,*,#3007,.F.);
#1978=ORIENTED_EDGE('',*,*,#3223,.F.);
#1979=ORIENTED_EDGE('',*,*,#3001,.T.);
#1980=ORIENTED_EDGE('',*,*,#3004,.F.);
#1981=ORIENTED_EDGE('',*,*,#3224,.T.);
#1982=ORIENTED_EDGE('',*,*,#3182,.T.);
#1983=ORIENTED_EDGE('',*,*,#3179,.T.);
#1984=ORIENTED_EDGE('',*,*,#3176,.F.);
#1985=ORIENTED_EDGE('',*,*,#3185,.T.);
#1986=ORIENTED_EDGE('',*,*,#3172,.T.);
#1987=ORIENTED_EDGE('',*,*,#3169,.T.);
#1988=ORIENTED_EDGE('',*,*,#3166,.F.);
#1989=ORIENTED_EDGE('',*,*,#3187,.T.);
#1990=ORIENTED_EDGE('',*,*,#3162,.T.);
#1991=ORIENTED_EDGE('',*,*,#3159,.T.);
#1992=ORIENTED_EDGE('',*,*,#3156,.F.);
#1993=ORIENTED_EDGE('',*,*,#3189,.T.);
#1994=ORIENTED_EDGE('',*,*,#3152,.T.);
#1995=ORIENTED_EDGE('',*,*,#3149,.T.);
#1996=ORIENTED_EDGE('',*,*,#3146,.F.);
#1997=ORIENTED_EDGE('',*,*,#3191,.T.);
#1998=ORIENTED_EDGE('',*,*,#3142,.T.);
#1999=ORIENTED_EDGE('',*,*,#3139,.T.);
#2000=ORIENTED_EDGE('',*,*,#3136,.F.);
#2001=ORIENTED_EDGE('',*,*,#3193,.T.);
#2002=ORIENTED_EDGE('',*,*,#3132,.T.);
#2003=ORIENTED_EDGE('',*,*,#3129,.T.);
#2004=ORIENTED_EDGE('',*,*,#3126,.F.);
#2005=ORIENTED_EDGE('',*,*,#3195,.T.);
#2006=ORIENTED_EDGE('',*,*,#3122,.T.);
#2007=ORIENTED_EDGE('',*,*,#3119,.T.);
#2008=ORIENTED_EDGE('',*,*,#3116,.F.);
#2009=ORIENTED_EDGE('',*,*,#3197,.T.);
#2010=ORIENTED_EDGE('',*,*,#3112,.T.);
#2011=ORIENTED_EDGE('',*,*,#3109,.T.);
#2012=ORIENTED_EDGE('',*,*,#3106,.F.);
#2013=ORIENTED_EDGE('',*,*,#3199,.T.);
#2014=ORIENTED_EDGE('',*,*,#3102,.T.);
#2015=ORIENTED_EDGE('',*,*,#3099,.T.);
#2016=ORIENTED_EDGE('',*,*,#3096,.F.);
#2017=ORIENTED_EDGE('',*,*,#3201,.T.);
#2018=ORIENTED_EDGE('',*,*,#3092,.T.);
#2019=ORIENTED_EDGE('',*,*,#3089,.T.);
#2020=ORIENTED_EDGE('',*,*,#3086,.F.);
#2021=ORIENTED_EDGE('',*,*,#3203,.T.);
#2022=ORIENTED_EDGE('',*,*,#3082,.T.);
#2023=ORIENTED_EDGE('',*,*,#3079,.T.);
#2024=ORIENTED_EDGE('',*,*,#3076,.F.);
#2025=ORIENTED_EDGE('',*,*,#3205,.T.);
#2026=ORIENTED_EDGE('',*,*,#3072,.T.);
#2027=ORIENTED_EDGE('',*,*,#3069,.T.);
#2028=ORIENTED_EDGE('',*,*,#3066,.F.);
#2029=ORIENTED_EDGE('',*,*,#3207,.T.);
#2030=ORIENTED_EDGE('',*,*,#3062,.T.);
#2031=ORIENTED_EDGE('',*,*,#3059,.T.);
#2032=ORIENTED_EDGE('',*,*,#3056,.F.);
#2033=ORIENTED_EDGE('',*,*,#3209,.T.);
#2034=ORIENTED_EDGE('',*,*,#3052,.T.);
#2035=ORIENTED_EDGE('',*,*,#3049,.T.);
#2036=ORIENTED_EDGE('',*,*,#3046,.F.);
#2037=ORIENTED_EDGE('',*,*,#3211,.T.);
#2038=ORIENTED_EDGE('',*,*,#3042,.T.);
#2039=ORIENTED_EDGE('',*,*,#3039,.T.);
#2040=ORIENTED_EDGE('',*,*,#3036,.F.);
#2041=ORIENTED_EDGE('',*,*,#3213,.T.);
#2042=ORIENTED_EDGE('',*,*,#3032,.T.);
#2043=ORIENTED_EDGE('',*,*,#3029,.T.);
#2044=ORIENTED_EDGE('',*,*,#3229,.F.);
#2045=ORIENTED_EDGE('',*,*,#3215,.F.);
#2046=ORIENTED_EDGE('',*,*,#3025,.T.);
#2047=ORIENTED_EDGE('',*,*,#3022,.F.);
#2048=ORIENTED_EDGE('',*,*,#3019,.F.);
#2049=ORIENTED_EDGE('',*,*,#3218,.T.);
#2050=ORIENTED_EDGE('',*,*,#3015,.T.);
#2051=ORIENTED_EDGE('',*,*,#3012,.T.);
#2052=ORIENTED_EDGE('',*,*,#3009,.F.);
#2053=ORIENTED_EDGE('',*,*,#3220,.T.);
#2054=ORIENTED_EDGE('',*,*,#3005,.T.);
#2055=ORIENTED_EDGE('',*,*,#3002,.T.);
#2056=ORIENTED_EDGE('',*,*,#2999,.F.);
#2057=ORIENTED_EDGE('',*,*,#3222,.T.);
#2058=ORIENTED_EDGE('',*,*,#3225,.F.);
#2059=ORIENTED_EDGE('',*,*,#3230,.F.);
#2060=ORIENTED_EDGE('',*,*,#3231,.T.);
#2061=ORIENTED_EDGE('',*,*,#3232,.F.);
#2062=ORIENTED_EDGE('',*,*,#3233,.T.);
#2063=ORIENTED_EDGE('',*,*,#2996,.T.);
#2064=ORIENTED_EDGE('',*,*,#3234,.T.);
#2065=ORIENTED_EDGE('',*,*,#3235,.T.);
#2066=ORIENTED_EDGE('',*,*,#3236,.T.);
#2067=ORIENTED_EDGE('',*,*,#3237,.T.);
#2068=ORIENTED_EDGE('',*,*,#3238,.T.);
#2069=ORIENTED_EDGE('',*,*,#3239,.T.);
#2070=ORIENTED_EDGE('',*,*,#3240,.T.);
#2071=ORIENTED_EDGE('',*,*,#3241,.F.);
#2072=ORIENTED_EDGE('',*,*,#3242,.T.);
#2073=ORIENTED_EDGE('',*,*,#2997,.F.);
#2074=ORIENTED_EDGE('',*,*,#3243,.T.);
#2075=ORIENTED_EDGE('',*,*,#2993,.F.);
#2076=ORIENTED_EDGE('',*,*,#3233,.F.);
#2077=ORIENTED_EDGE('',*,*,#3244,.T.);
#2078=ORIENTED_EDGE('',*,*,#3243,.F.);
#2079=ORIENTED_EDGE('',*,*,#3245,.F.);
#2080=ORIENTED_EDGE('',*,*,#3234,.F.);
#2081=ORIENTED_EDGE('',*,*,#2991,.T.);
#2082=ORIENTED_EDGE('',*,*,#3242,.F.);
#2083=ORIENTED_EDGE('',*,*,#3246,.F.);
#2084=ORIENTED_EDGE('',*,*,#3236,.F.);
#2085=ORIENTED_EDGE('',*,*,#3247,.T.);
#2086=ORIENTED_EDGE('',*,*,#3240,.F.);
#2087=ORIENTED_EDGE('',*,*,#3248,.F.);
#2088=ORIENTED_EDGE('',*,*,#3231,.F.);
#2089=ORIENTED_EDGE('',*,*,#3249,.T.);
#2090=ORIENTED_EDGE('',*,*,#3238,.F.);
#2091=ORIENTED_EDGE('',*,*,#3248,.T.);
#2092=ORIENTED_EDGE('',*,*,#3250,.T.);
#2093=ORIENTED_EDGE('',*,*,#3028,.T.);
#2094=ORIENTED_EDGE('',*,*,#3251,.F.);
#2095=ORIENTED_EDGE('',*,*,#3216,.F.);
#2096=ORIENTED_EDGE('',*,*,#3252,.T.);
#2097=ORIENTED_EDGE('',*,*,#3244,.F.);
#2098=ORIENTED_EDGE('',*,*,#3253,.F.);
#2099=ORIENTED_EDGE('',*,*,#3253,.T.);
#2100=ORIENTED_EDGE('',*,*,#3232,.T.);
#2101=ORIENTED_EDGE('',*,*,#3251,.T.);
#2102=ORIENTED_EDGE('',*,*,#3228,.F.);
#2103=ORIENTED_EDGE('',*,*,#3252,.F.);
#2104=ORIENTED_EDGE('',*,*,#3229,.T.);
#2105=ORIENTED_EDGE('',*,*,#3250,.F.);
#2106=ORIENTED_EDGE('',*,*,#3237,.F.);
#2107=ORIENTED_EDGE('',*,*,#3254,.T.);
#2108=ORIENTED_EDGE('',*,*,#3255,.T.);
#2109=ORIENTED_EDGE('',*,*,#3256,.F.);
#2110=ORIENTED_EDGE('',*,*,#3257,.F.);
#2111=ORIENTED_EDGE('',*,*,#3258,.F.);
#2112=ORIENTED_EDGE('',*,*,#3259,.T.);
#2113=ORIENTED_EDGE('',*,*,#3260,.T.);
#2114=ORIENTED_EDGE('',*,*,#3261,.F.);
#2115=ORIENTED_EDGE('',*,*,#3260,.F.);
#2116=ORIENTED_EDGE('',*,*,#3262,.T.);
#2117=ORIENTED_EDGE('',*,*,#3263,.T.);
#2118=ORIENTED_EDGE('',*,*,#3264,.F.);
#2119=ORIENTED_EDGE('',*,*,#3263,.F.);
#2120=ORIENTED_EDGE('',*,*,#3265,.F.);
#2121=ORIENTED_EDGE('',*,*,#3266,.T.);
#2122=ORIENTED_EDGE('',*,*,#3267,.T.);
#2123=ORIENTED_EDGE('',*,*,#3268,.F.);
#2124=ORIENTED_EDGE('',*,*,#3269,.T.);
#2125=ORIENTED_EDGE('',*,*,#3270,.T.);
#2126=ORIENTED_EDGE('',*,*,#3271,.F.);
#2127=ORIENTED_EDGE('',*,*,#3270,.F.);
#2128=ORIENTED_EDGE('',*,*,#3272,.T.);
#2129=ORIENTED_EDGE('',*,*,#3273,.T.);
#2130=ORIENTED_EDGE('',*,*,#3274,.F.);
#2131=ORIENTED_EDGE('',*,*,#3275,.F.);
#2132=ORIENTED_EDGE('',*,*,#3257,.T.);
#2133=ORIENTED_EDGE('',*,*,#3276,.T.);
#2134=ORIENTED_EDGE('',*,*,#3277,.F.);
#2135=ORIENTED_EDGE('',*,*,#3278,.F.);
#2136=ORIENTED_EDGE('',*,*,#3258,.T.);
#2137=ORIENTED_EDGE('',*,*,#3279,.T.);
#2138=ORIENTED_EDGE('',*,*,#3266,.F.);
#2139=ORIENTED_EDGE('',*,*,#3280,.F.);
#2140=ORIENTED_EDGE('',*,*,#3276,.F.);
#2141=ORIENTED_EDGE('',*,*,#3256,.T.);
#2142=ORIENTED_EDGE('',*,*,#3281,.T.);
#2143=ORIENTED_EDGE('',*,*,#3271,.T.);
#2144=ORIENTED_EDGE('',*,*,#3274,.T.);
#2145=ORIENTED_EDGE('',*,*,#3267,.F.);
#2146=ORIENTED_EDGE('',*,*,#3279,.F.);
#2147=ORIENTED_EDGE('',*,*,#3261,.T.);
#2148=ORIENTED_EDGE('',*,*,#3264,.T.);
#2149=ORIENTED_EDGE('',*,*,#3282,.T.);
#2150=ORIENTED_EDGE('',*,*,#3272,.F.);
#2151=ORIENTED_EDGE('',*,*,#3269,.F.);
#2152=ORIENTED_EDGE('',*,*,#3283,.F.);
#2153=ORIENTED_EDGE('',*,*,#3254,.F.);
#2154=ORIENTED_EDGE('',*,*,#3275,.T.);
#2155=ORIENTED_EDGE('',*,*,#3265,.T.);
#2156=ORIENTED_EDGE('',*,*,#3262,.F.);
#2157=ORIENTED_EDGE('',*,*,#3259,.F.);
#2158=ORIENTED_EDGE('',*,*,#3278,.T.);
#2159=ORIENTED_EDGE('',*,*,#3284,.F.);
#2160=ORIENTED_EDGE('',*,*,#3285,.T.);
#2161=ORIENTED_EDGE('',*,*,#3286,.T.);
#2162=ORIENTED_EDGE('',*,*,#3287,.F.);
#2163=ORIENTED_EDGE('',*,*,#3286,.F.);
#2164=ORIENTED_EDGE('',*,*,#3288,.F.);
#2165=ORIENTED_EDGE('',*,*,#3289,.T.);
#2166=ORIENTED_EDGE('',*,*,#3290,.T.);
#2167=ORIENTED_EDGE('',*,*,#3289,.F.);
#2168=ORIENTED_EDGE('',*,*,#3291,.F.);
#2169=ORIENTED_EDGE('',*,*,#3292,.T.);
#2170=ORIENTED_EDGE('',*,*,#3293,.T.);
#2171=ORIENTED_EDGE('',*,*,#3292,.F.);
#2172=ORIENTED_EDGE('',*,*,#3294,.F.);
#2173=ORIENTED_EDGE('',*,*,#3295,.T.);
#2174=ORIENTED_EDGE('',*,*,#3296,.T.);
#2175=ORIENTED_EDGE('',*,*,#3295,.F.);
#2176=ORIENTED_EDGE('',*,*,#3297,.T.);
#2177=ORIENTED_EDGE('',*,*,#3298,.T.);
#2178=ORIENTED_EDGE('',*,*,#3299,.F.);
#2179=ORIENTED_EDGE('',*,*,#3298,.F.);
#2180=ORIENTED_EDGE('',*,*,#3300,.F.);
#2181=ORIENTED_EDGE('',*,*,#3301,.T.);
#2182=ORIENTED_EDGE('',*,*,#3302,.T.);
#2183=ORIENTED_EDGE('',*,*,#3301,.F.);
#2184=ORIENTED_EDGE('',*,*,#3303,.F.);
#2185=ORIENTED_EDGE('',*,*,#3304,.T.);
#2186=ORIENTED_EDGE('',*,*,#3305,.T.);
#2187=ORIENTED_EDGE('',*,*,#3306,.F.);
#2188=ORIENTED_EDGE('',*,*,#3307,.T.);
#2189=ORIENTED_EDGE('',*,*,#3308,.T.);
#2190=ORIENTED_EDGE('',*,*,#3309,.F.);
#2191=ORIENTED_EDGE('',*,*,#3308,.F.);
#2192=ORIENTED_EDGE('',*,*,#3310,.F.);
#2193=ORIENTED_EDGE('',*,*,#3311,.T.);
#2194=ORIENTED_EDGE('',*,*,#3312,.T.);
#2195=ORIENTED_EDGE('',*,*,#3311,.F.);
#2196=ORIENTED_EDGE('',*,*,#3313,.F.);
#2197=ORIENTED_EDGE('',*,*,#3314,.T.);
#2198=ORIENTED_EDGE('',*,*,#3315,.T.);
#2199=ORIENTED_EDGE('',*,*,#3316,.T.);
#2200=ORIENTED_EDGE('',*,*,#3284,.T.);
#2201=ORIENTED_EDGE('',*,*,#3317,.F.);
#2202=ORIENTED_EDGE('',*,*,#3314,.F.);
#2203=ORIENTED_EDGE('',*,*,#3315,.F.);
#2204=ORIENTED_EDGE('',*,*,#3317,.T.);
#2205=ORIENTED_EDGE('',*,*,#3287,.T.);
#2206=ORIENTED_EDGE('',*,*,#3290,.F.);
#2207=ORIENTED_EDGE('',*,*,#3293,.F.);
#2208=ORIENTED_EDGE('',*,*,#3296,.F.);
#2209=ORIENTED_EDGE('',*,*,#3299,.T.);
#2210=ORIENTED_EDGE('',*,*,#3302,.F.);
#2211=ORIENTED_EDGE('',*,*,#3305,.F.);
#2212=ORIENTED_EDGE('',*,*,#3318,.F.);
#2213=ORIENTED_EDGE('',*,*,#3309,.T.);
#2214=ORIENTED_EDGE('',*,*,#3312,.F.);
#2215=ORIENTED_EDGE('',*,*,#3313,.T.);
#2216=ORIENTED_EDGE('',*,*,#3310,.T.);
#2217=ORIENTED_EDGE('',*,*,#3307,.F.);
#2218=ORIENTED_EDGE('',*,*,#3319,.T.);
#2219=ORIENTED_EDGE('',*,*,#3303,.T.);
#2220=ORIENTED_EDGE('',*,*,#3300,.T.);
#2221=ORIENTED_EDGE('',*,*,#3297,.F.);
#2222=ORIENTED_EDGE('',*,*,#3294,.T.);
#2223=ORIENTED_EDGE('',*,*,#3291,.T.);
#2224=ORIENTED_EDGE('',*,*,#3288,.T.);
#2225=ORIENTED_EDGE('',*,*,#3285,.F.);
#2226=ORIENTED_EDGE('',*,*,#3316,.F.);
#2227=ORIENTED_EDGE('',*,*,#3304,.F.);
#2228=ORIENTED_EDGE('',*,*,#3320,.F.);
#2229=ORIENTED_EDGE('',*,*,#3268,.T.);
#2230=ORIENTED_EDGE('',*,*,#3321,.T.);
#2231=ORIENTED_EDGE('',*,*,#3255,.F.);
#2232=ORIENTED_EDGE('',*,*,#3322,.T.);
#2233=ORIENTED_EDGE('',*,*,#3306,.T.);
#2234=ORIENTED_EDGE('',*,*,#3323,.F.);
#2235=ORIENTED_EDGE('',*,*,#3323,.T.);
#2236=ORIENTED_EDGE('',*,*,#3318,.T.);
#2237=ORIENTED_EDGE('',*,*,#3321,.F.);
#2238=ORIENTED_EDGE('',*,*,#3281,.F.);
#2239=ORIENTED_EDGE('',*,*,#3322,.F.);
#2240=ORIENTED_EDGE('',*,*,#3283,.T.);
#2241=ORIENTED_EDGE('',*,*,#3320,.T.);
#2242=ORIENTED_EDGE('',*,*,#3319,.F.);
#2243=ORIENTED_EDGE('',*,*,#3273,.F.);
#2244=ORIENTED_EDGE('',*,*,#3324,.T.);
#2245=ORIENTED_EDGE('',*,*,#3247,.F.);
#2246=ORIENTED_EDGE('',*,*,#3325,.F.);
#2247=ORIENTED_EDGE('',*,*,#3245,.T.);
#2248=ORIENTED_EDGE('',*,*,#3326,.T.);
#2249=ORIENTED_EDGE('',*,*,#3277,.T.);
#2250=ORIENTED_EDGE('',*,*,#3327,.F.);
#2251=ORIENTED_EDGE('',*,*,#3327,.T.);
#2252=ORIENTED_EDGE('',*,*,#3280,.T.);
#2253=ORIENTED_EDGE('',*,*,#3325,.T.);
#2254=ORIENTED_EDGE('',*,*,#3235,.F.);
#2255=ORIENTED_EDGE('',*,*,#3326,.F.);
#2256=ORIENTED_EDGE('',*,*,#3241,.T.);
#2257=ORIENTED_EDGE('',*,*,#3324,.F.);
#2258=ORIENTED_EDGE('',*,*,#3282,.F.);
#2259=ORIENTED_EDGE('',*,*,#3246,.T.);
#2260=ORIENTED_EDGE('',*,*,#3328,.T.);
#2261=ORIENTED_EDGE('',*,*,#3329,.T.);
#2262=ORIENTED_EDGE('',*,*,#3330,.F.);
#2263=ORIENTED_EDGE('',*,*,#3331,.F.);
#2264=ORIENTED_EDGE('',*,*,#3332,.T.);
#2265=ORIENTED_EDGE('',*,*,#3249,.F.);
#2266=ORIENTED_EDGE('',*,*,#3333,.F.);
#2267=ORIENTED_EDGE('',*,*,#3333,.T.);
#2268=ORIENTED_EDGE('',*,*,#3230,.T.);
#2269=ORIENTED_EDGE('',*,*,#3330,.T.);
#2270=ORIENTED_EDGE('',*,*,#3334,.F.);
#2271=ORIENTED_EDGE('',*,*,#3332,.F.);
#2272=ORIENTED_EDGE('',*,*,#3335,.T.);
#2273=ORIENTED_EDGE('',*,*,#3328,.F.);
#2274=ORIENTED_EDGE('',*,*,#3239,.F.);
#2275=ORIENTED_EDGE('',*,*,#3336,.T.);
#2276=ORIENTED_EDGE('',*,*,#3337,.T.);
#2277=ORIENTED_EDGE('',*,*,#3338,.F.);
#2278=ORIENTED_EDGE('',*,*,#3339,.F.);
#2279=ORIENTED_EDGE('',*,*,#3340,.F.);
#2280=ORIENTED_EDGE('',*,*,#3341,.T.);
#2281=ORIENTED_EDGE('',*,*,#3331,.T.);
#2282=ORIENTED_EDGE('',*,*,#3342,.F.);
#2283=ORIENTED_EDGE('',*,*,#3329,.F.);
#2284=ORIENTED_EDGE('',*,*,#3343,.F.);
#2285=ORIENTED_EDGE('',*,*,#3339,.T.);
#2286=ORIENTED_EDGE('',*,*,#3344,.T.);
#2287=ORIENTED_EDGE('',*,*,#3345,.F.);
#2288=ORIENTED_EDGE('',*,*,#3346,.T.);
#2289=ORIENTED_EDGE('',*,*,#3347,.T.);
#2290=ORIENTED_EDGE('',*,*,#3348,.F.);
#2291=ORIENTED_EDGE('',*,*,#3347,.F.);
#2292=ORIENTED_EDGE('',*,*,#3349,.F.);
#2293=ORIENTED_EDGE('',*,*,#3350,.T.);
#2294=ORIENTED_EDGE('',*,*,#3351,.T.);
#2295=ORIENTED_EDGE('',*,*,#3350,.F.);
#2296=ORIENTED_EDGE('',*,*,#3352,.F.);
#2297=ORIENTED_EDGE('',*,*,#3353,.T.);
#2298=ORIENTED_EDGE('',*,*,#3354,.T.);
#2299=ORIENTED_EDGE('',*,*,#3355,.F.);
#2300=ORIENTED_EDGE('',*,*,#3356,.T.);
#2301=ORIENTED_EDGE('',*,*,#3357,.T.);
#2302=ORIENTED_EDGE('',*,*,#3358,.F.);
#2303=ORIENTED_EDGE('',*,*,#3357,.F.);
#2304=ORIENTED_EDGE('',*,*,#3359,.F.);
#2305=ORIENTED_EDGE('',*,*,#3360,.T.);
#2306=ORIENTED_EDGE('',*,*,#3361,.T.);
#2307=ORIENTED_EDGE('',*,*,#3360,.F.);
#2308=ORIENTED_EDGE('',*,*,#3362,.F.);
#2309=ORIENTED_EDGE('',*,*,#3363,.T.);
#2310=ORIENTED_EDGE('',*,*,#3364,.T.);
#2311=ORIENTED_EDGE('',*,*,#3365,.F.);
#2312=ORIENTED_EDGE('',*,*,#3366,.T.);
#2313=ORIENTED_EDGE('',*,*,#3367,.T.);
#2314=ORIENTED_EDGE('',*,*,#3368,.F.);
#2315=ORIENTED_EDGE('',*,*,#3367,.F.);
#2316=ORIENTED_EDGE('',*,*,#3369,.F.);
#2317=ORIENTED_EDGE('',*,*,#3370,.T.);
#2318=ORIENTED_EDGE('',*,*,#3371,.T.);
#2319=ORIENTED_EDGE('',*,*,#3370,.F.);
#2320=ORIENTED_EDGE('',*,*,#3372,.F.);
#2321=ORIENTED_EDGE('',*,*,#3373,.T.);
#2322=ORIENTED_EDGE('',*,*,#3374,.T.);
#2323=ORIENTED_EDGE('',*,*,#3375,.F.);
#2324=ORIENTED_EDGE('',*,*,#3376,.T.);
#2325=ORIENTED_EDGE('',*,*,#3377,.T.);
#2326=ORIENTED_EDGE('',*,*,#3378,.F.);
#2327=ORIENTED_EDGE('',*,*,#3377,.F.);
#2328=ORIENTED_EDGE('',*,*,#3379,.F.);
#2329=ORIENTED_EDGE('',*,*,#3380,.T.);
#2330=ORIENTED_EDGE('',*,*,#3381,.T.);
#2331=ORIENTED_EDGE('',*,*,#3380,.F.);
#2332=ORIENTED_EDGE('',*,*,#3382,.F.);
#2333=ORIENTED_EDGE('',*,*,#3383,.T.);
#2334=ORIENTED_EDGE('',*,*,#3384,.T.);
#2335=ORIENTED_EDGE('',*,*,#3385,.F.);
#2336=ORIENTED_EDGE('',*,*,#3386,.T.);
#2337=ORIENTED_EDGE('',*,*,#3387,.T.);
#2338=ORIENTED_EDGE('',*,*,#3388,.F.);
#2339=ORIENTED_EDGE('',*,*,#3387,.F.);
#2340=ORIENTED_EDGE('',*,*,#3389,.F.);
#2341=ORIENTED_EDGE('',*,*,#3390,.T.);
#2342=ORIENTED_EDGE('',*,*,#3391,.T.);
#2343=ORIENTED_EDGE('',*,*,#3390,.F.);
#2344=ORIENTED_EDGE('',*,*,#3392,.F.);
#2345=ORIENTED_EDGE('',*,*,#3393,.T.);
#2346=ORIENTED_EDGE('',*,*,#3394,.T.);
#2347=ORIENTED_EDGE('',*,*,#3395,.F.);
#2348=ORIENTED_EDGE('',*,*,#3385,.T.);
#2349=ORIENTED_EDGE('',*,*,#3396,.T.);
#2350=ORIENTED_EDGE('',*,*,#3393,.F.);
#2351=ORIENTED_EDGE('',*,*,#3397,.F.);
#2352=ORIENTED_EDGE('',*,*,#3375,.T.);
#2353=ORIENTED_EDGE('',*,*,#3398,.T.);
#2354=ORIENTED_EDGE('',*,*,#3383,.F.);
#2355=ORIENTED_EDGE('',*,*,#3399,.F.);
#2356=ORIENTED_EDGE('',*,*,#3365,.T.);
#2357=ORIENTED_EDGE('',*,*,#3400,.T.);
#2358=ORIENTED_EDGE('',*,*,#3373,.F.);
#2359=ORIENTED_EDGE('',*,*,#3401,.F.);
#2360=ORIENTED_EDGE('',*,*,#3355,.T.);
#2361=ORIENTED_EDGE('',*,*,#3402,.T.);
#2362=ORIENTED_EDGE('',*,*,#3363,.F.);
#2363=ORIENTED_EDGE('',*,*,#3403,.F.);
#2364=ORIENTED_EDGE('',*,*,#3345,.T.);
#2365=ORIENTED_EDGE('',*,*,#3404,.T.);
#2366=ORIENTED_EDGE('',*,*,#3353,.F.);
#2367=ORIENTED_EDGE('',*,*,#3394,.F.);
#2368=ORIENTED_EDGE('',*,*,#3396,.F.);
#2369=ORIENTED_EDGE('',*,*,#3388,.T.);
#2370=ORIENTED_EDGE('',*,*,#3391,.F.);
#2371=ORIENTED_EDGE('',*,*,#3384,.F.);
#2372=ORIENTED_EDGE('',*,*,#3398,.F.);
#2373=ORIENTED_EDGE('',*,*,#3378,.T.);
#2374=ORIENTED_EDGE('',*,*,#3381,.F.);
#2375=ORIENTED_EDGE('',*,*,#3374,.F.);
#2376=ORIENTED_EDGE('',*,*,#3400,.F.);
#2377=ORIENTED_EDGE('',*,*,#3368,.T.);
#2378=ORIENTED_EDGE('',*,*,#3371,.F.);
#2379=ORIENTED_EDGE('',*,*,#3364,.F.);
#2380=ORIENTED_EDGE('',*,*,#3402,.F.);
#2381=ORIENTED_EDGE('',*,*,#3358,.T.);
#2382=ORIENTED_EDGE('',*,*,#3361,.F.);
#2383=ORIENTED_EDGE('',*,*,#3354,.F.);
#2384=ORIENTED_EDGE('',*,*,#3404,.F.);
#2385=ORIENTED_EDGE('',*,*,#3348,.T.);
#2386=ORIENTED_EDGE('',*,*,#3351,.F.);
#2387=ORIENTED_EDGE('',*,*,#3344,.F.);
#2388=ORIENTED_EDGE('',*,*,#3338,.T.);
#2389=ORIENTED_EDGE('',*,*,#3405,.T.);
#2390=ORIENTED_EDGE('',*,*,#3342,.T.);
#2391=ORIENTED_EDGE('',*,*,#3334,.T.);
#2392=ORIENTED_EDGE('',*,*,#3392,.T.);
#2393=ORIENTED_EDGE('',*,*,#3389,.T.);
#2394=ORIENTED_EDGE('',*,*,#3386,.F.);
#2395=ORIENTED_EDGE('',*,*,#3395,.T.);
#2396=ORIENTED_EDGE('',*,*,#3382,.T.);
#2397=ORIENTED_EDGE('',*,*,#3379,.T.);
#2398=ORIENTED_EDGE('',*,*,#3376,.F.);
#2399=ORIENTED_EDGE('',*,*,#3397,.T.);
#2400=ORIENTED_EDGE('',*,*,#3372,.T.);
#2401=ORIENTED_EDGE('',*,*,#3369,.T.);
#2402=ORIENTED_EDGE('',*,*,#3366,.F.);
#2403=ORIENTED_EDGE('',*,*,#3399,.T.);
#2404=ORIENTED_EDGE('',*,*,#3362,.T.);
#2405=ORIENTED_EDGE('',*,*,#3359,.T.);
#2406=ORIENTED_EDGE('',*,*,#3356,.F.);
#2407=ORIENTED_EDGE('',*,*,#3401,.T.);
#2408=ORIENTED_EDGE('',*,*,#3352,.T.);
#2409=ORIENTED_EDGE('',*,*,#3349,.T.);
#2410=ORIENTED_EDGE('',*,*,#3346,.F.);
#2411=ORIENTED_EDGE('',*,*,#3403,.T.);
#2412=ORIENTED_EDGE('',*,*,#3343,.T.);
#2413=ORIENTED_EDGE('',*,*,#3335,.F.);
#2414=ORIENTED_EDGE('',*,*,#3341,.F.);
#2415=ORIENTED_EDGE('',*,*,#3406,.F.);
#2416=ORIENTED_EDGE('',*,*,#3336,.F.);
#2417=ORIENTED_EDGE('',*,*,#3407,.F.);
#2418=ORIENTED_EDGE('',*,*,#3408,.F.);
#2419=ORIENTED_EDGE('',*,*,#3409,.T.);
#2420=ORIENTED_EDGE('',*,*,#3410,.T.);
#2421=ORIENTED_EDGE('',*,*,#3409,.F.);
#2422=ORIENTED_EDGE('',*,*,#3411,.F.);
#2423=ORIENTED_EDGE('',*,*,#3412,.T.);
#2424=ORIENTED_EDGE('',*,*,#3413,.T.);
#2425=ORIENTED_EDGE('',*,*,#3414,.T.);
#2426=ORIENTED_EDGE('',*,*,#3407,.T.);
#2427=ORIENTED_EDGE('',*,*,#3415,.F.);
#2428=ORIENTED_EDGE('',*,*,#3416,.F.);
#2429=ORIENTED_EDGE('',*,*,#3417,.F.);
#2430=ORIENTED_EDGE('',*,*,#3415,.T.);
#2431=ORIENTED_EDGE('',*,*,#3410,.F.);
#2432=ORIENTED_EDGE('',*,*,#3413,.F.);
#2433=ORIENTED_EDGE('',*,*,#3418,.T.);
#2434=ORIENTED_EDGE('',*,*,#3411,.T.);
#2435=ORIENTED_EDGE('',*,*,#3408,.T.);
#2436=ORIENTED_EDGE('',*,*,#3414,.F.);
#2437=ORIENTED_EDGE('',*,*,#3412,.F.);
#2438=ORIENTED_EDGE('',*,*,#3419,.F.);
#2439=ORIENTED_EDGE('',*,*,#3340,.T.);
#2440=ORIENTED_EDGE('',*,*,#3420,.T.);
#2441=ORIENTED_EDGE('',*,*,#3337,.F.);
#2442=ORIENTED_EDGE('',*,*,#3421,.T.);
#2443=ORIENTED_EDGE('',*,*,#3416,.T.);
#2444=ORIENTED_EDGE('',*,*,#3422,.F.);
#2445=ORIENTED_EDGE('',*,*,#3422,.T.);
#2446=ORIENTED_EDGE('',*,*,#3417,.T.);
#2447=ORIENTED_EDGE('',*,*,#3420,.F.);
#2448=ORIENTED_EDGE('',*,*,#3405,.F.);
#2449=ORIENTED_EDGE('',*,*,#3421,.F.);
#2450=ORIENTED_EDGE('',*,*,#3406,.T.);
#2451=ORIENTED_EDGE('',*,*,#3419,.T.);
#2452=ORIENTED_EDGE('',*,*,#3418,.F.);
#2453=ORIENTED_EDGE('',*,*,#3423,.F.);
#2454=ORIENTED_EDGE('',*,*,#3227,.F.);
#2455=ORIENTED_EDGE('',*,*,#3423,.T.);
#2456=ORIENTED_EDGE('',*,*,#3424,.F.);
#2457=ORIENTED_EDGE('',*,*,#3226,.F.);
#2458=ORIENTED_EDGE('',*,*,#3424,.T.);
#2459=EDGE_CURVE('',#3425,#3426,#4047,.T.);
#2460=EDGE_CURVE('',#3426,#3427,#4048,.F.);
#2461=EDGE_CURVE('',#3427,#3428,#4049,.F.);
#2462=EDGE_CURVE('',#3425,#3428,#4050,.T.);
#2463=EDGE_CURVE('',#3428,#3429,#148,.F.);
#2464=EDGE_CURVE('',#3430,#3429,#4051,.F.);
#2465=EDGE_CURVE('',#3425,#3430,#149,.F.);
#2466=EDGE_CURVE('',#3431,#3432,#4052,.T.);
#2467=EDGE_CURVE('',#3428,#3432,#4053,.F.);
#2468=EDGE_CURVE('',#3427,#3431,#4054,.T.);
#2469=EDGE_CURVE('',#3433,#3430,#4055,.T.);
#2470=EDGE_CURVE('',#3434,#3433,#150,.T.);
#2471=EDGE_CURVE('',#3435,#3434,#4056,.T.);
#2472=EDGE_CURVE('',#3436,#3435,#151,.T.);
#2473=EDGE_CURVE('',#3437,#3436,#4057,.T.);
#2474=EDGE_CURVE('',#3426,#3437,#152,.T.);
#2475=EDGE_CURVE('',#3437,#3438,#4058,.T.);
#2476=EDGE_CURVE('',#3438,#3427,#153,.F.);
#2477=EDGE_CURVE('',#3432,#3439,#154,.T.);
#2478=EDGE_CURVE('',#3429,#3439,#4059,.T.);
#2479=EDGE_CURVE('',#3429,#3440,#4060,.F.);
#2480=EDGE_CURVE('',#3433,#3440,#4061,.T.);
#2481=EDGE_CURVE('',#3441,#3431,#155,.T.);
#2482=EDGE_CURVE('',#3438,#3441,#4062,.F.);
#2483=EDGE_CURVE('',#3442,#3441,#4063,.T.);
#2484=EDGE_CURVE('',#3443,#3442,#156,.T.);
#2485=EDGE_CURVE('',#3444,#3443,#4064,.T.);
#2486=EDGE_CURVE('',#3445,#3444,#157,.T.);
#2487=EDGE_CURVE('',#3439,#3445,#4065,.T.);
#2488=EDGE_CURVE('',#3446,#3447,#4066,.F.);
#2489=EDGE_CURVE('',#3447,#3448,#4067,.F.);
#2490=EDGE_CURVE('',#3448,#3449,#4068,.T.);
#2491=EDGE_CURVE('',#3449,#3446,#4069,.T.);
#2492=EDGE_CURVE('',#3450,#3451,#4070,.F.);
#2493=EDGE_CURVE('',#3451,#3452,#4071,.F.);
#2494=EDGE_CURVE('',#3452,#3453,#4072,.T.);
#2495=EDGE_CURVE('',#3453,#3450,#4073,.T.);
#2496=EDGE_CURVE('',#3454,#3455,#4074,.F.);
#2497=EDGE_CURVE('',#3455,#3456,#4075,.F.);
#2498=EDGE_CURVE('',#3456,#3457,#4076,.T.);
#2499=EDGE_CURVE('',#3457,#3454,#4077,.T.);
#2500=EDGE_CURVE('',#3458,#3459,#4078,.F.);
#2501=EDGE_CURVE('',#3459,#3460,#4079,.F.);
#2502=EDGE_CURVE('',#3460,#3461,#4080,.T.);
#2503=EDGE_CURVE('',#3461,#3458,#4081,.T.);
#2504=EDGE_CURVE('',#3462,#3463,#4082,.F.);
#2505=EDGE_CURVE('',#3463,#3464,#4083,.F.);
#2506=EDGE_CURVE('',#3464,#3465,#4084,.T.);
#2507=EDGE_CURVE('',#3465,#3462,#4085,.T.);
#2508=EDGE_CURVE('',#3436,#3466,#4086,.F.);
#2509=EDGE_CURVE('',#3466,#3438,#4087,.F.);
#2510=EDGE_CURVE('',#3434,#3467,#4088,.F.);
#2511=EDGE_CURVE('',#3440,#3467,#158,.F.);
#2512=EDGE_CURVE('',#3435,#3468,#4089,.T.);
#2513=EDGE_CURVE('',#3468,#3466,#159,.F.);
#2514=EDGE_CURVE('',#3467,#3468,#4090,.F.);
#2515=EDGE_CURVE('',#3440,#3445,#4091,.F.);
#2516=EDGE_CURVE('',#3466,#3442,#4092,.T.);
#2517=EDGE_CURVE('',#3467,#3444,#4093,.T.);
#2518=EDGE_CURVE('',#3468,#3443,#4094,.F.);
#2519=EDGE_CURVE('',#3446,#3469,#4095,.F.);
#2520=EDGE_CURVE('',#3470,#3469,#4096,.T.);
#2521=EDGE_CURVE('',#3447,#3470,#4097,.F.);
#2522=EDGE_CURVE('',#3449,#3471,#4098,.F.);
#2523=EDGE_CURVE('',#3469,#3471,#4099,.F.);
#2524=EDGE_CURVE('',#3472,#3470,#4100,.T.);
#2525=EDGE_CURVE('',#3448,#3472,#4101,.F.);
#2526=EDGE_CURVE('',#3471,#3472,#4102,.F.);
#2527=EDGE_CURVE('',#3450,#3473,#4103,.F.);
#2528=EDGE_CURVE('',#3474,#3473,#4104,.T.);
#2529=EDGE_CURVE('',#3451,#3474,#4105,.F.);
#2530=EDGE_CURVE('',#3453,#3475,#4106,.F.);
#2531=EDGE_CURVE('',#3473,#3475,#4107,.F.);
#2532=EDGE_CURVE('',#3476,#3474,#4108,.T.);
#2533=EDGE_CURVE('',#3452,#3476,#4109,.F.);
#2534=EDGE_CURVE('',#3475,#3476,#4110,.F.);
#2535=EDGE_CURVE('',#3454,#3477,#4111,.F.);
#2536=EDGE_CURVE('',#3478,#3477,#4112,.T.);
#2537=EDGE_CURVE('',#3455,#3478,#4113,.F.);
#2538=EDGE_CURVE('',#3457,#3479,#4114,.F.);
#2539=EDGE_CURVE('',#3477,#3479,#4115,.F.);
#2540=EDGE_CURVE('',#3480,#3478,#4116,.T.);
#2541=EDGE_CURVE('',#3456,#3480,#4117,.F.);
#2542=EDGE_CURVE('',#3479,#3480,#4118,.F.);
#2543=EDGE_CURVE('',#3458,#3481,#4119,.F.);
#2544=EDGE_CURVE('',#3482,#3481,#4120,.T.);
#2545=EDGE_CURVE('',#3459,#3482,#4121,.F.);
#2546=EDGE_CURVE('',#3461,#3483,#4122,.F.);
#2547=EDGE_CURVE('',#3481,#3483,#4123,.F.);
#2548=EDGE_CURVE('',#3460,#3484,#4124,.F.);
#2549=EDGE_CURVE('',#3483,#3484,#4125,.F.);
#2550=EDGE_CURVE('',#3484,#3482,#4126,.T.);
#2551=EDGE_CURVE('',#3485,#3486,#4127,.T.);
#2552=EDGE_CURVE('',#3485,#3463,#4128,.F.);
#2553=EDGE_CURVE('',#3486,#3462,#4129,.F.);
#2554=EDGE_CURVE('',#3486,#3487,#4130,.F.);
#2555=EDGE_CURVE('',#3487,#3465,#4131,.F.);
#2556=EDGE_CURVE('',#3488,#3485,#4132,.T.);
#2557=EDGE_CURVE('',#3488,#3464,#4133,.F.);
#2558=EDGE_CURVE('',#3487,#3488,#4134,.F.);
#2559=EDGE_CURVE('',#3489,#3490,#4135,.T.);
#2560=EDGE_CURVE('',#3490,#3491,#4136,.T.);
#2561=EDGE_CURVE('',#3492,#3491,#4137,.T.);
#2562=EDGE_CURVE('',#3492,#3489,#4138,.F.);
#2563=EDGE_CURVE('',#3493,#3494,#4139,.F.);
#2564=EDGE_CURVE('',#3494,#3495,#4140,.T.);
#2565=EDGE_CURVE('',#3496,#3495,#4141,.T.);
#2566=EDGE_CURVE('',#3496,#3493,#4142,.F.);
#2567=EDGE_CURVE('',#3497,#3498,#4143,.F.);
#2568=EDGE_CURVE('',#3498,#3499,#4144,.F.);
#2569=EDGE_CURVE('',#3500,#3499,#4145,.T.);
#2570=EDGE_CURVE('',#3500,#3497,#4146,.T.);
#2571=EDGE_CURVE('',#3501,#3501,#160,.F.);
#2572=EDGE_CURVE('',#3502,#3502,#161,.F.);
#2573=EDGE_CURVE('',#3503,#3503,#162,.F.);
#2574=EDGE_CURVE('',#3504,#3504,#163,.F.);
#2575=EDGE_CURVE('',#3505,#3505,#164,.F.);
#2576=EDGE_CURVE('',#3506,#3506,#165,.F.);
#2577=EDGE_CURVE('',#3507,#3507,#166,.F.);
#2578=EDGE_CURVE('',#3508,#3508,#167,.F.);
#2579=EDGE_CURVE('',#3509,#3509,#168,.F.);
#2580=EDGE_CURVE('',#3510,#3510,#169,.F.);
#2581=EDGE_CURVE('',#3511,#3511,#170,.F.);
#2582=EDGE_CURVE('',#3512,#3512,#171,.F.);
#2583=EDGE_CURVE('',#3513,#3513,#172,.F.);
#2584=EDGE_CURVE('',#3514,#3514,#173,.F.);
#2585=EDGE_CURVE('',#3515,#3515,#174,.F.);
#2586=EDGE_CURVE('',#3516,#3516,#175,.F.);
#2587=EDGE_CURVE('',#3517,#3517,#176,.F.);
#2588=EDGE_CURVE('',#3518,#3518,#177,.F.);
#2589=EDGE_CURVE('',#3519,#3519,#178,.F.);
#2590=EDGE_CURVE('',#3520,#3520,#179,.F.);
#2591=EDGE_CURVE('',#3521,#3522,#4147,.T.);
#2592=EDGE_CURVE('',#3521,#3523,#4148,.F.);
#2593=EDGE_CURVE('',#3523,#3524,#4149,.T.);
#2594=EDGE_CURVE('',#3524,#3522,#4150,.T.);
#2595=EDGE_CURVE('',#3525,#3525,#180,.F.);
#2596=EDGE_CURVE('',#3526,#3526,#181,.F.);
#2597=EDGE_CURVE('',#3527,#3527,#182,.F.);
#2598=EDGE_CURVE('',#3528,#3528,#183,.F.);
#2599=EDGE_CURVE('',#3495,#3498,#184,.T.);
#2600=EDGE_CURVE('',#3497,#3521,#185,.T.);
#2601=EDGE_CURVE('',#3522,#3492,#186,.T.);
#2602=EDGE_CURVE('',#3491,#3496,#187,.T.);
#2603=EDGE_CURVE('',#3529,#3529,#188,.F.);
#2604=EDGE_CURVE('',#3530,#3530,#189,.F.);
#2605=EDGE_CURVE('',#3531,#3531,#190,.F.);
#2606=EDGE_CURVE('',#3532,#3532,#191,.F.);
#2607=EDGE_CURVE('',#3499,#3494,#192,.F.);
#2608=EDGE_CURVE('',#3493,#3490,#193,.F.);
#2609=EDGE_CURVE('',#3489,#3524,#194,.F.);
#2610=EDGE_CURVE('',#3523,#3500,#195,.F.);
#2611=EDGE_CURVE('',#3533,#3534,#4151,.T.);
#2612=EDGE_CURVE('',#3533,#3535,#4152,.F.);
#2613=EDGE_CURVE('',#3535,#3536,#4153,.T.);
#2614=EDGE_CURVE('',#3534,#3536,#4154,.T.);
#2615=EDGE_CURVE('',#3534,#3537,#196,.F.);
#2616=EDGE_CURVE('',#3537,#3538,#4155,.T.);
#2617=EDGE_CURVE('',#3538,#3539,#197,.F.);
#2618=EDGE_CURVE('',#3539,#3540,#4156,.F.);
#2619=EDGE_CURVE('',#3540,#3541,#198,.F.);
#2620=EDGE_CURVE('',#3541,#3542,#4157,.F.);
#2621=EDGE_CURVE('',#3533,#3542,#199,.T.);
#2622=EDGE_CURVE('',#3542,#3543,#4158,.T.);
#2623=EDGE_CURVE('',#3535,#3543,#200,.T.);
#2624=EDGE_CURVE('',#3536,#3544,#201,.F.);
#2625=EDGE_CURVE('',#3537,#3544,#4159,.F.);
#2626=EDGE_CURVE('',#3545,#3543,#4160,.T.);
#2627=EDGE_CURVE('',#3546,#3545,#202,.F.);
#2628=EDGE_CURVE('',#3547,#3546,#4161,.T.);
#2629=EDGE_CURVE('',#3548,#3547,#203,.F.);
#2630=EDGE_CURVE('',#3544,#3548,#4162,.T.);
#2631=EDGE_CURVE('',#3541,#3545,#4163,.F.);
#2632=EDGE_CURVE('',#3538,#3548,#4164,.T.);
#2633=EDGE_CURVE('',#3540,#3546,#4165,.T.);
#2634=EDGE_CURVE('',#3539,#3547,#4166,.F.);
#2635=EDGE_CURVE('',#3549,#3550,#4167,.T.);
#2636=EDGE_CURVE('',#3549,#3551,#4168,.F.);
#2637=EDGE_CURVE('',#3551,#3552,#4169,.T.);
#2638=EDGE_CURVE('',#3550,#3552,#4170,.T.);
#2639=EDGE_CURVE('',#3550,#3553,#204,.F.);
#2640=EDGE_CURVE('',#3553,#3554,#4171,.T.);
#2641=EDGE_CURVE('',#3554,#3555,#205,.F.);
#2642=EDGE_CURVE('',#3555,#3556,#4172,.F.);
#2643=EDGE_CURVE('',#3556,#3557,#206,.F.);
#2644=EDGE_CURVE('',#3557,#3558,#4173,.F.);
#2645=EDGE_CURVE('',#3549,#3558,#207,.T.);
#2646=EDGE_CURVE('',#3559,#3560,#4174,.T.);
#2647=EDGE_CURVE('',#3559,#3561,#208,.T.);
#2648=EDGE_CURVE('',#3562,#3561,#4175,.T.);
#2649=EDGE_CURVE('',#3562,#3563,#209,.T.);
#2650=EDGE_CURVE('',#3564,#3563,#4176,.T.);
#2651=EDGE_CURVE('',#3564,#3565,#210,.T.);
#2652=EDGE_CURVE('',#3566,#3565,#4177,.T.);
#2653=EDGE_CURVE('',#3566,#3560,#211,.T.);
#2654=EDGE_CURVE('',#3558,#3567,#4178,.T.);
#2655=EDGE_CURVE('',#3551,#3567,#212,.T.);
#2656=EDGE_CURVE('',#3552,#3568,#213,.F.);
#2657=EDGE_CURVE('',#3553,#3568,#4179,.F.);
#2658=EDGE_CURVE('',#3569,#3567,#4180,.T.);
#2659=EDGE_CURVE('',#3570,#3569,#214,.F.);
#2660=EDGE_CURVE('',#3571,#3570,#4181,.T.);
#2661=EDGE_CURVE('',#3572,#3571,#215,.F.);
#2662=EDGE_CURVE('',#3568,#3572,#4182,.T.);
#2663=EDGE_CURVE('',#3573,#3574,#216,.T.);
#2664=EDGE_CURVE('',#3573,#3575,#4183,.T.);
#2665=EDGE_CURVE('',#3576,#3575,#217,.T.);
#2666=EDGE_CURVE('',#3576,#3577,#4184,.F.);
#2667=EDGE_CURVE('',#3578,#3577,#218,.T.);
#2668=EDGE_CURVE('',#3578,#3579,#4185,.F.);
#2669=EDGE_CURVE('',#3580,#3579,#219,.T.);
#2670=EDGE_CURVE('',#3580,#3574,#4186,.T.);
#2671=EDGE_CURVE('',#3557,#3569,#4187,.F.);
#2672=EDGE_CURVE('',#3554,#3572,#4188,.T.);
#2673=EDGE_CURVE('',#3556,#3570,#4189,.T.);
#2674=EDGE_CURVE('',#3555,#3571,#4190,.F.);
#2675=EDGE_CURVE('',#3560,#3574,#4191,.F.);
#2676=EDGE_CURVE('',#3559,#3580,#4192,.T.);
#2677=EDGE_CURVE('',#3566,#3573,#4193,.T.);
#2678=EDGE_CURVE('',#3565,#3575,#4194,.F.);
#2679=EDGE_CURVE('',#3564,#3576,#4195,.T.);
#2680=EDGE_CURVE('',#3563,#3577,#4196,.F.);
#2681=EDGE_CURVE('',#3562,#3578,#4197,.T.);
#2682=EDGE_CURVE('',#3561,#3579,#4198,.F.);
#2683=EDGE_CURVE('',#3581,#3582,#4199,.T.);
#2684=EDGE_CURVE('',#3581,#3583,#4200,.T.);
#2685=EDGE_CURVE('',#3583,#3584,#4201,.T.);
#2686=EDGE_CURVE('',#3582,#3584,#4202,.T.);
#2687=EDGE_CURVE('',#3585,#3583,#4203,.T.);
#2688=EDGE_CURVE('',#3585,#3586,#4204,.T.);
#2689=EDGE_CURVE('',#3586,#3584,#4205,.F.);
#2690=EDGE_CURVE('',#3587,#3585,#4206,.T.);
#2691=EDGE_CURVE('',#3587,#3588,#4207,.T.);
#2692=EDGE_CURVE('',#3588,#3586,#4208,.T.);
#2693=EDGE_CURVE('',#3587,#3581,#4209,.T.);
#2694=EDGE_CURVE('',#3588,#3582,#4210,.F.);
#2695=EDGE_CURVE('',#3589,#3590,#4211,.F.);
#2696=EDGE_CURVE('',#3590,#3591,#4212,.T.);
#2697=EDGE_CURVE('',#3592,#3591,#4213,.T.);
#2698=EDGE_CURVE('',#3592,#3593,#4214,.T.);
#2699=EDGE_CURVE('',#3594,#3593,#4215,.T.);
#2700=EDGE_CURVE('',#3594,#3595,#4216,.T.);
#2701=EDGE_CURVE('',#3595,#3596,#4217,.F.);
#2702=EDGE_CURVE('',#3596,#3589,#4218,.T.);
#2703=EDGE_CURVE('',#3597,#3598,#4219,.T.);
#2704=EDGE_CURVE('',#3599,#3597,#4220,.F.);
#2705=EDGE_CURVE('',#3600,#3599,#4221,.T.);
#2706=EDGE_CURVE('',#3601,#3600,#4222,.F.);
#2707=EDGE_CURVE('',#3602,#3601,#4223,.T.);
#2708=EDGE_CURVE('',#3602,#3603,#4224,.T.);
#2709=EDGE_CURVE('',#3604,#3603,#4225,.T.);
#2710=EDGE_CURVE('',#3604,#3598,#4226,.T.);
#2711=EDGE_CURVE('',#3593,#3603,#34,.F.);
#2712=EDGE_CURVE('',#3592,#3604,#35,.T.);
#2713=EDGE_CURVE('',#3595,#3601,#36,.F.);
#2714=EDGE_CURVE('',#3594,#3602,#37,.T.);
#2715=EDGE_CURVE('',#3589,#3599,#38,.F.);
#2716=EDGE_CURVE('',#3596,#3600,#39,.T.);
#2717=EDGE_CURVE('',#3591,#3598,#40,.F.);
#2718=EDGE_CURVE('',#3590,#3597,#41,.T.);
#2719=EDGE_CURVE('',#3598,#3605,#42,.T.);
#2720=EDGE_CURVE('',#3605,#3606,#43,.F.);
#2721=EDGE_CURVE('',#3591,#3606,#44,.T.);
#2722=EDGE_CURVE('',#3607,#3608,#45,.T.);
#2723=EDGE_CURVE('',#3607,#3604,#46,.T.);
#2724=EDGE_CURVE('',#3608,#3592,#47,.T.);
#2725=EDGE_CURVE('',#3608,#3606,#4227,.T.);
#2726=EDGE_CURVE('',#3607,#3605,#4228,.T.);
#2727=EDGE_CURVE('',#3609,#3610,#48,.T.);
#2728=EDGE_CURVE('',#3609,#3600,#49,.T.);
#2729=EDGE_CURVE('',#3610,#3596,#50,.T.);
#2730=EDGE_CURVE('',#3601,#3611,#51,.T.);
#2731=EDGE_CURVE('',#3611,#3612,#52,.F.);
#2732=EDGE_CURVE('',#3595,#3612,#53,.T.);
#2733=EDGE_CURVE('',#3612,#3610,#4229,.T.);
#2734=EDGE_CURVE('',#3611,#3609,#4230,.T.);
#2735=EDGE_CURVE('',#3605,#3613,#4231,.T.);
#2736=EDGE_CURVE('',#3613,#3614,#54,.T.);
#2737=EDGE_CURVE('',#3606,#3614,#4232,.T.);
#2738=EDGE_CURVE('',#3615,#3616,#55,.F.);
#2739=EDGE_CURVE('',#3607,#3615,#4233,.F.);
#2740=EDGE_CURVE('',#3608,#3616,#4234,.F.);
#2741=EDGE_CURVE('',#3617,#3617,#220,.F.);
#2742=EDGE_CURVE('',#3618,#3618,#221,.F.);
#2743=EDGE_CURVE('',#3619,#3619,#222,.F.);
#2744=EDGE_CURVE('',#3620,#3620,#223,.F.);
#2745=EDGE_CURVE('',#3621,#3621,#224,.F.);
#2746=EDGE_CURVE('',#3622,#3622,#225,.F.);
#2747=EDGE_CURVE('',#3623,#3623,#226,.F.);
#2748=EDGE_CURVE('',#3624,#3624,#227,.F.);
#2749=EDGE_CURVE('',#3625,#3625,#228,.T.);
#2750=EDGE_CURVE('',#3626,#3626,#229,.T.);
#2751=EDGE_CURVE('',#3616,#3614,#4235,.F.);
#2752=EDGE_CURVE('',#3627,#3627,#230,.F.);
#2753=EDGE_CURVE('',#3628,#3628,#231,.F.);
#2754=EDGE_CURVE('',#3615,#3613,#4236,.F.);
#2755=EDGE_CURVE('',#3629,#3630,#4237,.T.);
#2756=EDGE_CURVE('',#3631,#3629,#4238,.T.);
#2757=EDGE_CURVE('',#3631,#3632,#4239,.T.);
#2758=EDGE_CURVE('',#3632,#3630,#4240,.T.);
#2759=EDGE_CURVE('',#3633,#3631,#4241,.F.);
#2760=EDGE_CURVE('',#3633,#3634,#56,.T.);
#2761=EDGE_CURVE('',#3634,#3632,#4242,.F.);
#2762=EDGE_CURVE('',#3635,#3635,#232,.F.);
#2763=EDGE_CURVE('',#3636,#3636,#233,.F.);
#2764=EDGE_CURVE('',#3637,#3637,#234,.F.);
#2765=EDGE_CURVE('',#3638,#3638,#235,.F.);
#2766=EDGE_CURVE('',#3639,#3639,#236,.F.);
#2767=EDGE_CURVE('',#3640,#3640,#237,.F.);
#2768=EDGE_CURVE('',#3629,#3641,#4243,.F.);
#2769=EDGE_CURVE('',#3630,#3642,#4244,.F.);
#2770=EDGE_CURVE('',#3641,#3642,#57,.F.);
#2771=EDGE_CURVE('',#3634,#3642,#4245,.T.);
#2772=EDGE_CURVE('',#3633,#3641,#4246,.T.);
#2773=EDGE_CURVE('',#3613,#3641,#58,.T.);
#2774=EDGE_CURVE('',#3614,#3642,#59,.T.);
#2775=EDGE_CURVE('',#3633,#3615,#60,.T.);
#2776=EDGE_CURVE('',#3634,#3616,#61,.T.);
#2777=EDGE_CURVE('',#3643,#3644,#62,.F.);
#2778=EDGE_CURVE('',#3643,#3609,#4247,.F.);
#2779=EDGE_CURVE('',#3644,#3610,#4248,.F.);
#2780=EDGE_CURVE('',#3645,#3611,#4249,.T.);
#2781=EDGE_CURVE('',#3645,#3646,#63,.T.);
#2782=EDGE_CURVE('',#3646,#3612,#4250,.T.);
#2783=EDGE_CURVE('',#3646,#3644,#4251,.F.);
#2784=EDGE_CURVE('',#3645,#3643,#4252,.F.);
#2785=EDGE_CURVE('',#3647,#3648,#4253,.T.);
#2786=EDGE_CURVE('',#3649,#3647,#4254,.T.);
#2787=EDGE_CURVE('',#3649,#3650,#4255,.T.);
#2788=EDGE_CURVE('',#3650,#3648,#4256,.F.);
#2789=EDGE_CURVE('',#3651,#3649,#4257,.F.);
#2790=EDGE_CURVE('',#3651,#3652,#64,.T.);
#2791=EDGE_CURVE('',#3652,#3650,#4258,.F.);
#2792=EDGE_CURVE('',#3653,#3653,#238,.F.);
#2793=EDGE_CURVE('',#3654,#3654,#239,.F.);
#2794=EDGE_CURVE('',#3655,#3655,#240,.F.);
#2795=EDGE_CURVE('',#3656,#3656,#241,.F.);
#2796=EDGE_CURVE('',#3657,#3657,#242,.F.);
#2797=EDGE_CURVE('',#3658,#3658,#243,.F.);
#2798=EDGE_CURVE('',#3647,#3659,#4259,.F.);
#2799=EDGE_CURVE('',#3648,#3660,#4260,.F.);
#2800=EDGE_CURVE('',#3659,#3660,#65,.F.);
#2801=EDGE_CURVE('',#3660,#3652,#4261,.F.);
#2802=EDGE_CURVE('',#3659,#3651,#4262,.F.);
#2803=EDGE_CURVE('',#3651,#3643,#66,.T.);
#2804=EDGE_CURVE('',#3652,#3644,#67,.T.);
#2805=EDGE_CURVE('',#3645,#3659,#68,.T.);
#2806=EDGE_CURVE('',#3646,#3660,#69,.T.);
#2807=EDGE_CURVE('',#3661,#3662,#70,.T.);
#2808=EDGE_CURVE('',#3661,#3597,#71,.T.);
#2809=EDGE_CURVE('',#3662,#3590,#72,.T.);
#2810=EDGE_CURVE('',#3599,#3663,#73,.T.);
#2811=EDGE_CURVE('',#3663,#3664,#74,.F.);
#2812=EDGE_CURVE('',#3589,#3664,#75,.T.);
#2813=EDGE_CURVE('',#3664,#3662,#4263,.T.);
#2814=EDGE_CURVE('',#3663,#3661,#4264,.T.);
#2815=EDGE_CURVE('',#3603,#3665,#76,.T.);
#2816=EDGE_CURVE('',#3665,#3666,#77,.F.);
#2817=EDGE_CURVE('',#3593,#3666,#78,.T.);
#2818=EDGE_CURVE('',#3667,#3668,#79,.T.);
#2819=EDGE_CURVE('',#3667,#3602,#80,.T.);
#2820=EDGE_CURVE('',#3668,#3594,#81,.T.);
#2821=EDGE_CURVE('',#3668,#3666,#4265,.T.);
#2822=EDGE_CURVE('',#3667,#3665,#4266,.T.);
#2823=EDGE_CURVE('',#3669,#3663,#4267,.T.);
#2824=EDGE_CURVE('',#3669,#3670,#82,.T.);
#2825=EDGE_CURVE('',#3670,#3664,#4268,.T.);
#2826=EDGE_CURVE('',#3671,#3672,#83,.F.);
#2827=EDGE_CURVE('',#3661,#3671,#4269,.T.);
#2828=EDGE_CURVE('',#3662,#3672,#4270,.T.);
#2829=EDGE_CURVE('',#3670,#3672,#4271,.F.);
#2830=EDGE_CURVE('',#3669,#3671,#4272,.F.);
#2831=EDGE_CURVE('',#3673,#3674,#4273,.F.);
#2832=EDGE_CURVE('',#3675,#3673,#4274,.T.);
#2833=EDGE_CURVE('',#3675,#3676,#4275,.F.);
#2834=EDGE_CURVE('',#3676,#3674,#4276,.T.);
#2835=EDGE_CURVE('',#3675,#3677,#4277,.T.);
#2836=EDGE_CURVE('',#3677,#3678,#84,.T.);
#2837=EDGE_CURVE('',#3676,#3678,#4278,.T.);
#2838=EDGE_CURVE('',#3679,#3679,#244,.F.);
#2839=EDGE_CURVE('',#3680,#3680,#245,.F.);
#2840=EDGE_CURVE('',#3681,#3673,#4279,.T.);
#2841=EDGE_CURVE('',#3682,#3674,#4280,.T.);
#2842=EDGE_CURVE('',#3681,#3682,#85,.F.);
#2843=EDGE_CURVE('',#3682,#3678,#4281,.F.);
#2844=EDGE_CURVE('',#3681,#3677,#4282,.F.);
#2845=EDGE_CURVE('',#3677,#3671,#86,.T.);
#2846=EDGE_CURVE('',#3678,#3672,#87,.T.);
#2847=EDGE_CURVE('',#3669,#3681,#88,.T.);
#2848=EDGE_CURVE('',#3670,#3682,#89,.T.);
#2849=EDGE_CURVE('',#3683,#3684,#90,.F.);
#2850=EDGE_CURVE('',#3683,#3667,#4283,.T.);
#2851=EDGE_CURVE('',#3684,#3668,#4284,.T.);
#2852=EDGE_CURVE('',#3665,#3685,#4285,.T.);
#2853=EDGE_CURVE('',#3685,#3686,#91,.T.);
#2854=EDGE_CURVE('',#3666,#3686,#4286,.T.);
#2855=EDGE_CURVE('',#3684,#3686,#4287,.F.);
#2856=EDGE_CURVE('',#3683,#3685,#4288,.F.);
#2857=EDGE_CURVE('',#3687,#3688,#4289,.F.);
#2858=EDGE_CURVE('',#3689,#3687,#4290,.T.);
#2859=EDGE_CURVE('',#3689,#3690,#4291,.F.);
#2860=EDGE_CURVE('',#3690,#3688,#4292,.F.);
#2861=EDGE_CURVE('',#3689,#3691,#4293,.T.);
#2862=EDGE_CURVE('',#3691,#3692,#92,.T.);
#2863=EDGE_CURVE('',#3690,#3692,#4294,.T.);
#2864=EDGE_CURVE('',#3693,#3693,#246,.F.);
#2865=EDGE_CURVE('',#3694,#3694,#247,.F.);
#2866=EDGE_CURVE('',#3695,#3687,#4295,.T.);
#2867=EDGE_CURVE('',#3696,#3688,#4296,.T.);
#2868=EDGE_CURVE('',#3695,#3696,#93,.F.);
#2869=EDGE_CURVE('',#3692,#3696,#4297,.T.);
#2870=EDGE_CURVE('',#3691,#3695,#4298,.T.);
#2871=EDGE_CURVE('',#3685,#3695,#94,.T.);
#2872=EDGE_CURVE('',#3686,#3696,#95,.T.);
#2873=EDGE_CURVE('',#3691,#3683,#96,.T.);
#2874=EDGE_CURVE('',#3692,#3684,#97,.T.);
#2875=EDGE_CURVE('',#3697,#3698,#4299,.T.);
#2876=EDGE_CURVE('',#3697,#3699,#4300,.F.);
#2877=EDGE_CURVE('',#3699,#3700,#4301,.T.);
#2878=EDGE_CURVE('',#3698,#3700,#4302,.T.);
#2879=EDGE_CURVE('',#3698,#3701,#248,.F.);
#2880=EDGE_CURVE('',#3701,#3702,#4303,.T.);
#2881=EDGE_CURVE('',#3702,#3703,#249,.F.);
#2882=EDGE_CURVE('',#3703,#3704,#4304,.F.);
#2883=EDGE_CURVE('',#3704,#3705,#250,.F.);
#2884=EDGE_CURVE('',#3705,#3706,#4305,.F.);
#2885=EDGE_CURVE('',#3697,#3706,#251,.T.);
#2886=EDGE_CURVE('',#3706,#3707,#4306,.T.);
#2887=EDGE_CURVE('',#3699,#3707,#252,.T.);
#2888=EDGE_CURVE('',#3700,#3708,#253,.F.);
#2889=EDGE_CURVE('',#3701,#3708,#4307,.F.);
#2890=EDGE_CURVE('',#3709,#3707,#4308,.T.);
#2891=EDGE_CURVE('',#3710,#3709,#254,.F.);
#2892=EDGE_CURVE('',#3711,#3710,#4309,.T.);
#2893=EDGE_CURVE('',#3712,#3711,#255,.F.);
#2894=EDGE_CURVE('',#3708,#3712,#4310,.T.);
#2895=EDGE_CURVE('',#3705,#3709,#4311,.F.);
#2896=EDGE_CURVE('',#3702,#3712,#4312,.T.);
#2897=EDGE_CURVE('',#3704,#3710,#4313,.T.);
#2898=EDGE_CURVE('',#3703,#3711,#4314,.F.);
#2899=EDGE_CURVE('',#3713,#3714,#98,.F.);
#2900=EDGE_CURVE('',#3715,#3713,#4315,.F.);
#2901=EDGE_CURVE('',#3715,#3716,#4316,.T.);
#2902=EDGE_CURVE('',#3716,#3714,#4317,.F.);
#2903=EDGE_CURVE('',#3717,#3718,#4318,.T.);
#2904=EDGE_CURVE('',#3719,#3717,#4319,.F.);
#2905=EDGE_CURVE('',#3719,#3720,#4320,.F.);
#2906=EDGE_CURVE('',#3720,#3718,#4321,.F.);
#2907=EDGE_CURVE('',#3721,#3722,#4322,.T.);
#2908=EDGE_CURVE('',#3721,#3723,#256,.F.);
#2909=EDGE_CURVE('',#3723,#3724,#4323,.T.);
#2910=EDGE_CURVE('',#3722,#3724,#257,.F.);
#2911=EDGE_CURVE('',#3725,#3723,#4324,.T.);
#2912=EDGE_CURVE('',#3725,#3726,#4325,.T.);
#2913=EDGE_CURVE('',#3726,#3724,#4326,.T.);
#2914=EDGE_CURVE('',#3725,#3727,#258,.F.);
#2915=EDGE_CURVE('',#3727,#3728,#4327,.T.);
#2916=EDGE_CURVE('',#3726,#3728,#259,.F.);
#2917=EDGE_CURVE('',#3729,#3730,#4328,.T.);
#2918=EDGE_CURVE('',#3729,#3731,#260,.F.);
#2919=EDGE_CURVE('',#3731,#3732,#4329,.T.);
#2920=EDGE_CURVE('',#3730,#3732,#261,.F.);
#2921=EDGE_CURVE('',#3733,#3731,#4330,.T.);
#2922=EDGE_CURVE('',#3733,#3734,#4331,.T.);
#2923=EDGE_CURVE('',#3734,#3732,#4332,.T.);
#2924=EDGE_CURVE('',#3733,#3735,#262,.F.);
#2925=EDGE_CURVE('',#3735,#3736,#4333,.T.);
#2926=EDGE_CURVE('',#3734,#3736,#263,.F.);
#2927=EDGE_CURVE('',#3737,#3738,#4334,.T.);
#2928=EDGE_CURVE('',#3737,#3739,#264,.F.);
#2929=EDGE_CURVE('',#3739,#3740,#4335,.T.);
#2930=EDGE_CURVE('',#3738,#3740,#265,.F.);
#2931=EDGE_CURVE('',#3741,#3739,#4336,.T.);
#2932=EDGE_CURVE('',#3741,#3742,#4337,.T.);
#2933=EDGE_CURVE('',#3742,#3740,#4338,.T.);
#2934=EDGE_CURVE('',#3741,#3743,#266,.F.);
#2935=EDGE_CURVE('',#3743,#3744,#4339,.T.);
#2936=EDGE_CURVE('',#3742,#3744,#267,.F.);
#2937=EDGE_CURVE('',#3745,#3746,#4340,.T.);
#2938=EDGE_CURVE('',#3745,#3747,#268,.F.);
#2939=EDGE_CURVE('',#3747,#3748,#4341,.T.);
#2940=EDGE_CURVE('',#3746,#3748,#269,.F.);
#2941=EDGE_CURVE('',#3749,#3747,#4342,.T.);
#2942=EDGE_CURVE('',#3749,#3750,#4343,.T.);
#2943=EDGE_CURVE('',#3750,#3748,#4344,.T.);
#2944=EDGE_CURVE('',#3749,#3751,#270,.F.);
#2945=EDGE_CURVE('',#3751,#3752,#4345,.T.);
#2946=EDGE_CURVE('',#3750,#3752,#271,.F.);
#2947=EDGE_CURVE('',#3753,#3754,#4346,.T.);
#2948=EDGE_CURVE('',#3753,#3755,#272,.F.);
#2949=EDGE_CURVE('',#3755,#3756,#4347,.T.);
#2950=EDGE_CURVE('',#3754,#3756,#273,.F.);
#2951=EDGE_CURVE('',#3757,#3755,#4348,.T.);
#2952=EDGE_CURVE('',#3757,#3758,#4349,.T.);
#2953=EDGE_CURVE('',#3758,#3756,#4350,.T.);
#2954=EDGE_CURVE('',#3757,#3759,#274,.F.);
#2955=EDGE_CURVE('',#3759,#3760,#4351,.T.);
#2956=EDGE_CURVE('',#3758,#3760,#275,.F.);
#2957=EDGE_CURVE('',#3759,#3753,#4352,.T.);
#2958=EDGE_CURVE('',#3760,#3754,#4353,.T.);
#2959=EDGE_CURVE('',#3751,#3745,#4354,.T.);
#2960=EDGE_CURVE('',#3752,#3746,#4355,.T.);
#2961=EDGE_CURVE('',#3743,#3737,#4356,.T.);
#2962=EDGE_CURVE('',#3744,#3738,#4357,.T.);
#2963=EDGE_CURVE('',#3735,#3729,#4358,.T.);
#2964=EDGE_CURVE('',#3736,#3730,#4359,.T.);
#2965=EDGE_CURVE('',#3727,#3721,#4360,.T.);
#2966=EDGE_CURVE('',#3728,#3722,#4361,.T.);
#2967=EDGE_CURVE('',#3719,#3761,#4362,.T.);
#2968=EDGE_CURVE('',#3761,#3762,#99,.T.);
#2969=EDGE_CURVE('',#3720,#3762,#4363,.T.);
#2970=EDGE_CURVE('',#3714,#3762,#4364,.F.);
#2971=EDGE_CURVE('',#3718,#3716,#4365,.T.);
#2972=EDGE_CURVE('',#3717,#3715,#4366,.T.);
#2973=EDGE_CURVE('',#3713,#3761,#4367,.F.);
#2974=EDGE_CURVE('',#3763,#3764,#4368,.T.);
#2975=EDGE_CURVE('',#3765,#3763,#4369,.T.);
#2976=EDGE_CURVE('',#3765,#3766,#4370,.T.);
#2977=EDGE_CURVE('',#3766,#3764,#4371,.F.);
#2978=EDGE_CURVE('',#3767,#3765,#4372,.F.);
#2979=EDGE_CURVE('',#3767,#3768,#4373,.F.);
#2980=EDGE_CURVE('',#3768,#3766,#4374,.F.);
#2981=EDGE_CURVE('',#3763,#3769,#4375,.T.);
#2982=EDGE_CURVE('',#3764,#3770,#4376,.T.);
#2983=EDGE_CURVE('',#3769,#3770,#4377,.F.);
#2984=EDGE_CURVE('',#3768,#3770,#4378,.T.);
#2985=EDGE_CURVE('',#3767,#3769,#4379,.T.);
#2986=EDGE_CURVE('',#3769,#3715,#276,.T.);
#2987=EDGE_CURVE('',#3770,#3716,#277,.T.);
#2988=EDGE_CURVE('',#3767,#3717,#278,.T.);
#2989=EDGE_CURVE('',#3768,#3718,#279,.T.);
#2990=EDGE_CURVE('',#3761,#3771,#100,.T.);
#2991=EDGE_CURVE('',#3772,#3771,#101,.T.);
#2992=EDGE_CURVE('',#3762,#3772,#102,.T.);
#2993=EDGE_CURVE('',#3773,#3774,#103,.F.);
#2994=EDGE_CURVE('',#3774,#3713,#104,.T.);
#2995=EDGE_CURVE('',#3773,#3714,#105,.T.);
#2996=EDGE_CURVE('',#3773,#3772,#4380,.T.);
#2997=EDGE_CURVE('',#3774,#3771,#4381,.T.);
#2998=EDGE_CURVE('',#3775,#3776,#4382,.T.);
#2999=EDGE_CURVE('',#3775,#3777,#4383,.T.);
#3000=EDGE_CURVE('',#3777,#3778,#4384,.T.);
#3001=EDGE_CURVE('',#3776,#3778,#4385,.F.);
#3002=EDGE_CURVE('',#3779,#3777,#280,.T.);
#3003=EDGE_CURVE('',#3779,#3780,#4386,.T.);
#3004=EDGE_CURVE('',#3780,#3778,#281,.T.);
#3005=EDGE_CURVE('',#3781,#3779,#4387,.T.);
#3006=EDGE_CURVE('',#3781,#3782,#4388,.T.);
#3007=EDGE_CURVE('',#3782,#3780,#4389,.F.);
#3008=EDGE_CURVE('',#3783,#3784,#4390,.T.);
#3009=EDGE_CURVE('',#3783,#3785,#4391,.T.);
#3010=EDGE_CURVE('',#3785,#3786,#4392,.T.);
#3011=EDGE_CURVE('',#3784,#3786,#4393,.F.);
#3012=EDGE_CURVE('',#3787,#3785,#282,.T.);
#3013=EDGE_CURVE('',#3787,#3788,#4394,.T.);
#3014=EDGE_CURVE('',#3788,#3786,#283,.T.);
#3015=EDGE_CURVE('',#3789,#3787,#4395,.T.);
#3016=EDGE_CURVE('',#3789,#3790,#4396,.T.);
#3017=EDGE_CURVE('',#3790,#3788,#4397,.F.);
#3018=EDGE_CURVE('',#3791,#3792,#4398,.T.);
#3019=EDGE_CURVE('',#3791,#3793,#4399,.T.);
#3020=EDGE_CURVE('',#3793,#3794,#4400,.T.);
#3021=EDGE_CURVE('',#3792,#3794,#4401,.T.);
#3022=EDGE_CURVE('',#3793,#3795,#4402,.T.);
#3023=EDGE_CURVE('',#3795,#3796,#4403,.T.);
#3024=EDGE_CURVE('',#3794,#3796,#4404,.T.);
#3025=EDGE_CURVE('',#3797,#3795,#4405,.T.);
#3026=EDGE_CURVE('',#3797,#3798,#4406,.T.);
#3027=EDGE_CURVE('',#3798,#3796,#4407,.T.);
#3028=EDGE_CURVE('',#3799,#3800,#106,.F.);
#3029=EDGE_CURVE('',#3801,#3799,#4408,.F.);
#3030=EDGE_CURVE('',#3801,#3802,#4409,.T.);
#3031=EDGE_CURVE('',#3802,#3800,#4410,.F.);
#3032=EDGE_CURVE('',#3803,#3801,#4411,.T.);
#3033=EDGE_CURVE('',#3803,#3804,#4412,.F.);
#3034=EDGE_CURVE('',#3804,#3802,#4413,.T.);
#3035=EDGE_CURVE('',#3805,#3806,#4414,.T.);
#3036=EDGE_CURVE('',#3805,#3807,#4415,.T.);
#3037=EDGE_CURVE('',#3807,#3808,#4416,.T.);
#3038=EDGE_CURVE('',#3806,#3808,#4417,.F.);
#3039=EDGE_CURVE('',#3809,#3807,#284,.T.);
#3040=EDGE_CURVE('',#3809,#3810,#4418,.T.);
#3041=EDGE_CURVE('',#3810,#3808,#285,.T.);
#3042=EDGE_CURVE('',#3811,#3809,#4419,.T.);
#3043=EDGE_CURVE('',#3811,#3812,#4420,.T.);
#3044=EDGE_CURVE('',#3812,#3810,#4421,.F.);
#3045=EDGE_CURVE('',#3813,#3814,#4422,.T.);
#3046=EDGE_CURVE('',#3813,#3815,#4423,.T.);
#3047=EDGE_CURVE('',#3815,#3816,#4424,.T.);
#3048=EDGE_CURVE('',#3814,#3816,#4425,.F.);
#3049=EDGE_CURVE('',#3817,#3815,#286,.T.);
#3050=EDGE_CURVE('',#3817,#3818,#4426,.T.);
#3051=EDGE_CURVE('',#3818,#3816,#287,.T.);
#3052=EDGE_CURVE('',#3819,#3817,#4427,.T.);
#3053=EDGE_CURVE('',#3819,#3820,#4428,.T.);
#3054=EDGE_CURVE('',#3820,#3818,#4429,.F.);
#3055=EDGE_CURVE('',#3821,#3822,#4430,.T.);
#3056=EDGE_CURVE('',#3821,#3823,#4431,.T.);
#3057=EDGE_CURVE('',#3823,#3824,#4432,.T.);
#3058=EDGE_CURVE('',#3822,#3824,#4433,.F.);
#3059=EDGE_CURVE('',#3825,#3823,#288,.T.);
#3060=EDGE_CURVE('',#3825,#3826,#4434,.T.);
#3061=EDGE_CURVE('',#3826,#3824,#289,.T.);
#3062=EDGE_CURVE('',#3827,#3825,#4435,.T.);
#3063=EDGE_CURVE('',#3827,#3828,#4436,.T.);
#3064=EDGE_CURVE('',#3828,#3826,#4437,.F.);
#3065=EDGE_CURVE('',#3829,#3830,#4438,.T.);
#3066=EDGE_CURVE('',#3829,#3831,#4439,.T.);
#3067=EDGE_CURVE('',#3831,#3832,#4440,.T.);
#3068=EDGE_CURVE('',#3830,#3832,#4441,.F.);
#3069=EDGE_CURVE('',#3833,#3831,#290,.T.);
#3070=EDGE_CURVE('',#3833,#3834,#4442,.T.);
#3071=EDGE_CURVE('',#3834,#3832,#291,.T.);
#3072=EDGE_CURVE('',#3835,#3833,#4443,.T.);
#3073=EDGE_CURVE('',#3835,#3836,#4444,.T.);
#3074=EDGE_CURVE('',#3836,#3834,#4445,.F.);
#3075=EDGE_CURVE('',#3837,#3838,#4446,.T.);
#3076=EDGE_CURVE('',#3837,#3839,#4447,.T.);
#3077=EDGE_CURVE('',#3839,#3840,#4448,.T.);
#3078=EDGE_CURVE('',#3838,#3840,#4449,.F.);
#3079=EDGE_CURVE('',#3841,#3839,#292,.T.);
#3080=EDGE_CURVE('',#3841,#3842,#4450,.T.);
#3081=EDGE_CURVE('',#3842,#3840,#293,.T.);
#3082=EDGE_CURVE('',#3843,#3841,#4451,.T.);
#3083=EDGE_CURVE('',#3843,#3844,#4452,.T.);
#3084=EDGE_CURVE('',#3844,#3842,#4453,.F.);
#3085=EDGE_CURVE('',#3845,#3846,#4454,.T.);
#3086=EDGE_CURVE('',#3845,#3847,#4455,.T.);
#3087=EDGE_CURVE('',#3847,#3848,#4456,.T.);
#3088=EDGE_CURVE('',#3846,#3848,#4457,.F.);
#3089=EDGE_CURVE('',#3849,#3847,#294,.T.);
#3090=EDGE_CURVE('',#3849,#3850,#4458,.T.);
#3091=EDGE_CURVE('',#3850,#3848,#295,.T.);
#3092=EDGE_CURVE('',#3851,#3849,#4459,.T.);
#3093=EDGE_CURVE('',#3851,#3852,#4460,.T.);
#3094=EDGE_CURVE('',#3852,#3850,#4461,.F.);
#3095=EDGE_CURVE('',#3853,#3854,#4462,.T.);
#3096=EDGE_CURVE('',#3853,#3855,#4463,.T.);
#3097=EDGE_CURVE('',#3855,#3856,#4464,.T.);
#3098=EDGE_CURVE('',#3854,#3856,#4465,.F.);
#3099=EDGE_CURVE('',#3857,#3855,#296,.T.);
#3100=EDGE_CURVE('',#3857,#3858,#4466,.T.);
#3101=EDGE_CURVE('',#3858,#3856,#297,.T.);
#3102=EDGE_CURVE('',#3859,#3857,#4467,.T.);
#3103=EDGE_CURVE('',#3859,#3860,#4468,.T.);
#3104=EDGE_CURVE('',#3860,#3858,#4469,.F.);
#3105=EDGE_CURVE('',#3861,#3862,#4470,.T.);
#3106=EDGE_CURVE('',#3861,#3863,#4471,.T.);
#3107=EDGE_CURVE('',#3863,#3864,#4472,.T.);
#3108=EDGE_CURVE('',#3862,#3864,#4473,.F.);
#3109=EDGE_CURVE('',#3865,#3863,#298,.T.);
#3110=EDGE_CURVE('',#3865,#3866,#4474,.T.);
#3111=EDGE_CURVE('',#3866,#3864,#299,.T.);
#3112=EDGE_CURVE('',#3867,#3865,#4475,.T.);
#3113=EDGE_CURVE('',#3867,#3868,#4476,.T.);
#3114=EDGE_CURVE('',#3868,#3866,#4477,.F.);
#3115=EDGE_CURVE('',#3869,#3870,#4478,.T.);
#3116=EDGE_CURVE('',#3869,#3871,#4479,.T.);
#3117=EDGE_CURVE('',#3871,#3872,#4480,.T.);
#3118=EDGE_CURVE('',#3870,#3872,#4481,.F.);
#3119=EDGE_CURVE('',#3873,#3871,#300,.T.);
#3120=EDGE_CURVE('',#3873,#3874,#4482,.T.);
#3121=EDGE_CURVE('',#3874,#3872,#301,.T.);
#3122=EDGE_CURVE('',#3875,#3873,#4483,.T.);
#3123=EDGE_CURVE('',#3875,#3876,#4484,.T.);
#3124=EDGE_CURVE('',#3876,#3874,#4485,.F.);
#3125=EDGE_CURVE('',#3877,#3878,#4486,.T.);
#3126=EDGE_CURVE('',#3877,#3879,#4487,.T.);
#3127=EDGE_CURVE('',#3879,#3880,#4488,.T.);
#3128=EDGE_CURVE('',#3878,#3880,#4489,.F.);
#3129=EDGE_CURVE('',#3881,#3879,#302,.T.);
#3130=EDGE_CURVE('',#3881,#3882,#4490,.T.);
#3131=EDGE_CURVE('',#3882,#3880,#303,.T.);
#3132=EDGE_CURVE('',#3883,#3881,#4491,.T.);
#3133=EDGE_CURVE('',#3883,#3884,#4492,.T.);
#3134=EDGE_CURVE('',#3884,#3882,#4493,.F.);
#3135=EDGE_CURVE('',#3885,#3886,#4494,.T.);
#3136=EDGE_CURVE('',#3885,#3887,#4495,.T.);
#3137=EDGE_CURVE('',#3887,#3888,#4496,.T.);
#3138=EDGE_CURVE('',#3886,#3888,#4497,.F.);
#3139=EDGE_CURVE('',#3889,#3887,#304,.T.);
#3140=EDGE_CURVE('',#3889,#3890,#4498,.T.);
#3141=EDGE_CURVE('',#3890,#3888,#305,.T.);
#3142=EDGE_CURVE('',#3891,#3889,#4499,.T.);
#3143=EDGE_CURVE('',#3891,#3892,#4500,.T.);
#3144=EDGE_CURVE('',#3892,#3890,#4501,.F.);
#3145=EDGE_CURVE('',#3893,#3894,#4502,.T.);
#3146=EDGE_CURVE('',#3893,#3895,#4503,.T.);
#3147=EDGE_CURVE('',#3895,#3896,#4504,.T.);
#3148=EDGE_CURVE('',#3894,#3896,#4505,.F.);
#3149=EDGE_CURVE('',#3897,#3895,#306,.T.);
#3150=EDGE_CURVE('',#3897,#3898,#4506,.T.);
#3151=EDGE_CURVE('',#3898,#3896,#307,.T.);
#3152=EDGE_CURVE('',#3899,#3897,#4507,.T.);
#3153=EDGE_CURVE('',#3899,#3900,#4508,.T.);
#3154=EDGE_CURVE('',#3900,#3898,#4509,.F.);
#3155=EDGE_CURVE('',#3901,#3902,#4510,.T.);
#3156=EDGE_CURVE('',#3901,#3903,#4511,.T.);
#3157=EDGE_CURVE('',#3903,#3904,#4512,.T.);
#3158=EDGE_CURVE('',#3902,#3904,#4513,.F.);
#3159=EDGE_CURVE('',#3905,#3903,#308,.T.);
#3160=EDGE_CURVE('',#3905,#3906,#4514,.T.);
#3161=EDGE_CURVE('',#3906,#3904,#309,.T.);
#3162=EDGE_CURVE('',#3907,#3905,#4515,.T.);
#3163=EDGE_CURVE('',#3907,#3908,#4516,.T.);
#3164=EDGE_CURVE('',#3908,#3906,#4517,.F.);
#3165=EDGE_CURVE('',#3909,#3910,#4518,.T.);
#3166=EDGE_CURVE('',#3909,#3911,#4519,.T.);
#3167=EDGE_CURVE('',#3911,#3912,#4520,.T.);
#3168=EDGE_CURVE('',#3910,#3912,#4521,.F.);
#3169=EDGE_CURVE('',#3913,#3911,#310,.T.);
#3170=EDGE_CURVE('',#3913,#3914,#4522,.T.);
#3171=EDGE_CURVE('',#3914,#3912,#311,.T.);
#3172=EDGE_CURVE('',#3915,#3913,#4523,.T.);
#3173=EDGE_CURVE('',#3915,#3916,#4524,.T.);
#3174=EDGE_CURVE('',#3916,#3914,#4525,.F.);
#3175=EDGE_CURVE('',#3917,#3918,#4526,.T.);
#3176=EDGE_CURVE('',#3917,#3919,#4527,.T.);
#3177=EDGE_CURVE('',#3919,#3920,#4528,.T.);
#3178=EDGE_CURVE('',#3918,#3920,#4529,.F.);
#3179=EDGE_CURVE('',#3921,#3919,#312,.T.);
#3180=EDGE_CURVE('',#3921,#3922,#4530,.T.);
#3181=EDGE_CURVE('',#3922,#3920,#313,.T.);
#3182=EDGE_CURVE('',#3923,#3921,#4531,.T.);
#3183=EDGE_CURVE('',#3923,#3924,#4532,.T.);
#3184=EDGE_CURVE('',#3924,#3922,#4533,.F.);
#3185=EDGE_CURVE('',#3917,#3923,#314,.T.);
#3186=EDGE_CURVE('',#3918,#3924,#315,.T.);
#3187=EDGE_CURVE('',#3909,#3915,#316,.T.);
#3188=EDGE_CURVE('',#3910,#3916,#317,.T.);
#3189=EDGE_CURVE('',#3901,#3907,#318,.T.);
#3190=EDGE_CURVE('',#3902,#3908,#319,.T.);
#3191=EDGE_CURVE('',#3893,#3899,#320,.T.);
#3192=EDGE_CURVE('',#3894,#3900,#321,.T.);
#3193=EDGE_CURVE('',#3885,#3891,#322,.T.);
#3194=EDGE_CURVE('',#3886,#3892,#323,.T.);
#3195=EDGE_CURVE('',#3877,#3883,#324,.T.);
#3196=EDGE_CURVE('',#3878,#3884,#325,.T.);
#3197=EDGE_CURVE('',#3869,#3875,#326,.T.);
#3198=EDGE_CURVE('',#3870,#3876,#327,.T.);
#3199=EDGE_CURVE('',#3861,#3867,#328,.T.);
#3200=EDGE_CURVE('',#3862,#3868,#329,.T.);
#3201=EDGE_CURVE('',#3853,#3859,#330,.T.);
#3202=EDGE_CURVE('',#3854,#3860,#331,.T.);
#3203=EDGE_CURVE('',#3845,#3851,#332,.T.);
#3204=EDGE_CURVE('',#3846,#3852,#333,.T.);
#3205=EDGE_CURVE('',#3837,#3843,#334,.T.);
#3206=EDGE_CURVE('',#3838,#3844,#335,.T.);
#3207=EDGE_CURVE('',#3829,#3835,#336,.T.);
#3208=EDGE_CURVE('',#3830,#3836,#337,.T.);
#3209=EDGE_CURVE('',#3821,#3827,#338,.T.);
#3210=EDGE_CURVE('',#3822,#3828,#339,.T.);
#3211=EDGE_CURVE('',#3813,#3819,#340,.T.);
#3212=EDGE_CURVE('',#3814,#3820,#341,.T.);
#3213=EDGE_CURVE('',#3805,#3811,#342,.T.);
#3214=EDGE_CURVE('',#3806,#3812,#343,.T.);
#3215=EDGE_CURVE('',#3803,#3925,#4534,.T.);
#3216=EDGE_CURVE('',#3925,#3926,#107,.T.);
#3217=EDGE_CURVE('',#3804,#3926,#4535,.T.);
#3218=EDGE_CURVE('',#3791,#3797,#4536,.T.);
#3219=EDGE_CURVE('',#3792,#3798,#4537,.T.);
#3220=EDGE_CURVE('',#3783,#3789,#344,.T.);
#3221=EDGE_CURVE('',#3784,#3790,#345,.T.);
#3222=EDGE_CURVE('',#3775,#3781,#346,.T.);
#3223=EDGE_CURVE('',#3776,#3782,#347,.T.);
#3224=EDGE_CURVE('',#3927,#3927,#348,.F.);
#3225=EDGE_CURVE('',#3928,#3928,#349,.F.);
#3226=EDGE_CURVE('',#3929,#3929,#350,.F.);
#3227=EDGE_CURVE('',#3930,#3930,#351,.F.);
#3228=EDGE_CURVE('',#3926,#3800,#4538,.T.);
#3229=EDGE_CURVE('',#3925,#3799,#4539,.T.);
#3230=EDGE_CURVE('',#3931,#3932,#4540,.F.);
#3231=EDGE_CURVE('',#3931,#3933,#4541,.T.);
#3232=EDGE_CURVE('',#3934,#3933,#4542,.F.);
#3233=EDGE_CURVE('',#3934,#3773,#4543,.T.);
#3234=EDGE_CURVE('',#3772,#3935,#4544,.T.);
#3235=EDGE_CURVE('',#3935,#3936,#4545,.T.);
#3236=EDGE_CURVE('',#3936,#3932,#4546,.T.);
#3237=EDGE_CURVE('',#3937,#3938,#4547,.F.);
#3238=EDGE_CURVE('',#3938,#3939,#4548,.T.);
#3239=EDGE_CURVE('',#3939,#3940,#4549,.F.);
#3240=EDGE_CURVE('',#3940,#3941,#4550,.T.);
#3241=EDGE_CURVE('',#3942,#3941,#4551,.T.);
#3242=EDGE_CURVE('',#3942,#3771,#4552,.T.);
#3243=EDGE_CURVE('',#3774,#3937,#4553,.T.);
#3244=EDGE_CURVE('',#3934,#3937,#108,.T.);
#3245=EDGE_CURVE('',#3935,#3942,#109,.F.);
#3246=EDGE_CURVE('',#3932,#3940,#110,.F.);
#3247=EDGE_CURVE('',#3936,#3941,#111,.T.);
#3248=EDGE_CURVE('',#3933,#3938,#112,.F.);
#3249=EDGE_CURVE('',#3931,#3939,#113,.T.);
#3250=EDGE_CURVE('',#3938,#3799,#114,.T.);
#3251=EDGE_CURVE('',#3933,#3800,#115,.T.);
#3252=EDGE_CURVE('',#3925,#3937,#116,.T.);
#3253=EDGE_CURVE('',#3926,#3934,#117,.T.);
#3254=EDGE_CURVE('',#3943,#3944,#4554,.F.);
#3255=EDGE_CURVE('',#3944,#3945,#4555,.T.);
#3256=EDGE_CURVE('',#3946,#3945,#4556,.F.);
#3257=EDGE_CURVE('',#3943,#3946,#4557,.F.);
#3258=EDGE_CURVE('',#3947,#3948,#4558,.T.);
#3259=EDGE_CURVE('',#3947,#3949,#4559,.T.);
#3260=EDGE_CURVE('',#3949,#3950,#4560,.T.);
#3261=EDGE_CURVE('',#3948,#3950,#4561,.T.);
#3262=EDGE_CURVE('',#3949,#3951,#4562,.T.);
#3263=EDGE_CURVE('',#3951,#3952,#4563,.T.);
#3264=EDGE_CURVE('',#3950,#3952,#4564,.F.);
#3265=EDGE_CURVE('',#3953,#3951,#4565,.T.);
#3266=EDGE_CURVE('',#3953,#3954,#4566,.T.);
#3267=EDGE_CURVE('',#3954,#3952,#4567,.T.);
#3268=EDGE_CURVE('',#3955,#3956,#4568,.T.);
#3269=EDGE_CURVE('',#3955,#3957,#4569,.F.);
#3270=EDGE_CURVE('',#3957,#3958,#4570,.T.);
#3271=EDGE_CURVE('',#3956,#3958,#4571,.F.);
#3272=EDGE_CURVE('',#3957,#3959,#4572,.F.);
#3273=EDGE_CURVE('',#3959,#3960,#118,.T.);
#3274=EDGE_CURVE('',#3958,#3960,#4573,.F.);
#3275=EDGE_CURVE('',#3943,#3961,#4574,.T.);
#3276=EDGE_CURVE('',#3946,#3962,#4575,.T.);
#3277=EDGE_CURVE('',#3961,#3962,#119,.F.);
#3278=EDGE_CURVE('',#3947,#3953,#4576,.T.);
#3279=EDGE_CURVE('',#3948,#3954,#4577,.F.);
#3280=EDGE_CURVE('',#3962,#3960,#4578,.T.);
#3281=EDGE_CURVE('',#3945,#3956,#4579,.T.);
#3282=EDGE_CURVE('',#3961,#3959,#4580,.T.);
#3283=EDGE_CURVE('',#3944,#3955,#4581,.T.);
#3284=EDGE_CURVE('',#3963,#3964,#4582,.T.);
#3285=EDGE_CURVE('',#3963,#3965,#4583,.T.);
#3286=EDGE_CURVE('',#3965,#3966,#4584,.T.);
#3287=EDGE_CURVE('',#3964,#3966,#4585,.F.);
#3288=EDGE_CURVE('',#3967,#3965,#4586,.T.);
#3289=EDGE_CURVE('',#3967,#3968,#4587,.T.);
#3290=EDGE_CURVE('',#3968,#3966,#4588,.T.);
#3291=EDGE_CURVE('',#3969,#3967,#4589,.T.);
#3292=EDGE_CURVE('',#3969,#3970,#4590,.T.);
#3293=EDGE_CURVE('',#3970,#3968,#4591,.F.);
#3294=EDGE_CURVE('',#3971,#3969,#352,.T.);
#3295=EDGE_CURVE('',#3971,#3972,#4592,.T.);
#3296=EDGE_CURVE('',#3972,#3970,#353,.T.);
#3297=EDGE_CURVE('',#3971,#3973,#4593,.T.);
#3298=EDGE_CURVE('',#3973,#3974,#4594,.T.);
#3299=EDGE_CURVE('',#3972,#3974,#4595,.F.);
#3300=EDGE_CURVE('',#3975,#3973,#4596,.T.);
#3301=EDGE_CURVE('',#3975,#3976,#4597,.T.);
#3302=EDGE_CURVE('',#3976,#3974,#4598,.T.);
#3303=EDGE_CURVE('',#3977,#3975,#4599,.F.);
#3304=EDGE_CURVE('',#3977,#3978,#4600,.T.);
#3305=EDGE_CURVE('',#3978,#3976,#4601,.F.);
#3306=EDGE_CURVE('',#3979,#3980,#4602,.F.);
#3307=EDGE_CURVE('',#3979,#3981,#4603,.T.);
#3308=EDGE_CURVE('',#3981,#3982,#4604,.F.);
#3309=EDGE_CURVE('',#3980,#3982,#4605,.T.);
#3310=EDGE_CURVE('',#3983,#3981,#4606,.T.);
#3311=EDGE_CURVE('',#3983,#3984,#4607,.T.);
#3312=EDGE_CURVE('',#3984,#3982,#4608,.T.);
#3313=EDGE_CURVE('',#3985,#3983,#4609,.T.);
#3314=EDGE_CURVE('',#3985,#3986,#4610,.T.);
#3315=EDGE_CURVE('',#3986,#3984,#4611,.F.);
#3316=EDGE_CURVE('',#3985,#3963,#354,.F.);
#3317=EDGE_CURVE('',#3986,#3964,#355,.F.);
#3318=EDGE_CURVE('',#3980,#3978,#4612,.F.);
#3319=EDGE_CURVE('',#3979,#3977,#4613,.F.);
#3320=EDGE_CURVE('',#3955,#3977,#356,.T.);
#3321=EDGE_CURVE('',#3956,#3978,#357,.T.);
#3322=EDGE_CURVE('',#3944,#3979,#358,.T.);
#3323=EDGE_CURVE('',#3945,#3980,#359,.T.);
#3324=EDGE_CURVE('',#3959,#3941,#120,.T.);
#3325=EDGE_CURVE('',#3960,#3936,#121,.T.);
#3326=EDGE_CURVE('',#3942,#3961,#122,.T.);
#3327=EDGE_CURVE('',#3935,#3962,#123,.T.);
#3328=EDGE_CURVE('',#3940,#3987,#124,.T.);
#3329=EDGE_CURVE('',#3987,#3988,#125,.F.);
#3330=EDGE_CURVE('',#3932,#3988,#126,.T.);
#3331=EDGE_CURVE('',#3989,#3990,#127,.T.);
#3332=EDGE_CURVE('',#3989,#3939,#128,.T.);
#3333=EDGE_CURVE('',#3990,#3931,#129,.T.);
#3334=EDGE_CURVE('',#3990,#3988,#4614,.F.);
#3335=EDGE_CURVE('',#3989,#3987,#4615,.F.);
#3336=EDGE_CURVE('',#3991,#3992,#4616,.F.);
#3337=EDGE_CURVE('',#3992,#3993,#4617,.T.);
#3338=EDGE_CURVE('',#3994,#3993,#4618,.F.);
#3339=EDGE_CURVE('',#3991,#3994,#4619,.F.);
#3340=EDGE_CURVE('',#3995,#3996,#4620,.T.);
#3341=EDGE_CURVE('',#3995,#3989,#4621,.F.);
#3342=EDGE_CURVE('',#3996,#3990,#4622,.F.);
#3343=EDGE_CURVE('',#3991,#3987,#4623,.T.);
#3344=EDGE_CURVE('',#3994,#3988,#4624,.T.);
#3345=EDGE_CURVE('',#3997,#3998,#4625,.T.);
#3346=EDGE_CURVE('',#3997,#3999,#4626,.T.);
#3347=EDGE_CURVE('',#3999,#4000,#4627,.T.);
#3348=EDGE_CURVE('',#3998,#4000,#4628,.T.);
#3349=EDGE_CURVE('',#4001,#3999,#360,.F.);
#3350=EDGE_CURVE('',#4001,#4002,#4629,.T.);
#3351=EDGE_CURVE('',#4002,#4000,#361,.F.);
#3352=EDGE_CURVE('',#4003,#4001,#4630,.T.);
#3353=EDGE_CURVE('',#4003,#4004,#4631,.T.);
#3354=EDGE_CURVE('',#4004,#4002,#4632,.T.);
#3355=EDGE_CURVE('',#4005,#4006,#4633,.T.);
#3356=EDGE_CURVE('',#4005,#4007,#4634,.T.);
#3357=EDGE_CURVE('',#4007,#4008,#4635,.T.);
#3358=EDGE_CURVE('',#4006,#4008,#4636,.T.);
#3359=EDGE_CURVE('',#4009,#4007,#362,.F.);
#3360=EDGE_CURVE('',#4009,#4010,#4637,.T.);
#3361=EDGE_CURVE('',#4010,#4008,#363,.F.);
#3362=EDGE_CURVE('',#4011,#4009,#4638,.T.);
#3363=EDGE_CURVE('',#4011,#4012,#4639,.T.);
#3364=EDGE_CURVE('',#4012,#4010,#4640,.T.);
#3365=EDGE_CURVE('',#4013,#4014,#4641,.T.);
#3366=EDGE_CURVE('',#4013,#4015,#4642,.T.);
#3367=EDGE_CURVE('',#4015,#4016,#4643,.T.);
#3368=EDGE_CURVE('',#4014,#4016,#4644,.T.);
#3369=EDGE_CURVE('',#4017,#4015,#364,.F.);
#3370=EDGE_CURVE('',#4017,#4018,#4645,.T.);
#3371=EDGE_CURVE('',#4018,#4016,#365,.F.);
#3372=EDGE_CURVE('',#4019,#4017,#4646,.T.);
#3373=EDGE_CURVE('',#4019,#4020,#4647,.T.);
#3374=EDGE_CURVE('',#4020,#4018,#4648,.T.);
#3375=EDGE_CURVE('',#4021,#4022,#4649,.T.);
#3376=EDGE_CURVE('',#4021,#4023,#4650,.T.);
#3377=EDGE_CURVE('',#4023,#4024,#4651,.T.);
#3378=EDGE_CURVE('',#4022,#4024,#4652,.T.);
#3379=EDGE_CURVE('',#4025,#4023,#366,.F.);
#3380=EDGE_CURVE('',#4025,#4026,#4653,.T.);
#3381=EDGE_CURVE('',#4026,#4024,#367,.F.);
#3382=EDGE_CURVE('',#4027,#4025,#4654,.T.);
#3383=EDGE_CURVE('',#4027,#4028,#4655,.T.);
#3384=EDGE_CURVE('',#4028,#4026,#4656,.T.);
#3385=EDGE_CURVE('',#4029,#4030,#4657,.T.);
#3386=EDGE_CURVE('',#4029,#4031,#4658,.T.);
#3387=EDGE_CURVE('',#4031,#4032,#4659,.T.);
#3388=EDGE_CURVE('',#4030,#4032,#4660,.T.);
#3389=EDGE_CURVE('',#4033,#4031,#368,.F.);
#3390=EDGE_CURVE('',#4033,#4034,#4661,.T.);
#3391=EDGE_CURVE('',#4034,#4032,#369,.F.);
#3392=EDGE_CURVE('',#4035,#4033,#4662,.T.);
#3393=EDGE_CURVE('',#4035,#4036,#4663,.T.);
#3394=EDGE_CURVE('',#4036,#4034,#4664,.T.);
#3395=EDGE_CURVE('',#4029,#4035,#370,.F.);
#3396=EDGE_CURVE('',#4030,#4036,#371,.F.);
#3397=EDGE_CURVE('',#4021,#4027,#372,.F.);
#3398=EDGE_CURVE('',#4022,#4028,#373,.F.);
#3399=EDGE_CURVE('',#4013,#4019,#374,.F.);
#3400=EDGE_CURVE('',#4014,#4020,#375,.F.);
#3401=EDGE_CURVE('',#4005,#4011,#376,.F.);
#3402=EDGE_CURVE('',#4006,#4012,#377,.F.);
#3403=EDGE_CURVE('',#3997,#4003,#378,.F.);
#3404=EDGE_CURVE('',#3998,#4004,#379,.F.);
#3405=EDGE_CURVE('',#3993,#3996,#4665,.T.);
#3406=EDGE_CURVE('',#3992,#3995,#4666,.T.);
#3407=EDGE_CURVE('',#4037,#4038,#4667,.F.);
#3408=EDGE_CURVE('',#4039,#4037,#4668,.T.);
#3409=EDGE_CURVE('',#4039,#4040,#4669,.T.);
#3410=EDGE_CURVE('',#4040,#4038,#4670,.T.);
#3411=EDGE_CURVE('',#4041,#4039,#4671,.T.);
#3412=EDGE_CURVE('',#4041,#4042,#4672,.T.);
#3413=EDGE_CURVE('',#4042,#4040,#4673,.T.);
#3414=EDGE_CURVE('',#4043,#4037,#4674,.T.);
#3415=EDGE_CURVE('',#4044,#4038,#4675,.T.);
#3416=EDGE_CURVE('',#4043,#4044,#4676,.F.);
#3417=EDGE_CURVE('',#4044,#4042,#4677,.F.);
#3418=EDGE_CURVE('',#4043,#4041,#4678,.F.);
#3419=EDGE_CURVE('',#3995,#4041,#380,.T.);
#3420=EDGE_CURVE('',#3996,#4042,#381,.T.);
#3421=EDGE_CURVE('',#3992,#4043,#382,.T.);
#3422=EDGE_CURVE('',#3993,#4044,#383,.T.);
#3423=EDGE_CURVE('',#4045,#4045,#384,.T.);
#3424=EDGE_CURVE('',#4046,#4046,#385,.T.);
#3425=VERTEX_POINT('',#9610);
#3426=VERTEX_POINT('',#9611);
#3427=VERTEX_POINT('',#9613);
#3428=VERTEX_POINT('',#9615);
#3429=VERTEX_POINT('',#9619);
#3430=VERTEX_POINT('',#9621);
#3431=VERTEX_POINT('',#9625);
#3432=VERTEX_POINT('',#9626);
#3433=VERTEX_POINT('',#9631);
#3434=VERTEX_POINT('',#9633);
#3435=VERTEX_POINT('',#9635);
#3436=VERTEX_POINT('',#9637);
#3437=VERTEX_POINT('',#9639);
#3438=VERTEX_POINT('',#9643);
#3439=VERTEX_POINT('',#9647);
#3440=VERTEX_POINT('',#9651);
#3441=VERTEX_POINT('',#9655);
#3442=VERTEX_POINT('',#9659);
#3443=VERTEX_POINT('',#9661);
#3444=VERTEX_POINT('',#9663);
#3445=VERTEX_POINT('',#9665);
#3446=VERTEX_POINT('',#9668);
#3447=VERTEX_POINT('',#9669);
#3448=VERTEX_POINT('',#9671);
#3449=VERTEX_POINT('',#9673);
#3450=VERTEX_POINT('',#9676);
#3451=VERTEX_POINT('',#9677);
#3452=VERTEX_POINT('',#9679);
#3453=VERTEX_POINT('',#9681);
#3454=VERTEX_POINT('',#9684);
#3455=VERTEX_POINT('',#9685);
#3456=VERTEX_POINT('',#9687);
#3457=VERTEX_POINT('',#9689);
#3458=VERTEX_POINT('',#9692);
#3459=VERTEX_POINT('',#9693);
#3460=VERTEX_POINT('',#9695);
#3461=VERTEX_POINT('',#9697);
#3462=VERTEX_POINT('',#9700);
#3463=VERTEX_POINT('',#9701);
#3464=VERTEX_POINT('',#9703);
#3465=VERTEX_POINT('',#9705);
#3466=VERTEX_POINT('',#9709);
#3467=VERTEX_POINT('',#9713);
#3468=VERTEX_POINT('',#9717);
#3469=VERTEX_POINT('',#9732);
#3470=VERTEX_POINT('',#9734);
#3471=VERTEX_POINT('',#9738);
#3472=VERTEX_POINT('',#9742);
#3473=VERTEX_POINT('',#9748);
#3474=VERTEX_POINT('',#9750);
#3475=VERTEX_POINT('',#9754);
#3476=VERTEX_POINT('',#9758);
#3477=VERTEX_POINT('',#9764);
#3478=VERTEX_POINT('',#9766);
#3479=VERTEX_POINT('',#9770);
#3480=VERTEX_POINT('',#9774);
#3481=VERTEX_POINT('',#9780);
#3482=VERTEX_POINT('',#9782);
#3483=VERTEX_POINT('',#9786);
#3484=VERTEX_POINT('',#9790);
#3485=VERTEX_POINT('',#9796);
#3486=VERTEX_POINT('',#9797);
#3487=VERTEX_POINT('',#9802);
#3488=VERTEX_POINT('',#9806);
#3489=VERTEX_POINT('',#9818);
#3490=VERTEX_POINT('',#9819);
#3491=VERTEX_POINT('',#9821);
#3492=VERTEX_POINT('',#9823);
#3493=VERTEX_POINT('',#9827);
#3494=VERTEX_POINT('',#9828);
#3495=VERTEX_POINT('',#9830);
#3496=VERTEX_POINT('',#9832);
#3497=VERTEX_POINT('',#9836);
#3498=VERTEX_POINT('',#9837);
#3499=VERTEX_POINT('',#9839);
#3500=VERTEX_POINT('',#9841);
#3501=VERTEX_POINT('',#9845);
#3502=VERTEX_POINT('',#9847);
#3503=VERTEX_POINT('',#9850);
#3504=VERTEX_POINT('',#9852);
#3505=VERTEX_POINT('',#9855);
#3506=VERTEX_POINT('',#9857);
#3507=VERTEX_POINT('',#9860);
#3508=VERTEX_POINT('',#9862);
#3509=VERTEX_POINT('',#9865);
#3510=VERTEX_POINT('',#9867);
#3511=VERTEX_POINT('',#9870);
#3512=VERTEX_POINT('',#9872);
#3513=VERTEX_POINT('',#9875);
#3514=VERTEX_POINT('',#9877);
#3515=VERTEX_POINT('',#9880);
#3516=VERTEX_POINT('',#9882);
#3517=VERTEX_POINT('',#9885);
#3518=VERTEX_POINT('',#9887);
#3519=VERTEX_POINT('',#9890);
#3520=VERTEX_POINT('',#9892);
#3521=VERTEX_POINT('',#9895);
#3522=VERTEX_POINT('',#9896);
#3523=VERTEX_POINT('',#9898);
#3524=VERTEX_POINT('',#9900);
#3525=VERTEX_POINT('',#9904);
#3526=VERTEX_POINT('',#9906);
#3527=VERTEX_POINT('',#9908);
#3528=VERTEX_POINT('',#9910);
#3529=VERTEX_POINT('',#9917);
#3530=VERTEX_POINT('',#9919);
#3531=VERTEX_POINT('',#9921);
#3532=VERTEX_POINT('',#9923);
#3533=VERTEX_POINT('',#9939);
#3534=VERTEX_POINT('',#9940);
#3535=VERTEX_POINT('',#9942);
#3536=VERTEX_POINT('',#9944);
#3537=VERTEX_POINT('',#9948);
#3538=VERTEX_POINT('',#9950);
#3539=VERTEX_POINT('',#9952);
#3540=VERTEX_POINT('',#9954);
#3541=VERTEX_POINT('',#9956);
#3542=VERTEX_POINT('',#9958);
#3543=VERTEX_POINT('',#9962);
#3544=VERTEX_POINT('',#9966);
#3545=VERTEX_POINT('',#9970);
#3546=VERTEX_POINT('',#9972);
#3547=VERTEX_POINT('',#9974);
#3548=VERTEX_POINT('',#9976);
#3549=VERTEX_POINT('',#9990);
#3550=VERTEX_POINT('',#9991);
#3551=VERTEX_POINT('',#9993);
#3552=VERTEX_POINT('',#9995);
#3553=VERTEX_POINT('',#9999);
#3554=VERTEX_POINT('',#10001);
#3555=VERTEX_POINT('',#10003);
#3556=VERTEX_POINT('',#10005);
#3557=VERTEX_POINT('',#10007);
#3558=VERTEX_POINT('',#10009);
#3559=VERTEX_POINT('',#10012);
#3560=VERTEX_POINT('',#10013);
#3561=VERTEX_POINT('',#10015);
#3562=VERTEX_POINT('',#10017);
#3563=VERTEX_POINT('',#10019);
#3564=VERTEX_POINT('',#10021);
#3565=VERTEX_POINT('',#10023);
#3566=VERTEX_POINT('',#10025);
#3567=VERTEX_POINT('',#10029);
#3568=VERTEX_POINT('',#10033);
#3569=VERTEX_POINT('',#10037);
#3570=VERTEX_POINT('',#10039);
#3571=VERTEX_POINT('',#10041);
#3572=VERTEX_POINT('',#10043);
#3573=VERTEX_POINT('',#10046);
#3574=VERTEX_POINT('',#10047);
#3575=VERTEX_POINT('',#10049);
#3576=VERTEX_POINT('',#10051);
#3577=VERTEX_POINT('',#10053);
#3578=VERTEX_POINT('',#10055);
#3579=VERTEX_POINT('',#10057);
#3580=VERTEX_POINT('',#10059);
#3581=VERTEX_POINT('',#10089);
#3582=VERTEX_POINT('',#10090);
#3583=VERTEX_POINT('',#10092);
#3584=VERTEX_POINT('',#10094);
#3585=VERTEX_POINT('',#10098);
#3586=VERTEX_POINT('',#10100);
#3587=VERTEX_POINT('',#10104);
#3588=VERTEX_POINT('',#10106);
#3589=VERTEX_POINT('',#10113);
#3590=VERTEX_POINT('',#10114);
#3591=VERTEX_POINT('',#10116);
#3592=VERTEX_POINT('',#10118);
#3593=VERTEX_POINT('',#10120);
#3594=VERTEX_POINT('',#10122);
#3595=VERTEX_POINT('',#10124);
#3596=VERTEX_POINT('',#10126);
#3597=VERTEX_POINT('',#10130);
#3598=VERTEX_POINT('',#10131);
#3599=VERTEX_POINT('',#10133);
#3600=VERTEX_POINT('',#10135);
#3601=VERTEX_POINT('',#10137);
#3602=VERTEX_POINT('',#10139);
#3603=VERTEX_POINT('',#10141);
#3604=VERTEX_POINT('',#10143);
#3605=VERTEX_POINT('',#10281);
#3606=VERTEX_POINT('',#10286);
#3607=VERTEX_POINT('',#10395);
#3608=VERTEX_POINT('',#10396);
#3609=VERTEX_POINT('',#10521);
#3610=VERTEX_POINT('',#10522);
#3611=VERTEX_POINT('',#10647);
#3612=VERTEX_POINT('',#10652);
#3613=VERTEX_POINT('',#10671);
#3614=VERTEX_POINT('',#10676);
#3615=VERTEX_POINT('',#10683);
#3616=VERTEX_POINT('',#10684);
#3617=VERTEX_POINT('',#10689);
#3618=VERTEX_POINT('',#10691);
#3619=VERTEX_POINT('',#10694);
#3620=VERTEX_POINT('',#10696);
#3621=VERTEX_POINT('',#10699);
#3622=VERTEX_POINT('',#10701);
#3623=VERTEX_POINT('',#10704);
#3624=VERTEX_POINT('',#10706);
#3625=VERTEX_POINT('',#10709);
#3626=VERTEX_POINT('',#10711);
#3627=VERTEX_POINT('',#10715);
#3628=VERTEX_POINT('',#10717);
#3629=VERTEX_POINT('',#10723);
#3630=VERTEX_POINT('',#10724);
#3631=VERTEX_POINT('',#10726);
#3632=VERTEX_POINT('',#10728);
#3633=VERTEX_POINT('',#10732);
#3634=VERTEX_POINT('',#10737);
#3635=VERTEX_POINT('',#10741);
#3636=VERTEX_POINT('',#10743);
#3637=VERTEX_POINT('',#10746);
#3638=VERTEX_POINT('',#10748);
#3639=VERTEX_POINT('',#10751);
#3640=VERTEX_POINT('',#10753);
#3641=VERTEX_POINT('',#10756);
#3642=VERTEX_POINT('',#10758);
#3643=VERTEX_POINT('',#11002);
#3644=VERTEX_POINT('',#11003);
#3645=VERTEX_POINT('',#11008);
#3646=VERTEX_POINT('',#11013);
#3647=VERTEX_POINT('',#11021);
#3648=VERTEX_POINT('',#11022);
#3649=VERTEX_POINT('',#11024);
#3650=VERTEX_POINT('',#11026);
#3651=VERTEX_POINT('',#11030);
#3652=VERTEX_POINT('',#11035);
#3653=VERTEX_POINT('',#11039);
#3654=VERTEX_POINT('',#11041);
#3655=VERTEX_POINT('',#11044);
#3656=VERTEX_POINT('',#11046);
#3657=VERTEX_POINT('',#11049);
#3658=VERTEX_POINT('',#11051);
#3659=VERTEX_POINT('',#11054);
#3660=VERTEX_POINT('',#11056);
#3661=VERTEX_POINT('',#11391);
#3662=VERTEX_POINT('',#11392);
#3663=VERTEX_POINT('',#11517);
#3664=VERTEX_POINT('',#11522);
#3665=VERTEX_POINT('',#11639);
#3666=VERTEX_POINT('',#11644);
#3667=VERTEX_POINT('',#11753);
#3668=VERTEX_POINT('',#11754);
#3669=VERTEX_POINT('',#11785);
#3670=VERTEX_POINT('',#11790);
#3671=VERTEX_POINT('',#11797);
#3672=VERTEX_POINT('',#11798);
#3673=VERTEX_POINT('',#11807);
#3674=VERTEX_POINT('',#11808);
#3675=VERTEX_POINT('',#11810);
#3676=VERTEX_POINT('',#11812);
#3677=VERTEX_POINT('',#11816);
#3678=VERTEX_POINT('',#11821);
#3679=VERTEX_POINT('',#11825);
#3680=VERTEX_POINT('',#11827);
#3681=VERTEX_POINT('',#11830);
#3682=VERTEX_POINT('',#11832);
#3683=VERTEX_POINT('',#12076);
#3684=VERTEX_POINT('',#12077);
#3685=VERTEX_POINT('',#12082);
#3686=VERTEX_POINT('',#12087);
#3687=VERTEX_POINT('',#12095);
#3688=VERTEX_POINT('',#12096);
#3689=VERTEX_POINT('',#12098);
#3690=VERTEX_POINT('',#12100);
#3691=VERTEX_POINT('',#12104);
#3692=VERTEX_POINT('',#12109);
#3693=VERTEX_POINT('',#12113);
#3694=VERTEX_POINT('',#12115);
#3695=VERTEX_POINT('',#12118);
#3696=VERTEX_POINT('',#12120);
#3697=VERTEX_POINT('',#12362);
#3698=VERTEX_POINT('',#12363);
#3699=VERTEX_POINT('',#12365);
#3700=VERTEX_POINT('',#12367);
#3701=VERTEX_POINT('',#12371);
#3702=VERTEX_POINT('',#12373);
#3703=VERTEX_POINT('',#12375);
#3704=VERTEX_POINT('',#12377);
#3705=VERTEX_POINT('',#12379);
#3706=VERTEX_POINT('',#12381);
#3707=VERTEX_POINT('',#12385);
#3708=VERTEX_POINT('',#12389);
#3709=VERTEX_POINT('',#12393);
#3710=VERTEX_POINT('',#12395);
#3711=VERTEX_POINT('',#12397);
#3712=VERTEX_POINT('',#12399);
#3713=VERTEX_POINT('',#12416);
#3714=VERTEX_POINT('',#12417);
#3715=VERTEX_POINT('',#12419);
#3716=VERTEX_POINT('',#12421);
#3717=VERTEX_POINT('',#12425);
#3718=VERTEX_POINT('',#12426);
#3719=VERTEX_POINT('',#12428);
#3720=VERTEX_POINT('',#12430);
#3721=VERTEX_POINT('',#12434);
#3722=VERTEX_POINT('',#12435);
#3723=VERTEX_POINT('',#12437);
#3724=VERTEX_POINT('',#12439);
#3725=VERTEX_POINT('',#12443);
#3726=VERTEX_POINT('',#12445);
#3727=VERTEX_POINT('',#12449);
#3728=VERTEX_POINT('',#12451);
#3729=VERTEX_POINT('',#12455);
#3730=VERTEX_POINT('',#12456);
#3731=VERTEX_POINT('',#12458);
#3732=VERTEX_POINT('',#12460);
#3733=VERTEX_POINT('',#12464);
#3734=VERTEX_POINT('',#12466);
#3735=VERTEX_POINT('',#12470);
#3736=VERTEX_POINT('',#12472);
#3737=VERTEX_POINT('',#12476);
#3738=VERTEX_POINT('',#12477);
#3739=VERTEX_POINT('',#12479);
#3740=VERTEX_POINT('',#12481);
#3741=VERTEX_POINT('',#12485);
#3742=VERTEX_POINT('',#12487);
#3743=VERTEX_POINT('',#12491);
#3744=VERTEX_POINT('',#12493);
#3745=VERTEX_POINT('',#12497);
#3746=VERTEX_POINT('',#12498);
#3747=VERTEX_POINT('',#12500);
#3748=VERTEX_POINT('',#12502);
#3749=VERTEX_POINT('',#12506);
#3750=VERTEX_POINT('',#12508);
#3751=VERTEX_POINT('',#12512);
#3752=VERTEX_POINT('',#12514);
#3753=VERTEX_POINT('',#12518);
#3754=VERTEX_POINT('',#12519);
#3755=VERTEX_POINT('',#12521);
#3756=VERTEX_POINT('',#12523);
#3757=VERTEX_POINT('',#12527);
#3758=VERTEX_POINT('',#12529);
#3759=VERTEX_POINT('',#12533);
#3760=VERTEX_POINT('',#12535);
#3761=VERTEX_POINT('',#12554);
#3762=VERTEX_POINT('',#12559);
#3763=VERTEX_POINT('',#12569);
#3764=VERTEX_POINT('',#12570);
#3765=VERTEX_POINT('',#12572);
#3766=VERTEX_POINT('',#12574);
#3767=VERTEX_POINT('',#12578);
#3768=VERTEX_POINT('',#12580);
#3769=VERTEX_POINT('',#12584);
#3770=VERTEX_POINT('',#12586);
#3771=VERTEX_POINT('',#12735);
#3772=VERTEX_POINT('',#12740);
#3773=VERTEX_POINT('',#12874);
#3774=VERTEX_POINT('',#12875);
#3775=VERTEX_POINT('',#12907);
#3776=VERTEX_POINT('',#12908);
#3777=VERTEX_POINT('',#12910);
#3778=VERTEX_POINT('',#12912);
#3779=VERTEX_POINT('',#12916);
#3780=VERTEX_POINT('',#12918);
#3781=VERTEX_POINT('',#12922);
#3782=VERTEX_POINT('',#12924);
#3783=VERTEX_POINT('',#12928);
#3784=VERTEX_POINT('',#12929);
#3785=VERTEX_POINT('',#12931);
#3786=VERTEX_POINT('',#12933);
#3787=VERTEX_POINT('',#12937);
#3788=VERTEX_POINT('',#12939);
#3789=VERTEX_POINT('',#12943);
#3790=VERTEX_POINT('',#12945);
#3791=VERTEX_POINT('',#12949);
#3792=VERTEX_POINT('',#12950);
#3793=VERTEX_POINT('',#12952);
#3794=VERTEX_POINT('',#12954);
#3795=VERTEX_POINT('',#12958);
#3796=VERTEX_POINT('',#12960);
#3797=VERTEX_POINT('',#12964);
#3798=VERTEX_POINT('',#12966);
#3799=VERTEX_POINT('',#12973);
#3800=VERTEX_POINT('',#12974);
#3801=VERTEX_POINT('',#12976);
#3802=VERTEX_POINT('',#12978);
#3803=VERTEX_POINT('',#12982);
#3804=VERTEX_POINT('',#12984);
#3805=VERTEX_POINT('',#12988);
#3806=VERTEX_POINT('',#12989);
#3807=VERTEX_POINT('',#12991);
#3808=VERTEX_POINT('',#12993);
#3809=VERTEX_POINT('',#12997);
#3810=VERTEX_POINT('',#12999);
#3811=VERTEX_POINT('',#13003);
#3812=VERTEX_POINT('',#13005);
#3813=VERTEX_POINT('',#13009);
#3814=VERTEX_POINT('',#13010);
#3815=VERTEX_POINT('',#13012);
#3816=VERTEX_POINT('',#13014);
#3817=VERTEX_POINT('',#13018);
#3818=VERTEX_POINT('',#13020);
#3819=VERTEX_POINT('',#13024);
#3820=VERTEX_POINT('',#13026);
#3821=VERTEX_POINT('',#13030);
#3822=VERTEX_POINT('',#13031);
#3823=VERTEX_POINT('',#13033);
#3824=VERTEX_POINT('',#13035);
#3825=VERTEX_POINT('',#13039);
#3826=VERTEX_POINT('',#13041);
#3827=VERTEX_POINT('',#13045);
#3828=VERTEX_POINT('',#13047);
#3829=VERTEX_POINT('',#13051);
#3830=VERTEX_POINT('',#13052);
#3831=VERTEX_POINT('',#13054);
#3832=VERTEX_POINT('',#13056);
#3833=VERTEX_POINT('',#13060);
#3834=VERTEX_POINT('',#13062);
#3835=VERTEX_POINT('',#13066);
#3836=VERTEX_POINT('',#13068);
#3837=VERTEX_POINT('',#13072);
#3838=VERTEX_POINT('',#13073);
#3839=VERTEX_POINT('',#13075);
#3840=VERTEX_POINT('',#13077);
#3841=VERTEX_POINT('',#13081);
#3842=VERTEX_POINT('',#13083);
#3843=VERTEX_POINT('',#13087);
#3844=VERTEX_POINT('',#13089);
#3845=VERTEX_POINT('',#13093);
#3846=VERTEX_POINT('',#13094);
#3847=VERTEX_POINT('',#13096);
#3848=VERTEX_POINT('',#13098);
#3849=VERTEX_POINT('',#13102);
#3850=VERTEX_POINT('',#13104);
#3851=VERTEX_POINT('',#13108);
#3852=VERTEX_POINT('',#13110);
#3853=VERTEX_POINT('',#13114);
#3854=VERTEX_POINT('',#13115);
#3855=VERTEX_POINT('',#13117);
#3856=VERTEX_POINT('',#13119);
#3857=VERTEX_POINT('',#13123);
#3858=VERTEX_POINT('',#13125);
#3859=VERTEX_POINT('',#13129);
#3860=VERTEX_POINT('',#13131);
#3861=VERTEX_POINT('',#13135);
#3862=VERTEX_POINT('',#13136);
#3863=VERTEX_POINT('',#13138);
#3864=VERTEX_POINT('',#13140);
#3865=VERTEX_POINT('',#13144);
#3866=VERTEX_POINT('',#13146);
#3867=VERTEX_POINT('',#13150);
#3868=VERTEX_POINT('',#13152);
#3869=VERTEX_POINT('',#13156);
#3870=VERTEX_POINT('',#13157);
#3871=VERTEX_POINT('',#13159);
#3872=VERTEX_POINT('',#13161);
#3873=VERTEX_POINT('',#13165);
#3874=VERTEX_POINT('',#13167);
#3875=VERTEX_POINT('',#13171);
#3876=VERTEX_POINT('',#13173);
#3877=VERTEX_POINT('',#13177);
#3878=VERTEX_POINT('',#13178);
#3879=VERTEX_POINT('',#13180);
#3880=VERTEX_POINT('',#13182);
#3881=VERTEX_POINT('',#13186);
#3882=VERTEX_POINT('',#13188);
#3883=VERTEX_POINT('',#13192);
#3884=VERTEX_POINT('',#13194);
#3885=VERTEX_POINT('',#13198);
#3886=VERTEX_POINT('',#13199);
#3887=VERTEX_POINT('',#13201);
#3888=VERTEX_POINT('',#13203);
#3889=VERTEX_POINT('',#13207);
#3890=VERTEX_POINT('',#13209);
#3891=VERTEX_POINT('',#13213);
#3892=VERTEX_POINT('',#13215);
#3893=VERTEX_POINT('',#13219);
#3894=VERTEX_POINT('',#13220);
#3895=VERTEX_POINT('',#13222);
#3896=VERTEX_POINT('',#13224);
#3897=VERTEX_POINT('',#13228);
#3898=VERTEX_POINT('',#13230);
#3899=VERTEX_POINT('',#13234);
#3900=VERTEX_POINT('',#13236);
#3901=VERTEX_POINT('',#13240);
#3902=VERTEX_POINT('',#13241);
#3903=VERTEX_POINT('',#13243);
#3904=VERTEX_POINT('',#13245);
#3905=VERTEX_POINT('',#13249);
#3906=VERTEX_POINT('',#13251);
#3907=VERTEX_POINT('',#13255);
#3908=VERTEX_POINT('',#13257);
#3909=VERTEX_POINT('',#13261);
#3910=VERTEX_POINT('',#13262);
#3911=VERTEX_POINT('',#13264);
#3912=VERTEX_POINT('',#13266);
#3913=VERTEX_POINT('',#13270);
#3914=VERTEX_POINT('',#13272);
#3915=VERTEX_POINT('',#13276);
#3916=VERTEX_POINT('',#13278);
#3917=VERTEX_POINT('',#13282);
#3918=VERTEX_POINT('',#13283);
#3919=VERTEX_POINT('',#13285);
#3920=VERTEX_POINT('',#13287);
#3921=VERTEX_POINT('',#13291);
#3922=VERTEX_POINT('',#13293);
#3923=VERTEX_POINT('',#13297);
#3924=VERTEX_POINT('',#13299);
#3925=VERTEX_POINT('',#13348);
#3926=VERTEX_POINT('',#13353);
#3927=VERTEX_POINT('',#13366);
#3928=VERTEX_POINT('',#13368);
#3929=VERTEX_POINT('',#13371);
#3930=VERTEX_POINT('',#13373);
#3931=VERTEX_POINT('',#13379);
#3932=VERTEX_POINT('',#13380);
#3933=VERTEX_POINT('',#13382);
#3934=VERTEX_POINT('',#13384);
#3935=VERTEX_POINT('',#13387);
#3936=VERTEX_POINT('',#13389);
#3937=VERTEX_POINT('',#13393);
#3938=VERTEX_POINT('',#13394);
#3939=VERTEX_POINT('',#13396);
#3940=VERTEX_POINT('',#13398);
#3941=VERTEX_POINT('',#13400);
#3942=VERTEX_POINT('',#13402);
#3943=VERTEX_POINT('',#13603);
#3944=VERTEX_POINT('',#13604);
#3945=VERTEX_POINT('',#13606);
#3946=VERTEX_POINT('',#13608);
#3947=VERTEX_POINT('',#13612);
#3948=VERTEX_POINT('',#13613);
#3949=VERTEX_POINT('',#13615);
#3950=VERTEX_POINT('',#13617);
#3951=VERTEX_POINT('',#13621);
#3952=VERTEX_POINT('',#13623);
#3953=VERTEX_POINT('',#13627);
#3954=VERTEX_POINT('',#13629);
#3955=VERTEX_POINT('',#13633);
#3956=VERTEX_POINT('',#13634);
#3957=VERTEX_POINT('',#13636);
#3958=VERTEX_POINT('',#13638);
#3959=VERTEX_POINT('',#13642);
#3960=VERTEX_POINT('',#13647);
#3961=VERTEX_POINT('',#13651);
#3962=VERTEX_POINT('',#13653);
#3963=VERTEX_POINT('',#13669);
#3964=VERTEX_POINT('',#13670);
#3965=VERTEX_POINT('',#13672);
#3966=VERTEX_POINT('',#13674);
#3967=VERTEX_POINT('',#13678);
#3968=VERTEX_POINT('',#13680);
#3969=VERTEX_POINT('',#13684);
#3970=VERTEX_POINT('',#13686);
#3971=VERTEX_POINT('',#13690);
#3972=VERTEX_POINT('',#13692);
#3973=VERTEX_POINT('',#13696);
#3974=VERTEX_POINT('',#13698);
#3975=VERTEX_POINT('',#13702);
#3976=VERTEX_POINT('',#13704);
#3977=VERTEX_POINT('',#13708);
#3978=VERTEX_POINT('',#13710);
#3979=VERTEX_POINT('',#13714);
#3980=VERTEX_POINT('',#13715);
#3981=VERTEX_POINT('',#13717);
#3982=VERTEX_POINT('',#13719);
#3983=VERTEX_POINT('',#13723);
#3984=VERTEX_POINT('',#13725);
#3985=VERTEX_POINT('',#13729);
#3986=VERTEX_POINT('',#13731);
#3987=VERTEX_POINT('',#14042);
#3988=VERTEX_POINT('',#14047);
#3989=VERTEX_POINT('',#14189);
#3990=VERTEX_POINT('',#14190);
#3991=VERTEX_POINT('',#14222);
#3992=VERTEX_POINT('',#14223);
#3993=VERTEX_POINT('',#14225);
#3994=VERTEX_POINT('',#14227);
#3995=VERTEX_POINT('',#14231);
#3996=VERTEX_POINT('',#14232);
#3997=VERTEX_POINT('',#14240);
#3998=VERTEX_POINT('',#14241);
#3999=VERTEX_POINT('',#14243);
#4000=VERTEX_POINT('',#14245);
#4001=VERTEX_POINT('',#14249);
#4002=VERTEX_POINT('',#14251);
#4003=VERTEX_POINT('',#14255);
#4004=VERTEX_POINT('',#14257);
#4005=VERTEX_POINT('',#14261);
#4006=VERTEX_POINT('',#14262);
#4007=VERTEX_POINT('',#14264);
#4008=VERTEX_POINT('',#14266);
#4009=VERTEX_POINT('',#14270);
#4010=VERTEX_POINT('',#14272);
#4011=VERTEX_POINT('',#14276);
#4012=VERTEX_POINT('',#14278);
#4013=VERTEX_POINT('',#14282);
#4014=VERTEX_POINT('',#14283);
#4015=VERTEX_POINT('',#14285);
#4016=VERTEX_POINT('',#14287);
#4017=VERTEX_POINT('',#14291);
#4018=VERTEX_POINT('',#14293);
#4019=VERTEX_POINT('',#14297);
#4020=VERTEX_POINT('',#14299);
#4021=VERTEX_POINT('',#14303);
#4022=VERTEX_POINT('',#14304);
#4023=VERTEX_POINT('',#14306);
#4024=VERTEX_POINT('',#14308);
#4025=VERTEX_POINT('',#14312);
#4026=VERTEX_POINT('',#14314);
#4027=VERTEX_POINT('',#14318);
#4028=VERTEX_POINT('',#14320);
#4029=VERTEX_POINT('',#14324);
#4030=VERTEX_POINT('',#14325);
#4031=VERTEX_POINT('',#14327);
#4032=VERTEX_POINT('',#14329);
#4033=VERTEX_POINT('',#14333);
#4034=VERTEX_POINT('',#14335);
#4035=VERTEX_POINT('',#14339);
#4036=VERTEX_POINT('',#14341);
#4037=VERTEX_POINT('',#14364);
#4038=VERTEX_POINT('',#14365);
#4039=VERTEX_POINT('',#14367);
#4040=VERTEX_POINT('',#14369);
#4041=VERTEX_POINT('',#14373);
#4042=VERTEX_POINT('',#14375);
#4043=VERTEX_POINT('',#14379);
#4044=VERTEX_POINT('',#14381);
#4045=VERTEX_POINT('',#14397);
#4046=VERTEX_POINT('',#14401);
#4047=LINE('',#9609,#4679);
#4048=LINE('',#9612,#4680);
#4049=LINE('',#9614,#4681);
#4050=LINE('',#9616,#4682);
#4051=LINE('',#9620,#4683);
#4052=LINE('',#9624,#4684);
#4053=LINE('',#9627,#4685);
#4054=LINE('',#9628,#4686);
#4055=LINE('',#9630,#4687);
#4056=LINE('',#9634,#4688);
#4057=LINE('',#9638,#4689);
#4058=LINE('',#9642,#4690);
#4059=LINE('',#9648,#4691);
#4060=LINE('',#9650,#4692);
#4061=LINE('',#9652,#4693);
#4062=LINE('',#9656,#4694);
#4063=LINE('',#9658,#4695);
#4064=LINE('',#9662,#4696);
#4065=LINE('',#9666,#4697);
#4066=LINE('',#9667,#4698);
#4067=LINE('',#9670,#4699);
#4068=LINE('',#9672,#4700);
#4069=LINE('',#9674,#4701);
#4070=LINE('',#9675,#4702);
#4071=LINE('',#9678,#4703);
#4072=LINE('',#9680,#4704);
#4073=LINE('',#9682,#4705);
#4074=LINE('',#9683,#4706);
#4075=LINE('',#9686,#4707);
#4076=LINE('',#9688,#4708);
#4077=LINE('',#9690,#4709);
#4078=LINE('',#9691,#4710);
#4079=LINE('',#9694,#4711);
#4080=LINE('',#9696,#4712);
#4081=LINE('',#9698,#4713);
#4082=LINE('',#9699,#4714);
#4083=LINE('',#9702,#4715);
#4084=LINE('',#9704,#4716);
#4085=LINE('',#9706,#4717);
#4086=LINE('',#9708,#4718);
#4087=LINE('',#9710,#4719);
#4088=LINE('',#9712,#4720);
#4089=LINE('',#9716,#4721);
#4090=LINE('',#9720,#4722);
#4091=LINE('',#9722,#4723);
#4092=LINE('',#9724,#4724);
#4093=LINE('',#9726,#4725);
#4094=LINE('',#9728,#4726);
#4095=LINE('',#9731,#4727);
#4096=LINE('',#9733,#4728);
#4097=LINE('',#9735,#4729);
#4098=LINE('',#9737,#4730);
#4099=LINE('',#9739,#4731);
#4100=LINE('',#9741,#4732);
#4101=LINE('',#9743,#4733);
#4102=LINE('',#9745,#4734);
#4103=LINE('',#9747,#4735);
#4104=LINE('',#9749,#4736);
#4105=LINE('',#9751,#4737);
#4106=LINE('',#9753,#4738);
#4107=LINE('',#9755,#4739);
#4108=LINE('',#9757,#4740);
#4109=LINE('',#9759,#4741);
#4110=LINE('',#9761,#4742);
#4111=LINE('',#9763,#4743);
#4112=LINE('',#9765,#4744);
#4113=LINE('',#9767,#4745);
#4114=LINE('',#9769,#4746);
#4115=LINE('',#9771,#4747);
#4116=LINE('',#9773,#4748);
#4117=LINE('',#9775,#4749);
#4118=LINE('',#9777,#4750);
#4119=LINE('',#9779,#4751);
#4120=LINE('',#9781,#4752);
#4121=LINE('',#9783,#4753);
#4122=LINE('',#9785,#4754);
#4123=LINE('',#9787,#4755);
#4124=LINE('',#9789,#4756);
#4125=LINE('',#9791,#4757);
#4126=LINE('',#9793,#4758);
#4127=LINE('',#9795,#4759);
#4128=LINE('',#9798,#4760);
#4129=LINE('',#9799,#4761);
#4130=LINE('',#9801,#4762);
#4131=LINE('',#9803,#4763);
#4132=LINE('',#9805,#4764);
#4133=LINE('',#9807,#4765);
#4134=LINE('',#9809,#4766);
#4135=LINE('',#9817,#4767);
#4136=LINE('',#9820,#4768);
#4137=LINE('',#9822,#4769);
#4138=LINE('',#9824,#4770);
#4139=LINE('',#9826,#4771);
#4140=LINE('',#9829,#4772);
#4141=LINE('',#9831,#4773);
#4142=LINE('',#9833,#4774);
#4143=LINE('',#9835,#4775);
#4144=LINE('',#9838,#4776);
#4145=LINE('',#9840,#4777);
#4146=LINE('',#9842,#4778);
#4147=LINE('',#9894,#4779);
#4148=LINE('',#9897,#4780);
#4149=LINE('',#9899,#4781);
#4150=LINE('',#9901,#4782);
#4151=LINE('',#9938,#4783);
#4152=LINE('',#9941,#4784);
#4153=LINE('',#9943,#4785);
#4154=LINE('',#9945,#4786);
#4155=LINE('',#9949,#4787);
#4156=LINE('',#9953,#4788);
#4157=LINE('',#9957,#4789);
#4158=LINE('',#9961,#4790);
#4159=LINE('',#9967,#4791);
#4160=LINE('',#9969,#4792);
#4161=LINE('',#9973,#4793);
#4162=LINE('',#9977,#4794);
#4163=LINE('',#9979,#4795);
#4164=LINE('',#9981,#4796);
#4165=LINE('',#9983,#4797);
#4166=LINE('',#9985,#4798);
#4167=LINE('',#9989,#4799);
#4168=LINE('',#9992,#4800);
#4169=LINE('',#9994,#4801);
#4170=LINE('',#9996,#4802);
#4171=LINE('',#10000,#4803);
#4172=LINE('',#10004,#4804);
#4173=LINE('',#10008,#4805);
#4174=LINE('',#10011,#4806);
#4175=LINE('',#10016,#4807);
#4176=LINE('',#10020,#4808);
#4177=LINE('',#10024,#4809);
#4178=LINE('',#10028,#4810);
#4179=LINE('',#10034,#4811);
#4180=LINE('',#10036,#4812);
#4181=LINE('',#10040,#4813);
#4182=LINE('',#10044,#4814);
#4183=LINE('',#10048,#4815);
#4184=LINE('',#10052,#4816);
#4185=LINE('',#10056,#4817);
#4186=LINE('',#10060,#4818);
#4187=LINE('',#10062,#4819);
#4188=LINE('',#10064,#4820);
#4189=LINE('',#10066,#4821);
#4190=LINE('',#10068,#4822);
#4191=LINE('',#10071,#4823);
#4192=LINE('',#10072,#4824);
#4193=LINE('',#10074,#4825);
#4194=LINE('',#10076,#4826);
#4195=LINE('',#10078,#4827);
#4196=LINE('',#10080,#4828);
#4197=LINE('',#10082,#4829);
#4198=LINE('',#10084,#4830);
#4199=LINE('',#10088,#4831);
#4200=LINE('',#10091,#4832);
#4201=LINE('',#10093,#4833);
#4202=LINE('',#10095,#4834);
#4203=LINE('',#10097,#4835);
#4204=LINE('',#10099,#4836);
#4205=LINE('',#10101,#4837);
#4206=LINE('',#10103,#4838);
#4207=LINE('',#10105,#4839);
#4208=LINE('',#10107,#4840);
#4209=LINE('',#10109,#4841);
#4210=LINE('',#10110,#4842);
#4211=LINE('',#10112,#4843);
#4212=LINE('',#10115,#4844);
#4213=LINE('',#10117,#4845);
#4214=LINE('',#10119,#4846);
#4215=LINE('',#10121,#4847);
#4216=LINE('',#10123,#4848);
#4217=LINE('',#10125,#4849);
#4218=LINE('',#10127,#4850);
#4219=LINE('',#10129,#4851);
#4220=LINE('',#10132,#4852);
#4221=LINE('',#10134,#4853);
#4222=LINE('',#10136,#4854);
#4223=LINE('',#10138,#4855);
#4224=LINE('',#10140,#4856);
#4225=LINE('',#10142,#4857);
#4226=LINE('',#10144,#4858);
#4227=LINE('',#10422,#4859);
#4228=LINE('',#10424,#4860);
#4229=LINE('',#10666,#4861);
#4230=LINE('',#10668,#4862);
#4231=LINE('',#10670,#4863);
#4232=LINE('',#10677,#4864);
#4233=LINE('',#10685,#4865);
#4234=LINE('',#10686,#4866);
#4235=LINE('',#10712,#4867);
#4236=LINE('',#10718,#4868);
#4237=LINE('',#10722,#4869);
#4238=LINE('',#10725,#4870);
#4239=LINE('',#10727,#4871);
#4240=LINE('',#10729,#4872);
#4241=LINE('',#10731,#4873);
#4242=LINE('',#10738,#4874);
#4243=LINE('',#10755,#4875);
#4244=LINE('',#10757,#4876);
#4245=LINE('',#10764,#4877);
#4246=LINE('',#10766,#4878);
#4247=LINE('',#11004,#4879);
#4248=LINE('',#11005,#4880);
#4249=LINE('',#11007,#4881);
#4250=LINE('',#11014,#4882);
#4251=LINE('',#11016,#4883);
#4252=LINE('',#11018,#4884);
#4253=LINE('',#11020,#4885);
#4254=LINE('',#11023,#4886);
#4255=LINE('',#11025,#4887);
#4256=LINE('',#11027,#4888);
#4257=LINE('',#11029,#4889);
#4258=LINE('',#11036,#4890);
#4259=LINE('',#11053,#4891);
#4260=LINE('',#11055,#4892);
#4261=LINE('',#11062,#4893);
#4262=LINE('',#11064,#4894);
#4263=LINE('',#11536,#4895);
#4264=LINE('',#11538,#4896);
#4265=LINE('',#11780,#4897);
#4266=LINE('',#11782,#4898);
#4267=LINE('',#11784,#4899);
#4268=LINE('',#11791,#4900);
#4269=LINE('',#11799,#4901);
#4270=LINE('',#11800,#4902);
#4271=LINE('',#11802,#4903);
#4272=LINE('',#11804,#4904);
#4273=LINE('',#11806,#4905);
#4274=LINE('',#11809,#4906);
#4275=LINE('',#11811,#4907);
#4276=LINE('',#11813,#4908);
#4277=LINE('',#11815,#4909);
#4278=LINE('',#11822,#4910);
#4279=LINE('',#11829,#4911);
#4280=LINE('',#11831,#4912);
#4281=LINE('',#11838,#4913);
#4282=LINE('',#11840,#4914);
#4283=LINE('',#12078,#4915);
#4284=LINE('',#12079,#4916);
#4285=LINE('',#12081,#4917);
#4286=LINE('',#12088,#4918);
#4287=LINE('',#12090,#4919);
#4288=LINE('',#12092,#4920);
#4289=LINE('',#12094,#4921);
#4290=LINE('',#12097,#4922);
#4291=LINE('',#12099,#4923);
#4292=LINE('',#12101,#4924);
#4293=LINE('',#12103,#4925);
#4294=LINE('',#12110,#4926);
#4295=LINE('',#12117,#4927);
#4296=LINE('',#12119,#4928);
#4297=LINE('',#12126,#4929);
#4298=LINE('',#12128,#4930);
#4299=LINE('',#12361,#4931);
#4300=LINE('',#12364,#4932);
#4301=LINE('',#12366,#4933);
#4302=LINE('',#12368,#4934);
#4303=LINE('',#12372,#4935);
#4304=LINE('',#12376,#4936);
#4305=LINE('',#12380,#4937);
#4306=LINE('',#12384,#4938);
#4307=LINE('',#12390,#4939);
#4308=LINE('',#12392,#4940);
#4309=LINE('',#12396,#4941);
#4310=LINE('',#12400,#4942);
#4311=LINE('',#12402,#4943);
#4312=LINE('',#12404,#4944);
#4313=LINE('',#12406,#4945);
#4314=LINE('',#12408,#4946);
#4315=LINE('',#12418,#4947);
#4316=LINE('',#12420,#4948);
#4317=LINE('',#12422,#4949);
#4318=LINE('',#12424,#4950);
#4319=LINE('',#12427,#4951);
#4320=LINE('',#12429,#4952);
#4321=LINE('',#12431,#4953);
#4322=LINE('',#12433,#4954);
#4323=LINE('',#12438,#4955);
#4324=LINE('',#12442,#4956);
#4325=LINE('',#12444,#4957);
#4326=LINE('',#12446,#4958);
#4327=LINE('',#12450,#4959);
#4328=LINE('',#12454,#4960);
#4329=LINE('',#12459,#4961);
#4330=LINE('',#12463,#4962);
#4331=LINE('',#12465,#4963);
#4332=LINE('',#12467,#4964);
#4333=LINE('',#12471,#4965);
#4334=LINE('',#12475,#4966);
#4335=LINE('',#12480,#4967);
#4336=LINE('',#12484,#4968);
#4337=LINE('',#12486,#4969);
#4338=LINE('',#12488,#4970);
#4339=LINE('',#12492,#4971);
#4340=LINE('',#12496,#4972);
#4341=LINE('',#12501,#4973);
#4342=LINE('',#12505,#4974);
#4343=LINE('',#12507,#4975);
#4344=LINE('',#12509,#4976);
#4345=LINE('',#12513,#4977);
#4346=LINE('',#12517,#4978);
#4347=LINE('',#12522,#4979);
#4348=LINE('',#12526,#4980);
#4349=LINE('',#12528,#4981);
#4350=LINE('',#12530,#4982);
#4351=LINE('',#12534,#4983);
#4352=LINE('',#12538,#4984);
#4353=LINE('',#12539,#4985);
#4354=LINE('',#12541,#4986);
#4355=LINE('',#12542,#4987);
#4356=LINE('',#12544,#4988);
#4357=LINE('',#12545,#4989);
#4358=LINE('',#12547,#4990);
#4359=LINE('',#12548,#4991);
#4360=LINE('',#12550,#4992);
#4361=LINE('',#12551,#4993);
#4362=LINE('',#12553,#4994);
#4363=LINE('',#12560,#4995);
#4364=LINE('',#12562,#4996);
#4365=LINE('',#12563,#4997);
#4366=LINE('',#12565,#4998);
#4367=LINE('',#12566,#4999);
#4368=LINE('',#12568,#5000);
#4369=LINE('',#12571,#5001);
#4370=LINE('',#12573,#5002);
#4371=LINE('',#12575,#5003);
#4372=LINE('',#12577,#5004);
#4373=LINE('',#12579,#5005);
#4374=LINE('',#12581,#5006);
#4375=LINE('',#12583,#5007);
#4376=LINE('',#12585,#5008);
#4377=LINE('',#12587,#5009);
#4378=LINE('',#12589,#5010);
#4379=LINE('',#12591,#5011);
#4380=LINE('',#12902,#5012);
#4381=LINE('',#12904,#5013);
#4382=LINE('',#12906,#5014);
#4383=LINE('',#12909,#5015);
#4384=LINE('',#12911,#5016);
#4385=LINE('',#12913,#5017);
#4386=LINE('',#12917,#5018);
#4387=LINE('',#12921,#5019);
#4388=LINE('',#12923,#5020);
#4389=LINE('',#12925,#5021);
#4390=LINE('',#12927,#5022);
#4391=LINE('',#12930,#5023);
#4392=LINE('',#12932,#5024);
#4393=LINE('',#12934,#5025);
#4394=LINE('',#12938,#5026);
#4395=LINE('',#12942,#5027);
#4396=LINE('',#12944,#5028);
#4397=LINE('',#12946,#5029);
#4398=LINE('',#12948,#5030);
#4399=LINE('',#12951,#5031);
#4400=LINE('',#12953,#5032);
#4401=LINE('',#12955,#5033);
#4402=LINE('',#12957,#5034);
#4403=LINE('',#12959,#5035);
#4404=LINE('',#12961,#5036);
#4405=LINE('',#12963,#5037);
#4406=LINE('',#12965,#5038);
#4407=LINE('',#12967,#5039);
#4408=LINE('',#12975,#5040);
#4409=LINE('',#12977,#5041);
#4410=LINE('',#12979,#5042);
#4411=LINE('',#12981,#5043);
#4412=LINE('',#12983,#5044);
#4413=LINE('',#12985,#5045);
#4414=LINE('',#12987,#5046);
#4415=LINE('',#12990,#5047);
#4416=LINE('',#12992,#5048);
#4417=LINE('',#12994,#5049);
#4418=LINE('',#12998,#5050);
#4419=LINE('',#13002,#5051);
#4420=LINE('',#13004,#5052);
#4421=LINE('',#13006,#5053);
#4422=LINE('',#13008,#5054);
#4423=LINE('',#13011,#5055);
#4424=LINE('',#13013,#5056);
#4425=LINE('',#13015,#5057);
#4426=LINE('',#13019,#5058);
#4427=LINE('',#13023,#5059);
#4428=LINE('',#13025,#5060);
#4429=LINE('',#13027,#5061);
#4430=LINE('',#13029,#5062);
#4431=LINE('',#13032,#5063);
#4432=LINE('',#13034,#5064);
#4433=LINE('',#13036,#5065);
#4434=LINE('',#13040,#5066);
#4435=LINE('',#13044,#5067);
#4436=LINE('',#13046,#5068);
#4437=LINE('',#13048,#5069);
#4438=LINE('',#13050,#5070);
#4439=LINE('',#13053,#5071);
#4440=LINE('',#13055,#5072);
#4441=LINE('',#13057,#5073);
#4442=LINE('',#13061,#5074);
#4443=LINE('',#13065,#5075);
#4444=LINE('',#13067,#5076);
#4445=LINE('',#13069,#5077);
#4446=LINE('',#13071,#5078);
#4447=LINE('',#13074,#5079);
#4448=LINE('',#13076,#5080);
#4449=LINE('',#13078,#5081);
#4450=LINE('',#13082,#5082);
#4451=LINE('',#13086,#5083);
#4452=LINE('',#13088,#5084);
#4453=LINE('',#13090,#5085);
#4454=LINE('',#13092,#5086);
#4455=LINE('',#13095,#5087);
#4456=LINE('',#13097,#5088);
#4457=LINE('',#13099,#5089);
#4458=LINE('',#13103,#5090);
#4459=LINE('',#13107,#5091);
#4460=LINE('',#13109,#5092);
#4461=LINE('',#13111,#5093);
#4462=LINE('',#13113,#5094);
#4463=LINE('',#13116,#5095);
#4464=LINE('',#13118,#5096);
#4465=LINE('',#13120,#5097);
#4466=LINE('',#13124,#5098);
#4467=LINE('',#13128,#5099);
#4468=LINE('',#13130,#5100);
#4469=LINE('',#13132,#5101);
#4470=LINE('',#13134,#5102);
#4471=LINE('',#13137,#5103);
#4472=LINE('',#13139,#5104);
#4473=LINE('',#13141,#5105);
#4474=LINE('',#13145,#5106);
#4475=LINE('',#13149,#5107);
#4476=LINE('',#13151,#5108);
#4477=LINE('',#13153,#5109);
#4478=LINE('',#13155,#5110);
#4479=LINE('',#13158,#5111);
#4480=LINE('',#13160,#5112);
#4481=LINE('',#13162,#5113);
#4482=LINE('',#13166,#5114);
#4483=LINE('',#13170,#5115);
#4484=LINE('',#13172,#5116);
#4485=LINE('',#13174,#5117);
#4486=LINE('',#13176,#5118);
#4487=LINE('',#13179,#5119);
#4488=LINE('',#13181,#5120);
#4489=LINE('',#13183,#5121);
#4490=LINE('',#13187,#5122);
#4491=LINE('',#13191,#5123);
#4492=LINE('',#13193,#5124);
#4493=LINE('',#13195,#5125);
#4494=LINE('',#13197,#5126);
#4495=LINE('',#13200,#5127);
#4496=LINE('',#13202,#5128);
#4497=LINE('',#13204,#5129);
#4498=LINE('',#13208,#5130);
#4499=LINE('',#13212,#5131);
#4500=LINE('',#13214,#5132);
#4501=LINE('',#13216,#5133);
#4502=LINE('',#13218,#5134);
#4503=LINE('',#13221,#5135);
#4504=LINE('',#13223,#5136);
#4505=LINE('',#13225,#5137);
#4506=LINE('',#13229,#5138);
#4507=LINE('',#13233,#5139);
#4508=LINE('',#13235,#5140);
#4509=LINE('',#13237,#5141);
#4510=LINE('',#13239,#5142);
#4511=LINE('',#13242,#5143);
#4512=LINE('',#13244,#5144);
#4513=LINE('',#13246,#5145);
#4514=LINE('',#13250,#5146);
#4515=LINE('',#13254,#5147);
#4516=LINE('',#13256,#5148);
#4517=LINE('',#13258,#5149);
#4518=LINE('',#13260,#5150);
#4519=LINE('',#13263,#5151);
#4520=LINE('',#13265,#5152);
#4521=LINE('',#13267,#5153);
#4522=LINE('',#13271,#5154);
#4523=LINE('',#13275,#5155);
#4524=LINE('',#13277,#5156);
#4525=LINE('',#13279,#5157);
#4526=LINE('',#13281,#5158);
#4527=LINE('',#13284,#5159);
#4528=LINE('',#13286,#5160);
#4529=LINE('',#13288,#5161);
#4530=LINE('',#13292,#5162);
#4531=LINE('',#13296,#5163);
#4532=LINE('',#13298,#5164);
#4533=LINE('',#13300,#5165);
#4534=LINE('',#13347,#5166);
#4535=LINE('',#13354,#5167);
#4536=LINE('',#13356,#5168);
#4537=LINE('',#13357,#5169);
#4538=LINE('',#13374,#5170);
#4539=LINE('',#13376,#5171);
#4540=LINE('',#13378,#5172);
#4541=LINE('',#13381,#5173);
#4542=LINE('',#13383,#5174);
#4543=LINE('',#13385,#5175);
#4544=LINE('',#13386,#5176);
#4545=LINE('',#13388,#5177);
#4546=LINE('',#13390,#5178);
#4547=LINE('',#13392,#5179);
#4548=LINE('',#13395,#5180);
#4549=LINE('',#13397,#5181);
#4550=LINE('',#13399,#5182);
#4551=LINE('',#13401,#5183);
#4552=LINE('',#13403,#5184);
#4553=LINE('',#13404,#5185);
#4554=LINE('',#13602,#5186);
#4555=LINE('',#13605,#5187);
#4556=LINE('',#13607,#5188);
#4557=LINE('',#13609,#5189);
#4558=LINE('',#13611,#5190);
#4559=LINE('',#13614,#5191);
#4560=LINE('',#13616,#5192);
#4561=LINE('',#13618,#5193);
#4562=LINE('',#13620,#5194);
#4563=LINE('',#13622,#5195);
#4564=LINE('',#13624,#5196);
#4565=LINE('',#13626,#5197);
#4566=LINE('',#13628,#5198);
#4567=LINE('',#13630,#5199);
#4568=LINE('',#13632,#5200);
#4569=LINE('',#13635,#5201);
#4570=LINE('',#13637,#5202);
#4571=LINE('',#13639,#5203);
#4572=LINE('',#13641,#5204);
#4573=LINE('',#13648,#5205);
#4574=LINE('',#13650,#5206);
#4575=LINE('',#13652,#5207);
#4576=LINE('',#13659,#5208);
#4577=LINE('',#13660,#5209);
#4578=LINE('',#13662,#5210);
#4579=LINE('',#13663,#5211);
#4580=LINE('',#13665,#5212);
#4581=LINE('',#13666,#5213);
#4582=LINE('',#13668,#5214);
#4583=LINE('',#13671,#5215);
#4584=LINE('',#13673,#5216);
#4585=LINE('',#13675,#5217);
#4586=LINE('',#13677,#5218);
#4587=LINE('',#13679,#5219);
#4588=LINE('',#13681,#5220);
#4589=LINE('',#13683,#5221);
#4590=LINE('',#13685,#5222);
#4591=LINE('',#13687,#5223);
#4592=LINE('',#13691,#5224);
#4593=LINE('',#13695,#5225);
#4594=LINE('',#13697,#5226);
#4595=LINE('',#13699,#5227);
#4596=LINE('',#13701,#5228);
#4597=LINE('',#13703,#5229);
#4598=LINE('',#13705,#5230);
#4599=LINE('',#13707,#5231);
#4600=LINE('',#13709,#5232);
#4601=LINE('',#13711,#5233);
#4602=LINE('',#13713,#5234);
#4603=LINE('',#13716,#5235);
#4604=LINE('',#13718,#5236);
#4605=LINE('',#13720,#5237);
#4606=LINE('',#13722,#5238);
#4607=LINE('',#13724,#5239);
#4608=LINE('',#13726,#5240);
#4609=LINE('',#13728,#5241);
#4610=LINE('',#13730,#5242);
#4611=LINE('',#13732,#5243);
#4612=LINE('',#13737,#5244);
#4613=LINE('',#13739,#5245);
#4614=LINE('',#14217,#5246);
#4615=LINE('',#14219,#5247);
#4616=LINE('',#14221,#5248);
#4617=LINE('',#14224,#5249);
#4618=LINE('',#14226,#5250);
#4619=LINE('',#14228,#5251);
#4620=LINE('',#14230,#5252);
#4621=LINE('',#14233,#5253);
#4622=LINE('',#14234,#5254);
#4623=LINE('',#14236,#5255);
#4624=LINE('',#14237,#5256);
#4625=LINE('',#14239,#5257);
#4626=LINE('',#14242,#5258);
#4627=LINE('',#14244,#5259);
#4628=LINE('',#14246,#5260);
#4629=LINE('',#14250,#5261);
#4630=LINE('',#14254,#5262);
#4631=LINE('',#14256,#5263);
#4632=LINE('',#14258,#5264);
#4633=LINE('',#14260,#5265);
#4634=LINE('',#14263,#5266);
#4635=LINE('',#14265,#5267);
#4636=LINE('',#14267,#5268);
#4637=LINE('',#14271,#5269);
#4638=LINE('',#14275,#5270);
#4639=LINE('',#14277,#5271);
#4640=LINE('',#14279,#5272);
#4641=LINE('',#14281,#5273);
#4642=LINE('',#14284,#5274);
#4643=LINE('',#14286,#5275);
#4644=LINE('',#14288,#5276);
#4645=LINE('',#14292,#5277);
#4646=LINE('',#14296,#5278);
#4647=LINE('',#14298,#5279);
#4648=LINE('',#14300,#5280);
#4649=LINE('',#14302,#5281);
#4650=LINE('',#14305,#5282);
#4651=LINE('',#14307,#5283);
#4652=LINE('',#14309,#5284);
#4653=LINE('',#14313,#5285);
#4654=LINE('',#14317,#5286);
#4655=LINE('',#14319,#5287);
#4656=LINE('',#14321,#5288);
#4657=LINE('',#14323,#5289);
#4658=LINE('',#14326,#5290);
#4659=LINE('',#14328,#5291);
#4660=LINE('',#14330,#5292);
#4661=LINE('',#14334,#5293);
#4662=LINE('',#14338,#5294);
#4663=LINE('',#14340,#5295);
#4664=LINE('',#14342,#5296);
#4665=LINE('',#14359,#5297);
#4666=LINE('',#14361,#5298);
#4667=LINE('',#14363,#5299);
#4668=LINE('',#14366,#5300);
#4669=LINE('',#14368,#5301);
#4670=LINE('',#14370,#5302);
#4671=LINE('',#14372,#5303);
#4672=LINE('',#14374,#5304);
#4673=LINE('',#14376,#5305);
#4674=LINE('',#14378,#5306);
#4675=LINE('',#14380,#5307);
#4676=LINE('',#14382,#5308);
#4677=LINE('',#14384,#5309);
#4678=LINE('',#14386,#5310);
#4679=VECTOR('',#7745,1.);
#4680=VECTOR('',#7746,1.);
#4681=VECTOR('',#7747,1.);
#4682=VECTOR('',#7748,1.);
#4683=VECTOR('',#7753,1.);
#4684=VECTOR('',#7758,1.);
#4685=VECTOR('',#7759,1.);
#4686=VECTOR('',#7760,1.);
#4687=VECTOR('',#7763,1.);
#4688=VECTOR('',#7766,1.);
#4689=VECTOR('',#7769,1.);
#4690=VECTOR('',#7774,1.);
#4691=VECTOR('',#7781,1.);
#4692=VECTOR('',#7784,1.);
#4693=VECTOR('',#7785,1.);
#4694=VECTOR('',#7790,1.);
#4695=VECTOR('',#7793,1.);
#4696=VECTOR('',#7796,1.);
#4697=VECTOR('',#7799,1.);
#4698=VECTOR('',#7800,1.);
#4699=VECTOR('',#7801,1.);
#4700=VECTOR('',#7802,1.);
#4701=VECTOR('',#7803,1.);
#4702=VECTOR('',#7804,1.);
#4703=VECTOR('',#7805,1.);
#4704=VECTOR('',#7806,1.);
#4705=VECTOR('',#7807,1.);
#4706=VECTOR('',#7808,1.);
#4707=VECTOR('',#7809,1.);
#4708=VECTOR('',#7810,1.);
#4709=VECTOR('',#7811,1.);
#4710=VECTOR('',#7812,1.);
#4711=VECTOR('',#7813,1.);
#4712=VECTOR('',#7814,1.);
#4713=VECTOR('',#7815,1.);
#4714=VECTOR('',#7816,1.);
#4715=VECTOR('',#7817,1.);
#4716=VECTOR('',#7818,1.);
#4717=VECTOR('',#7819,1.);
#4718=VECTOR('',#7822,1.);
#4719=VECTOR('',#7823,1.);
#4720=VECTOR('',#7826,1.);
#4721=VECTOR('',#7831,1.);
#4722=VECTOR('',#7836,1.);
#4723=VECTOR('',#7839,1.);
#4724=VECTOR('',#7842,1.);
#4725=VECTOR('',#7845,1.);
#4726=VECTOR('',#7848,1.);
#4727=VECTOR('',#7853,1.);
#4728=VECTOR('',#7854,1.);
#4729=VECTOR('',#7855,1.);
#4730=VECTOR('',#7858,1.);
#4731=VECTOR('',#7859,1.);
#4732=VECTOR('',#7862,1.);
#4733=VECTOR('',#7863,1.);
#4734=VECTOR('',#7866,1.);
#4735=VECTOR('',#7869,1.);
#4736=VECTOR('',#7870,1.);
#4737=VECTOR('',#7871,1.);
#4738=VECTOR('',#7874,1.);
#4739=VECTOR('',#7875,1.);
#4740=VECTOR('',#7878,1.);
#4741=VECTOR('',#7879,1.);
#4742=VECTOR('',#7882,1.);
#4743=VECTOR('',#7885,1.);
#4744=VECTOR('',#7886,1.);
#4745=VECTOR('',#7887,1.);
#4746=VECTOR('',#7890,1.);
#4747=VECTOR('',#7891,1.);
#4748=VECTOR('',#7894,1.);
#4749=VECTOR('',#7895,1.);
#4750=VECTOR('',#7898,1.);
#4751=VECTOR('',#7901,1.);
#4752=VECTOR('',#7902,1.);
#4753=VECTOR('',#7903,1.);
#4754=VECTOR('',#7906,1.);
#4755=VECTOR('',#7907,1.);
#4756=VECTOR('',#7910,1.);
#4757=VECTOR('',#7911,1.);
#4758=VECTOR('',#7914,1.);
#4759=VECTOR('',#7917,1.);
#4760=VECTOR('',#7918,1.);
#4761=VECTOR('',#7919,1.);
#4762=VECTOR('',#7922,1.);
#4763=VECTOR('',#7923,1.);
#4764=VECTOR('',#7926,1.);
#4765=VECTOR('',#7927,1.);
#4766=VECTOR('',#7930,1.);
#4767=VECTOR('',#7945,1.);
#4768=VECTOR('',#7946,1.);
#4769=VECTOR('',#7947,1.);
#4770=VECTOR('',#7948,1.);
#4771=VECTOR('',#7951,1.);
#4772=VECTOR('',#7952,1.);
#4773=VECTOR('',#7953,1.);
#4774=VECTOR('',#7954,1.);
#4775=VECTOR('',#7957,1.);
#4776=VECTOR('',#7958,1.);
#4777=VECTOR('',#7959,1.);
#4778=VECTOR('',#7960,1.);
#4779=VECTOR('',#8023,1.);
#4780=VECTOR('',#8024,1.);
#4781=VECTOR('',#8025,1.);
#4782=VECTOR('',#8026,1.);
#4783=VECTOR('',#8083,1.);
#4784=VECTOR('',#8084,1.);
#4785=VECTOR('',#8085,1.);
#4786=VECTOR('',#8086,1.);
#4787=VECTOR('',#8091,1.);
#4788=VECTOR('',#8094,1.);
#4789=VECTOR('',#8097,1.);
#4790=VECTOR('',#8102,1.);
#4791=VECTOR('',#8109,1.);
#4792=VECTOR('',#8112,1.);
#4793=VECTOR('',#8115,1.);
#4794=VECTOR('',#8118,1.);
#4795=VECTOR('',#8121,1.);
#4796=VECTOR('',#8124,1.);
#4797=VECTOR('',#8127,1.);
#4798=VECTOR('',#8130,1.);
#4799=VECTOR('',#8137,1.);
#4800=VECTOR('',#8138,1.);
#4801=VECTOR('',#8139,1.);
#4802=VECTOR('',#8140,1.);
#4803=VECTOR('',#8145,1.);
#4804=VECTOR('',#8148,1.);
#4805=VECTOR('',#8151,1.);
#4806=VECTOR('',#8154,1.);
#4807=VECTOR('',#8157,1.);
#4808=VECTOR('',#8160,1.);
#4809=VECTOR('',#8163,1.);
#4810=VECTOR('',#8168,1.);
#4811=VECTOR('',#8175,1.);
#4812=VECTOR('',#8178,1.);
#4813=VECTOR('',#8181,1.);
#4814=VECTOR('',#8184,1.);
#4815=VECTOR('',#8187,1.);
#4816=VECTOR('',#8190,1.);
#4817=VECTOR('',#8193,1.);
#4818=VECTOR('',#8196,1.);
#4819=VECTOR('',#8199,1.);
#4820=VECTOR('',#8202,1.);
#4821=VECTOR('',#8205,1.);
#4822=VECTOR('',#8208,1.);
#4823=VECTOR('',#8213,1.);
#4824=VECTOR('',#8214,1.);
#4825=VECTOR('',#8217,1.);
#4826=VECTOR('',#8220,1.);
#4827=VECTOR('',#8223,1.);
#4828=VECTOR('',#8226,1.);
#4829=VECTOR('',#8229,1.);
#4830=VECTOR('',#8232,1.);
#4831=VECTOR('',#8239,1.);
#4832=VECTOR('',#8240,1.);
#4833=VECTOR('',#8241,1.);
#4834=VECTOR('',#8242,1.);
#4835=VECTOR('',#8245,1.);
#4836=VECTOR('',#8246,1.);
#4837=VECTOR('',#8247,1.);
#4838=VECTOR('',#8250,1.);
#4839=VECTOR('',#8251,1.);
#4840=VECTOR('',#8252,1.);
#4841=VECTOR('',#8255,1.);
#4842=VECTOR('',#8256,1.);
#4843=VECTOR('',#8259,1.);
#4844=VECTOR('',#8260,1.);
#4845=VECTOR('',#8261,1.);
#4846=VECTOR('',#8262,1.);
#4847=VECTOR('',#8263,1.);
#4848=VECTOR('',#8264,1.);
#4849=VECTOR('',#8265,1.);
#4850=VECTOR('',#8266,1.);
#4851=VECTOR('',#8269,1.);
#4852=VECTOR('',#8270,1.);
#4853=VECTOR('',#8271,1.);
#4854=VECTOR('',#8272,1.);
#4855=VECTOR('',#8273,1.);
#4856=VECTOR('',#8274,1.);
#4857=VECTOR('',#8275,1.);
#4858=VECTOR('',#8276,1.);
#4859=VECTOR('',#8287,1.);
#4860=VECTOR('',#8290,1.);
#4861=VECTOR('',#8293,1.);
#4862=VECTOR('',#8296,1.);
#4863=VECTOR('',#8299,1.);
#4864=VECTOR('',#8300,1.);
#4865=VECTOR('',#8303,1.);
#4866=VECTOR('',#8304,1.);
#4867=VECTOR('',#8335,1.);
#4868=VECTOR('',#8342,1.);
#4869=VECTOR('',#8349,1.);
#4870=VECTOR('',#8350,1.);
#4871=VECTOR('',#8351,1.);
#4872=VECTOR('',#8352,1.);
#4873=VECTOR('',#8355,1.);
#4874=VECTOR('',#8356,1.);
#4875=VECTOR('',#8377,1.);
#4876=VECTOR('',#8378,1.);
#4877=VECTOR('',#8381,1.);
#4878=VECTOR('',#8384,1.);
#4879=VECTOR('',#8391,1.);
#4880=VECTOR('',#8392,1.);
#4881=VECTOR('',#8395,1.);
#4882=VECTOR('',#8396,1.);
#4883=VECTOR('',#8399,1.);
#4884=VECTOR('',#8402,1.);
#4885=VECTOR('',#8405,1.);
#4886=VECTOR('',#8406,1.);
#4887=VECTOR('',#8407,1.);
#4888=VECTOR('',#8408,1.);
#4889=VECTOR('',#8411,1.);
#4890=VECTOR('',#8412,1.);
#4891=VECTOR('',#8433,1.);
#4892=VECTOR('',#8434,1.);
#4893=VECTOR('',#8437,1.);
#4894=VECTOR('',#8440,1.);
#4895=VECTOR('',#8447,1.);
#4896=VECTOR('',#8450,1.);
#4897=VECTOR('',#8453,1.);
#4898=VECTOR('',#8456,1.);
#4899=VECTOR('',#8459,1.);
#4900=VECTOR('',#8460,1.);
#4901=VECTOR('',#8463,1.);
#4902=VECTOR('',#8464,1.);
#4903=VECTOR('',#8467,1.);
#4904=VECTOR('',#8470,1.);
#4905=VECTOR('',#8473,1.);
#4906=VECTOR('',#8474,1.);
#4907=VECTOR('',#8475,1.);
#4908=VECTOR('',#8476,1.);
#4909=VECTOR('',#8479,1.);
#4910=VECTOR('',#8480,1.);
#4911=VECTOR('',#8489,1.);
#4912=VECTOR('',#8490,1.);
#4913=VECTOR('',#8493,1.);
#4914=VECTOR('',#8496,1.);
#4915=VECTOR('',#8503,1.);
#4916=VECTOR('',#8504,1.);
#4917=VECTOR('',#8507,1.);
#4918=VECTOR('',#8508,1.);
#4919=VECTOR('',#8511,1.);
#4920=VECTOR('',#8514,1.);
#4921=VECTOR('',#8517,1.);
#4922=VECTOR('',#8518,1.);
#4923=VECTOR('',#8519,1.);
#4924=VECTOR('',#8520,1.);
#4925=VECTOR('',#8523,1.);
#4926=VECTOR('',#8524,1.);
#4927=VECTOR('',#8533,1.);
#4928=VECTOR('',#8534,1.);
#4929=VECTOR('',#8537,1.);
#4930=VECTOR('',#8540,1.);
#4931=VECTOR('',#8549,1.);
#4932=VECTOR('',#8550,1.);
#4933=VECTOR('',#8551,1.);
#4934=VECTOR('',#8552,1.);
#4935=VECTOR('',#8557,1.);
#4936=VECTOR('',#8560,1.);
#4937=VECTOR('',#8563,1.);
#4938=VECTOR('',#8568,1.);
#4939=VECTOR('',#8575,1.);
#4940=VECTOR('',#8578,1.);
#4941=VECTOR('',#8581,1.);
#4942=VECTOR('',#8584,1.);
#4943=VECTOR('',#8587,1.);
#4944=VECTOR('',#8590,1.);
#4945=VECTOR('',#8593,1.);
#4946=VECTOR('',#8596,1.);
#4947=VECTOR('',#8603,1.);
#4948=VECTOR('',#8604,1.);
#4949=VECTOR('',#8605,1.);
#4950=VECTOR('',#8608,1.);
#4951=VECTOR('',#8609,1.);
#4952=VECTOR('',#8610,1.);
#4953=VECTOR('',#8611,1.);
#4954=VECTOR('',#8614,1.);
#4955=VECTOR('',#8617,1.);
#4956=VECTOR('',#8622,1.);
#4957=VECTOR('',#8623,1.);
#4958=VECTOR('',#8624,1.);
#4959=VECTOR('',#8629,1.);
#4960=VECTOR('',#8634,1.);
#4961=VECTOR('',#8637,1.);
#4962=VECTOR('',#8642,1.);
#4963=VECTOR('',#8643,1.);
#4964=VECTOR('',#8644,1.);
#4965=VECTOR('',#8649,1.);
#4966=VECTOR('',#8654,1.);
#4967=VECTOR('',#8657,1.);
#4968=VECTOR('',#8662,1.);
#4969=VECTOR('',#8663,1.);
#4970=VECTOR('',#8664,1.);
#4971=VECTOR('',#8669,1.);
#4972=VECTOR('',#8674,1.);
#4973=VECTOR('',#8677,1.);
#4974=VECTOR('',#8682,1.);
#4975=VECTOR('',#8683,1.);
#4976=VECTOR('',#8684,1.);
#4977=VECTOR('',#8689,1.);
#4978=VECTOR('',#8694,1.);
#4979=VECTOR('',#8697,1.);
#4980=VECTOR('',#8702,1.);
#4981=VECTOR('',#8703,1.);
#4982=VECTOR('',#8704,1.);
#4983=VECTOR('',#8709,1.);
#4984=VECTOR('',#8714,1.);
#4985=VECTOR('',#8715,1.);
#4986=VECTOR('',#8718,1.);
#4987=VECTOR('',#8719,1.);
#4988=VECTOR('',#8722,1.);
#4989=VECTOR('',#8723,1.);
#4990=VECTOR('',#8726,1.);
#4991=VECTOR('',#8727,1.);
#4992=VECTOR('',#8730,1.);
#4993=VECTOR('',#8731,1.);
#4994=VECTOR('',#8734,1.);
#4995=VECTOR('',#8735,1.);
#4996=VECTOR('',#8738,1.);
#4997=VECTOR('',#8739,1.);
#4998=VECTOR('',#8742,1.);
#4999=VECTOR('',#8743,1.);
#5000=VECTOR('',#8746,1.);
#5001=VECTOR('',#8747,1.);
#5002=VECTOR('',#8748,1.);
#5003=VECTOR('',#8749,1.);
#5004=VECTOR('',#8752,1.);
#5005=VECTOR('',#8753,1.);
#5006=VECTOR('',#8754,1.);
#5007=VECTOR('',#8757,1.);
#5008=VECTOR('',#8758,1.);
#5009=VECTOR('',#8759,1.);
#5010=VECTOR('',#8762,1.);
#5011=VECTOR('',#8765,1.);
#5012=VECTOR('',#8784,1.);
#5013=VECTOR('',#8787,1.);
#5014=VECTOR('',#8790,1.);
#5015=VECTOR('',#8791,1.);
#5016=VECTOR('',#8792,1.);
#5017=VECTOR('',#8793,1.);
#5018=VECTOR('',#8798,1.);
#5019=VECTOR('',#8803,1.);
#5020=VECTOR('',#8804,1.);
#5021=VECTOR('',#8805,1.);
#5022=VECTOR('',#8808,1.);
#5023=VECTOR('',#8809,1.);
#5024=VECTOR('',#8810,1.);
#5025=VECTOR('',#8811,1.);
#5026=VECTOR('',#8816,1.);
#5027=VECTOR('',#8821,1.);
#5028=VECTOR('',#8822,1.);
#5029=VECTOR('',#8823,1.);
#5030=VECTOR('',#8826,1.);
#5031=VECTOR('',#8827,1.);
#5032=VECTOR('',#8828,1.);
#5033=VECTOR('',#8829,1.);
#5034=VECTOR('',#8832,1.);
#5035=VECTOR('',#8833,1.);
#5036=VECTOR('',#8834,1.);
#5037=VECTOR('',#8837,1.);
#5038=VECTOR('',#8838,1.);
#5039=VECTOR('',#8839,1.);
#5040=VECTOR('',#8842,1.);
#5041=VECTOR('',#8843,1.);
#5042=VECTOR('',#8844,1.);
#5043=VECTOR('',#8847,1.);
#5044=VECTOR('',#8848,1.);
#5045=VECTOR('',#8849,1.);
#5046=VECTOR('',#8852,1.);
#5047=VECTOR('',#8853,1.);
#5048=VECTOR('',#8854,1.);
#5049=VECTOR('',#8855,1.);
#5050=VECTOR('',#8860,1.);
#5051=VECTOR('',#8865,1.);
#5052=VECTOR('',#8866,1.);
#5053=VECTOR('',#8867,1.);
#5054=VECTOR('',#8870,1.);
#5055=VECTOR('',#8871,1.);
#5056=VECTOR('',#8872,1.);
#5057=VECTOR('',#8873,1.);
#5058=VECTOR('',#8878,1.);
#5059=VECTOR('',#8883,1.);
#5060=VECTOR('',#8884,1.);
#5061=VECTOR('',#8885,1.);
#5062=VECTOR('',#8888,1.);
#5063=VECTOR('',#8889,1.);
#5064=VECTOR('',#8890,1.);
#5065=VECTOR('',#8891,1.);
#5066=VECTOR('',#8896,1.);
#5067=VECTOR('',#8901,1.);
#5068=VECTOR('',#8902,1.);
#5069=VECTOR('',#8903,1.);
#5070=VECTOR('',#8906,1.);
#5071=VECTOR('',#8907,1.);
#5072=VECTOR('',#8908,1.);
#5073=VECTOR('',#8909,1.);
#5074=VECTOR('',#8914,1.);
#5075=VECTOR('',#8919,1.);
#5076=VECTOR('',#8920,1.);
#5077=VECTOR('',#8921,1.);
#5078=VECTOR('',#8924,1.);
#5079=VECTOR('',#8925,1.);
#5080=VECTOR('',#8926,1.);
#5081=VECTOR('',#8927,1.);
#5082=VECTOR('',#8932,1.);
#5083=VECTOR('',#8937,1.);
#5084=VECTOR('',#8938,1.);
#5085=VECTOR('',#8939,1.);
#5086=VECTOR('',#8942,1.);
#5087=VECTOR('',#8943,1.);
#5088=VECTOR('',#8944,1.);
#5089=VECTOR('',#8945,1.);
#5090=VECTOR('',#8950,1.);
#5091=VECTOR('',#8955,1.);
#5092=VECTOR('',#8956,1.);
#5093=VECTOR('',#8957,1.);
#5094=VECTOR('',#8960,1.);
#5095=VECTOR('',#8961,1.);
#5096=VECTOR('',#8962,1.);
#5097=VECTOR('',#8963,1.);
#5098=VECTOR('',#8968,1.);
#5099=VECTOR('',#8973,1.);
#5100=VECTOR('',#8974,1.);
#5101=VECTOR('',#8975,1.);
#5102=VECTOR('',#8978,1.);
#5103=VECTOR('',#8979,1.);
#5104=VECTOR('',#8980,1.);
#5105=VECTOR('',#8981,1.);
#5106=VECTOR('',#8986,1.);
#5107=VECTOR('',#8991,1.);
#5108=VECTOR('',#8992,1.);
#5109=VECTOR('',#8993,1.);
#5110=VECTOR('',#8996,1.);
#5111=VECTOR('',#8997,1.);
#5112=VECTOR('',#8998,1.);
#5113=VECTOR('',#8999,1.);
#5114=VECTOR('',#9004,1.);
#5115=VECTOR('',#9009,1.);
#5116=VECTOR('',#9010,1.);
#5117=VECTOR('',#9011,1.);
#5118=VECTOR('',#9014,1.);
#5119=VECTOR('',#9015,1.);
#5120=VECTOR('',#9016,1.);
#5121=VECTOR('',#9017,1.);
#5122=VECTOR('',#9022,1.);
#5123=VECTOR('',#9027,1.);
#5124=VECTOR('',#9028,1.);
#5125=VECTOR('',#9029,1.);
#5126=VECTOR('',#9032,1.);
#5127=VECTOR('',#9033,1.);
#5128=VECTOR('',#9034,1.);
#5129=VECTOR('',#9035,1.);
#5130=VECTOR('',#9040,1.);
#5131=VECTOR('',#9045,1.);
#5132=VECTOR('',#9046,1.);
#5133=VECTOR('',#9047,1.);
#5134=VECTOR('',#9050,1.);
#5135=VECTOR('',#9051,1.);
#5136=VECTOR('',#9052,1.);
#5137=VECTOR('',#9053,1.);
#5138=VECTOR('',#9058,1.);
#5139=VECTOR('',#9063,1.);
#5140=VECTOR('',#9064,1.);
#5141=VECTOR('',#9065,1.);
#5142=VECTOR('',#9068,1.);
#5143=VECTOR('',#9069,1.);
#5144=VECTOR('',#9070,1.);
#5145=VECTOR('',#9071,1.);
#5146=VECTOR('',#9076,1.);
#5147=VECTOR('',#9081,1.);
#5148=VECTOR('',#9082,1.);
#5149=VECTOR('',#9083,1.);
#5150=VECTOR('',#9086,1.);
#5151=VECTOR('',#9087,1.);
#5152=VECTOR('',#9088,1.);
#5153=VECTOR('',#9089,1.);
#5154=VECTOR('',#9094,1.);
#5155=VECTOR('',#9099,1.);
#5156=VECTOR('',#9100,1.);
#5157=VECTOR('',#9101,1.);
#5158=VECTOR('',#9104,1.);
#5159=VECTOR('',#9105,1.);
#5160=VECTOR('',#9106,1.);
#5161=VECTOR('',#9107,1.);
#5162=VECTOR('',#9112,1.);
#5163=VECTOR('',#9117,1.);
#5164=VECTOR('',#9118,1.);
#5165=VECTOR('',#9119,1.);
#5166=VECTOR('',#9212,1.);
#5167=VECTOR('',#9213,1.);
#5168=VECTOR('',#9216,1.);
#5169=VECTOR('',#9217,1.);
#5170=VECTOR('',#9242,1.);
#5171=VECTOR('',#9245,1.);
#5172=VECTOR('',#9248,1.);
#5173=VECTOR('',#9249,1.);
#5174=VECTOR('',#9250,1.);
#5175=VECTOR('',#9251,1.);
#5176=VECTOR('',#9252,1.);
#5177=VECTOR('',#9253,1.);
#5178=VECTOR('',#9254,1.);
#5179=VECTOR('',#9257,1.);
#5180=VECTOR('',#9258,1.);
#5181=VECTOR('',#9259,1.);
#5182=VECTOR('',#9260,1.);
#5183=VECTOR('',#9261,1.);
#5184=VECTOR('',#9262,1.);
#5185=VECTOR('',#9263,1.);
#5186=VECTOR('',#9278,1.);
#5187=VECTOR('',#9279,1.);
#5188=VECTOR('',#9280,1.);
#5189=VECTOR('',#9281,1.);
#5190=VECTOR('',#9284,1.);
#5191=VECTOR('',#9285,1.);
#5192=VECTOR('',#9286,1.);
#5193=VECTOR('',#9287,1.);
#5194=VECTOR('',#9290,1.);
#5195=VECTOR('',#9291,1.);
#5196=VECTOR('',#9292,1.);
#5197=VECTOR('',#9295,1.);
#5198=VECTOR('',#9296,1.);
#5199=VECTOR('',#9297,1.);
#5200=VECTOR('',#9300,1.);
#5201=VECTOR('',#9301,1.);
#5202=VECTOR('',#9302,1.);
#5203=VECTOR('',#9303,1.);
#5204=VECTOR('',#9306,1.);
#5205=VECTOR('',#9307,1.);
#5206=VECTOR('',#9310,1.);
#5207=VECTOR('',#9311,1.);
#5208=VECTOR('',#9314,1.);
#5209=VECTOR('',#9315,1.);
#5210=VECTOR('',#9318,1.);
#5211=VECTOR('',#9319,1.);
#5212=VECTOR('',#9322,1.);
#5213=VECTOR('',#9323,1.);
#5214=VECTOR('',#9326,1.);
#5215=VECTOR('',#9327,1.);
#5216=VECTOR('',#9328,1.);
#5217=VECTOR('',#9329,1.);
#5218=VECTOR('',#9332,1.);
#5219=VECTOR('',#9333,1.);
#5220=VECTOR('',#9334,1.);
#5221=VECTOR('',#9337,1.);
#5222=VECTOR('',#9338,1.);
#5223=VECTOR('',#9339,1.);
#5224=VECTOR('',#9344,1.);
#5225=VECTOR('',#9349,1.);
#5226=VECTOR('',#9350,1.);
#5227=VECTOR('',#9351,1.);
#5228=VECTOR('',#9354,1.);
#5229=VECTOR('',#9355,1.);
#5230=VECTOR('',#9356,1.);
#5231=VECTOR('',#9359,1.);
#5232=VECTOR('',#9360,1.);
#5233=VECTOR('',#9361,1.);
#5234=VECTOR('',#9364,1.);
#5235=VECTOR('',#9365,1.);
#5236=VECTOR('',#9366,1.);
#5237=VECTOR('',#9367,1.);
#5238=VECTOR('',#9370,1.);
#5239=VECTOR('',#9371,1.);
#5240=VECTOR('',#9372,1.);
#5241=VECTOR('',#9375,1.);
#5242=VECTOR('',#9376,1.);
#5243=VECTOR('',#9377,1.);
#5244=VECTOR('',#9386,1.);
#5245=VECTOR('',#9389,1.);
#5246=VECTOR('',#9412,1.);
#5247=VECTOR('',#9415,1.);
#5248=VECTOR('',#9418,1.);
#5249=VECTOR('',#9419,1.);
#5250=VECTOR('',#9420,1.);
#5251=VECTOR('',#9421,1.);
#5252=VECTOR('',#9424,1.);
#5253=VECTOR('',#9425,1.);
#5254=VECTOR('',#9426,1.);
#5255=VECTOR('',#9429,1.);
#5256=VECTOR('',#9430,1.);
#5257=VECTOR('',#9433,1.);
#5258=VECTOR('',#9434,1.);
#5259=VECTOR('',#9435,1.);
#5260=VECTOR('',#9436,1.);
#5261=VECTOR('',#9441,1.);
#5262=VECTOR('',#9446,1.);
#5263=VECTOR('',#9447,1.);
#5264=VECTOR('',#9448,1.);
#5265=VECTOR('',#9451,1.);
#5266=VECTOR('',#9452,1.);
#5267=VECTOR('',#9453,1.);
#5268=VECTOR('',#9454,1.);
#5269=VECTOR('',#9459,1.);
#5270=VECTOR('',#9464,1.);
#5271=VECTOR('',#9465,1.);
#5272=VECTOR('',#9466,1.);
#5273=VECTOR('',#9469,1.);
#5274=VECTOR('',#9470,1.);
#5275=VECTOR('',#9471,1.);
#5276=VECTOR('',#9472,1.);
#5277=VECTOR('',#9477,1.);
#5278=VECTOR('',#9482,1.);
#5279=VECTOR('',#9483,1.);
#5280=VECTOR('',#9484,1.);
#5281=VECTOR('',#9487,1.);
#5282=VECTOR('',#9488,1.);
#5283=VECTOR('',#9489,1.);
#5284=VECTOR('',#9490,1.);
#5285=VECTOR('',#9495,1.);
#5286=VECTOR('',#9500,1.);
#5287=VECTOR('',#9501,1.);
#5288=VECTOR('',#9502,1.);
#5289=VECTOR('',#9505,1.);
#5290=VECTOR('',#9506,1.);
#5291=VECTOR('',#9507,1.);
#5292=VECTOR('',#9508,1.);
#5293=VECTOR('',#9513,1.);
#5294=VECTOR('',#9518,1.);
#5295=VECTOR('',#9519,1.);
#5296=VECTOR('',#9520,1.);
#5297=VECTOR('',#9553,1.);
#5298=VECTOR('',#9556,1.);
#5299=VECTOR('',#9559,1.);
#5300=VECTOR('',#9560,1.);
#5301=VECTOR('',#9561,1.);
#5302=VECTOR('',#9562,1.);
#5303=VECTOR('',#9565,1.);
#5304=VECTOR('',#9566,1.);
#5305=VECTOR('',#9567,1.);
#5306=VECTOR('',#9570,1.);
#5307=VECTOR('',#9571,1.);
#5308=VECTOR('',#9572,1.);
#5309=VECTOR('',#9575,1.);
#5310=VECTOR('',#9578,1.);
#5311=EDGE_LOOP('',(#527,#528,#529,#530));
#5312=EDGE_LOOP('',(#531,#532,#533,#534));
#5313=EDGE_LOOP('',(#535,#536,#537,#538));
#5314=EDGE_LOOP('',(#539,#540,#541,#542,#543,#544,#545,#546));
#5315=EDGE_LOOP('',(#547,#548,#549,#550));
#5316=EDGE_LOOP('',(#551,#552,#553,#554));
#5317=EDGE_LOOP('',(#555,#556,#557,#558));
#5318=EDGE_LOOP('',(#559,#560,#561,#562));
#5319=EDGE_LOOP('',(#563,#564,#565,#566,#567,#568,#569,#570));
#5320=EDGE_LOOP('',(#571,#572,#573,#574));
#5321=EDGE_LOOP('',(#575,#576,#577,#578));
#5322=EDGE_LOOP('',(#579,#580,#581,#582));
#5323=EDGE_LOOP('',(#583,#584,#585,#586));
#5324=EDGE_LOOP('',(#587,#588,#589,#590));
#5325=EDGE_LOOP('',(#591,#592,#593,#594));
#5326=EDGE_LOOP('',(#595,#596,#597,#598));
#5327=EDGE_LOOP('',(#599,#600,#601,#602));
#5328=EDGE_LOOP('',(#603,#604,#605,#606));
#5329=EDGE_LOOP('',(#607,#608,#609,#610));
#5330=EDGE_LOOP('',(#611,#612,#613,#614));
#5331=EDGE_LOOP('',(#615,#616,#617,#618));
#5332=EDGE_LOOP('',(#619,#620,#621,#622));
#5333=EDGE_LOOP('',(#623,#624,#625,#626));
#5334=EDGE_LOOP('',(#627,#628,#629,#630));
#5335=EDGE_LOOP('',(#631,#632,#633,#634));
#5336=EDGE_LOOP('',(#635,#636,#637,#638));
#5337=EDGE_LOOP('',(#639,#640,#641,#642));
#5338=EDGE_LOOP('',(#643,#644,#645,#646));
#5339=EDGE_LOOP('',(#647,#648,#649,#650));
#5340=EDGE_LOOP('',(#651,#652,#653,#654));
#5341=EDGE_LOOP('',(#655,#656,#657,#658));
#5342=EDGE_LOOP('',(#659,#660,#661,#662));
#5343=EDGE_LOOP('',(#663,#664,#665,#666));
#5344=EDGE_LOOP('',(#667,#668,#669,#670));
#5345=EDGE_LOOP('',(#671,#672,#673,#674));
#5346=EDGE_LOOP('',(#675,#676,#677,#678));
#5347=EDGE_LOOP('',(#679,#680,#681,#682));
#5348=EDGE_LOOP('',(#683,#684,#685,#686));
#5349=EDGE_LOOP('',(#687,#688,#689,#690));
#5350=EDGE_LOOP('',(#691,#692,#693,#694));
#5351=EDGE_LOOP('',(#695,#696,#697,#698));
#5352=EDGE_LOOP('',(#699,#700,#701,#702));
#5353=EDGE_LOOP('',(#703,#704,#705,#706));
#5354=EDGE_LOOP('',(#707,#708,#709,#710));
#5355=EDGE_LOOP('',(#711,#712,#713,#714));
#5356=EDGE_LOOP('',(#715,#716,#717,#718));
#5357=EDGE_LOOP('',(#719,#720,#721,#722));
#5358=EDGE_LOOP('',(#723,#724,#725,#726));
#5359=EDGE_LOOP('',(#727,#728,#729,#730));
#5360=EDGE_LOOP('',(#731,#732,#733,#734));
#5361=EDGE_LOOP('',(#735,#736,#737,#738));
#5362=EDGE_LOOP('',(#739));
#5363=EDGE_LOOP('',(#740));
#5364=EDGE_LOOP('',(#741));
#5365=EDGE_LOOP('',(#742));
#5366=EDGE_LOOP('',(#743));
#5367=EDGE_LOOP('',(#744));
#5368=EDGE_LOOP('',(#745));
#5369=EDGE_LOOP('',(#746));
#5370=EDGE_LOOP('',(#747));
#5371=EDGE_LOOP('',(#748));
#5372=EDGE_LOOP('',(#749));
#5373=EDGE_LOOP('',(#750));
#5374=EDGE_LOOP('',(#751));
#5375=EDGE_LOOP('',(#752));
#5376=EDGE_LOOP('',(#753));
#5377=EDGE_LOOP('',(#754));
#5378=EDGE_LOOP('',(#755));
#5379=EDGE_LOOP('',(#756));
#5380=EDGE_LOOP('',(#757));
#5381=EDGE_LOOP('',(#758));
#5382=EDGE_LOOP('',(#759,#760,#761,#762));
#5383=EDGE_LOOP('',(#763));
#5384=EDGE_LOOP('',(#764));
#5385=EDGE_LOOP('',(#765));
#5386=EDGE_LOOP('',(#766));
#5387=EDGE_LOOP('',(#767));
#5388=EDGE_LOOP('',(#768));
#5389=EDGE_LOOP('',(#769));
#5390=EDGE_LOOP('',(#770));
#5391=EDGE_LOOP('',(#771));
#5392=EDGE_LOOP('',(#772));
#5393=EDGE_LOOP('',(#773));
#5394=EDGE_LOOP('',(#774));
#5395=EDGE_LOOP('',(#775));
#5396=EDGE_LOOP('',(#776));
#5397=EDGE_LOOP('',(#777,#778,#779,#780,#781,#782,#783,#784));
#5398=EDGE_LOOP('',(#785));
#5399=EDGE_LOOP('',(#786));
#5400=EDGE_LOOP('',(#787));
#5401=EDGE_LOOP('',(#788));
#5402=EDGE_LOOP('',(#789));
#5403=EDGE_LOOP('',(#790));
#5404=EDGE_LOOP('',(#791));
#5405=EDGE_LOOP('',(#792));
#5406=EDGE_LOOP('',(#793));
#5407=EDGE_LOOP('',(#794));
#5408=EDGE_LOOP('',(#795));
#5409=EDGE_LOOP('',(#796));
#5410=EDGE_LOOP('',(#797));
#5411=EDGE_LOOP('',(#798));
#5412=EDGE_LOOP('',(#799,#800,#801,#802,#803,#804,#805,#806));
#5413=EDGE_LOOP('',(#807));
#5414=EDGE_LOOP('',(#808));
#5415=EDGE_LOOP('',(#809));
#5416=EDGE_LOOP('',(#810));
#5417=EDGE_LOOP('',(#811));
#5418=EDGE_LOOP('',(#812));
#5419=EDGE_LOOP('',(#813));
#5420=EDGE_LOOP('',(#814));
#5421=EDGE_LOOP('',(#815,#816,#817,#818));
#5422=EDGE_LOOP('',(#819,#820,#821,#822));
#5423=EDGE_LOOP('',(#823,#824,#825,#826));
#5424=EDGE_LOOP('',(#827,#828,#829,#830));
#5425=EDGE_LOOP('',(#831,#832,#833,#834));
#5426=EDGE_LOOP('',(#835,#836,#837,#838,#839,#840,#841,#842));
#5427=EDGE_LOOP('',(#843,#844,#845,#846));
#5428=EDGE_LOOP('',(#847,#848,#849,#850));
#5429=EDGE_LOOP('',(#851,#852,#853,#854,#855,#856,#857,#858));
#5430=EDGE_LOOP('',(#859,#860,#861,#862));
#5431=EDGE_LOOP('',(#863,#864,#865,#866));
#5432=EDGE_LOOP('',(#867,#868,#869,#870));
#5433=EDGE_LOOP('',(#871,#872,#873,#874));
#5434=EDGE_LOOP('',(#875,#876,#877,#878));
#5435=EDGE_LOOP('',(#879,#880,#881,#882));
#5436=EDGE_LOOP('',(#883,#884,#885,#886,#887,#888,#889,#890));
#5437=EDGE_LOOP('',(#891,#892,#893,#894,#895,#896,#897,#898));
#5438=EDGE_LOOP('',(#899,#900,#901,#902));
#5439=EDGE_LOOP('',(#903,#904,#905,#906));
#5440=EDGE_LOOP('',(#907,#908,#909,#910,#911,#912,#913,#914));
#5441=EDGE_LOOP('',(#915,#916,#917,#918,#919,#920,#921,#922));
#5442=EDGE_LOOP('',(#923,#924,#925,#926));
#5443=EDGE_LOOP('',(#927,#928,#929,#930));
#5444=EDGE_LOOP('',(#931,#932,#933,#934));
#5445=EDGE_LOOP('',(#935,#936,#937,#938));
#5446=EDGE_LOOP('',(#939,#940,#941,#942));
#5447=EDGE_LOOP('',(#943,#944,#945,#946));
#5448=EDGE_LOOP('',(#947,#948,#949,#950));
#5449=EDGE_LOOP('',(#951,#952,#953,#954));
#5450=EDGE_LOOP('',(#955,#956,#957,#958));
#5451=EDGE_LOOP('',(#959,#960,#961,#962));
#5452=EDGE_LOOP('',(#963,#964,#965,#966));
#5453=EDGE_LOOP('',(#967,#968,#969,#970));
#5454=EDGE_LOOP('',(#971,#972,#973,#974));
#5455=EDGE_LOOP('',(#975,#976,#977,#978));
#5456=EDGE_LOOP('',(#979,#980,#981,#982));
#5457=EDGE_LOOP('',(#983,#984,#985,#986));
#5458=EDGE_LOOP('',(#987,#988,#989,#990));
#5459=EDGE_LOOP('',(#991,#992,#993,#994,#995,#996,#997,#998));
#5460=EDGE_LOOP('',(#999,#1000,#1001,#1002));
#5461=EDGE_LOOP('',(#1003,#1004,#1005,#1006,#1007,#1008,#1009,#1010));
#5462=EDGE_LOOP('',(#1011,#1012,#1013,#1014));
#5463=EDGE_LOOP('',(#1015,#1016,#1017,#1018));
#5464=EDGE_LOOP('',(#1019,#1020,#1021,#1022));
#5465=EDGE_LOOP('',(#1023,#1024,#1025,#1026));
#5466=EDGE_LOOP('',(#1027,#1028,#1029,#1030));
#5467=EDGE_LOOP('',(#1031,#1032,#1033,#1034));
#5468=EDGE_LOOP('',(#1035,#1036,#1037,#1038));
#5469=EDGE_LOOP('',(#1039,#1040,#1041,#1042));
#5470=EDGE_LOOP('',(#1043,#1044,#1045,#1046));
#5471=EDGE_LOOP('',(#1047,#1048,#1049,#1050));
#5472=EDGE_LOOP('',(#1051,#1052,#1053,#1054));
#5473=EDGE_LOOP('',(#1055,#1056,#1057,#1058));
#5474=EDGE_LOOP('',(#1059,#1060,#1061,#1062));
#5475=EDGE_LOOP('',(#1063,#1064,#1065,#1066));
#5476=EDGE_LOOP('',(#1067,#1068,#1069,#1070));
#5477=EDGE_LOOP('',(#1071));
#5478=EDGE_LOOP('',(#1072));
#5479=EDGE_LOOP('',(#1073));
#5480=EDGE_LOOP('',(#1074));
#5481=EDGE_LOOP('',(#1075));
#5482=EDGE_LOOP('',(#1076));
#5483=EDGE_LOOP('',(#1077));
#5484=EDGE_LOOP('',(#1078));
#5485=EDGE_LOOP('',(#1079));
#5486=EDGE_LOOP('',(#1080));
#5487=EDGE_LOOP('',(#1081));
#5488=EDGE_LOOP('',(#1082));
#5489=EDGE_LOOP('',(#1083));
#5490=EDGE_LOOP('',(#1084));
#5491=EDGE_LOOP('',(#1085,#1086,#1087,#1088));
#5492=EDGE_LOOP('',(#1089));
#5493=EDGE_LOOP('',(#1090));
#5494=EDGE_LOOP('',(#1091));
#5495=EDGE_LOOP('',(#1092));
#5496=EDGE_LOOP('',(#1093));
#5497=EDGE_LOOP('',(#1094));
#5498=EDGE_LOOP('',(#1095,#1096,#1097,#1098));
#5499=EDGE_LOOP('',(#1099));
#5500=EDGE_LOOP('',(#1100));
#5501=EDGE_LOOP('',(#1101));
#5502=EDGE_LOOP('',(#1102));
#5503=EDGE_LOOP('',(#1103,#1104,#1105,#1106));
#5504=EDGE_LOOP('',(#1107,#1108,#1109,#1110));
#5505=EDGE_LOOP('',(#1111));
#5506=EDGE_LOOP('',(#1112));
#5507=EDGE_LOOP('',(#1113));
#5508=EDGE_LOOP('',(#1114));
#5509=EDGE_LOOP('',(#1115));
#5510=EDGE_LOOP('',(#1116));
#5511=EDGE_LOOP('',(#1117,#1118,#1119,#1120));
#5512=EDGE_LOOP('',(#1121));
#5513=EDGE_LOOP('',(#1122));
#5514=EDGE_LOOP('',(#1123));
#5515=EDGE_LOOP('',(#1124,#1125,#1126,#1127));
#5516=EDGE_LOOP('',(#1128));
#5517=EDGE_LOOP('',(#1129));
#5518=EDGE_LOOP('',(#1130));
#5519=EDGE_LOOP('',(#1131,#1132,#1133,#1134));
#5520=EDGE_LOOP('',(#1135,#1136,#1137,#1138));
#5521=EDGE_LOOP('',(#1139,#1140,#1141,#1142));
#5522=EDGE_LOOP('',(#1143,#1144,#1145,#1146));
#5523=EDGE_LOOP('',(#1147,#1148,#1149,#1150));
#5524=EDGE_LOOP('',(#1151,#1152,#1153,#1154));
#5525=EDGE_LOOP('',(#1155,#1156,#1157,#1158));
#5526=EDGE_LOOP('',(#1159,#1160,#1161,#1162));
#5527=EDGE_LOOP('',(#1163,#1164,#1165,#1166));
#5528=EDGE_LOOP('',(#1167,#1168,#1169,#1170));
#5529=EDGE_LOOP('',(#1171,#1172,#1173,#1174));
#5530=EDGE_LOOP('',(#1175));
#5531=EDGE_LOOP('',(#1176));
#5532=EDGE_LOOP('',(#1177));
#5533=EDGE_LOOP('',(#1178));
#5534=EDGE_LOOP('',(#1179));
#5535=EDGE_LOOP('',(#1180));
#5536=EDGE_LOOP('',(#1181,#1182,#1183,#1184));
#5537=EDGE_LOOP('',(#1185));
#5538=EDGE_LOOP('',(#1186));
#5539=EDGE_LOOP('',(#1187));
#5540=EDGE_LOOP('',(#1188,#1189,#1190,#1191));
#5541=EDGE_LOOP('',(#1192));
#5542=EDGE_LOOP('',(#1193));
#5543=EDGE_LOOP('',(#1194));
#5544=EDGE_LOOP('',(#1195,#1196,#1197,#1198));
#5545=EDGE_LOOP('',(#1199,#1200,#1201,#1202));
#5546=EDGE_LOOP('',(#1203,#1204,#1205,#1206));
#5547=EDGE_LOOP('',(#1207,#1208,#1209,#1210));
#5548=EDGE_LOOP('',(#1211,#1212,#1213,#1214));
#5549=EDGE_LOOP('',(#1215,#1216,#1217,#1218));
#5550=EDGE_LOOP('',(#1219,#1220,#1221,#1222));
#5551=EDGE_LOOP('',(#1223,#1224,#1225,#1226));
#5552=EDGE_LOOP('',(#1227,#1228,#1229,#1230));
#5553=EDGE_LOOP('',(#1231,#1232,#1233,#1234));
#5554=EDGE_LOOP('',(#1235,#1236,#1237,#1238));
#5555=EDGE_LOOP('',(#1239,#1240,#1241,#1242));
#5556=EDGE_LOOP('',(#1243,#1244,#1245,#1246));
#5557=EDGE_LOOP('',(#1247,#1248,#1249,#1250));
#5558=EDGE_LOOP('',(#1251,#1252,#1253,#1254));
#5559=EDGE_LOOP('',(#1255,#1256,#1257,#1258));
#5560=EDGE_LOOP('',(#1259,#1260,#1261,#1262));
#5561=EDGE_LOOP('',(#1263,#1264,#1265,#1266));
#5562=EDGE_LOOP('',(#1267,#1268,#1269,#1270));
#5563=EDGE_LOOP('',(#1271));
#5564=EDGE_LOOP('',(#1272));
#5565=EDGE_LOOP('',(#1273,#1274,#1275,#1276));
#5566=EDGE_LOOP('',(#1277));
#5567=EDGE_LOOP('',(#1278,#1279,#1280,#1281));
#5568=EDGE_LOOP('',(#1282));
#5569=EDGE_LOOP('',(#1283,#1284,#1285,#1286));
#5570=EDGE_LOOP('',(#1287,#1288,#1289,#1290));
#5571=EDGE_LOOP('',(#1291,#1292,#1293,#1294));
#5572=EDGE_LOOP('',(#1295,#1296,#1297,#1298));
#5573=EDGE_LOOP('',(#1299,#1300,#1301,#1302));
#5574=EDGE_LOOP('',(#1303,#1304,#1305,#1306));
#5575=EDGE_LOOP('',(#1307,#1308,#1309,#1310));
#5576=EDGE_LOOP('',(#1311,#1312,#1313,#1314));
#5577=EDGE_LOOP('',(#1315,#1316,#1317,#1318));
#5578=EDGE_LOOP('',(#1319,#1320,#1321,#1322));
#5579=EDGE_LOOP('',(#1323,#1324,#1325,#1326));
#5580=EDGE_LOOP('',(#1327));
#5581=EDGE_LOOP('',(#1328));
#5582=EDGE_LOOP('',(#1329,#1330,#1331,#1332));
#5583=EDGE_LOOP('',(#1333));
#5584=EDGE_LOOP('',(#1334,#1335,#1336,#1337));
#5585=EDGE_LOOP('',(#1338));
#5586=EDGE_LOOP('',(#1339,#1340,#1341,#1342));
#5587=EDGE_LOOP('',(#1343,#1344,#1345,#1346));
#5588=EDGE_LOOP('',(#1347,#1348,#1349,#1350));
#5589=EDGE_LOOP('',(#1351,#1352,#1353,#1354));
#5590=EDGE_LOOP('',(#1355,#1356,#1357,#1358));
#5591=EDGE_LOOP('',(#1359,#1360,#1361,#1362));
#5592=EDGE_LOOP('',(#1363,#1364,#1365,#1366,#1367,#1368,#1369,#1370));
#5593=EDGE_LOOP('',(#1371,#1372,#1373,#1374));
#5594=EDGE_LOOP('',(#1375,#1376,#1377,#1378));
#5595=EDGE_LOOP('',(#1379,#1380,#1381,#1382,#1383,#1384,#1385,#1386));
#5596=EDGE_LOOP('',(#1387,#1388,#1389,#1390));
#5597=EDGE_LOOP('',(#1391,#1392,#1393,#1394));
#5598=EDGE_LOOP('',(#1395,#1396,#1397,#1398));
#5599=EDGE_LOOP('',(#1399,#1400,#1401,#1402));
#5600=EDGE_LOOP('',(#1403,#1404,#1405,#1406));
#5601=EDGE_LOOP('',(#1407,#1408,#1409,#1410));
#5602=EDGE_LOOP('',(#1411,#1412,#1413,#1414));
#5603=EDGE_LOOP('',(#1415,#1416,#1417,#1418));
#5604=EDGE_LOOP('',(#1419,#1420,#1421,#1422));
#5605=EDGE_LOOP('',(#1423,#1424,#1425,#1426));
#5606=EDGE_LOOP('',(#1427,#1428,#1429,#1430));
#5607=EDGE_LOOP('',(#1431,#1432,#1433,#1434));
#5608=EDGE_LOOP('',(#1435,#1436,#1437,#1438));
#5609=EDGE_LOOP('',(#1439,#1440,#1441,#1442));
#5610=EDGE_LOOP('',(#1443,#1444,#1445,#1446));
#5611=EDGE_LOOP('',(#1447,#1448,#1449,#1450));
#5612=EDGE_LOOP('',(#1451,#1452,#1453,#1454));
#5613=EDGE_LOOP('',(#1455,#1456,#1457,#1458));
#5614=EDGE_LOOP('',(#1459,#1460,#1461,#1462));
#5615=EDGE_LOOP('',(#1463,#1464,#1465,#1466));
#5616=EDGE_LOOP('',(#1467,#1468,#1469,#1470));
#5617=EDGE_LOOP('',(#1471,#1472,#1473,#1474));
#5618=EDGE_LOOP('',(#1475,#1476,#1477,#1478));
#5619=EDGE_LOOP('',(#1479,#1480,#1481,#1482));
#5620=EDGE_LOOP('',(#1483,#1484,#1485,#1486));
#5621=EDGE_LOOP('',(#1487,#1488,#1489,#1490));
#5622=EDGE_LOOP('',(#1491,#1492,#1493,#1494));
#5623=EDGE_LOOP('',(#1495,#1496,#1497,#1498));
#5624=EDGE_LOOP('',(#1499,#1500,#1501,#1502));
#5625=EDGE_LOOP('',(#1503,#1504,#1505,#1506));
#5626=EDGE_LOOP('',(#1507,#1508,#1509,#1510));
#5627=EDGE_LOOP('',(#1511,#1512,#1513,#1514));
#5628=EDGE_LOOP('',(#1515,#1516,#1517,#1518));
#5629=EDGE_LOOP('',(#1519,#1520,#1521,#1522,#1523));
#5630=EDGE_LOOP('',(#1524,#1525,#1526,#1527));
#5631=EDGE_LOOP('',(#1528,#1529,#1530,#1531));
#5632=EDGE_LOOP('',(#1532,#1533,#1534,#1535));
#5633=EDGE_LOOP('',(#1536,#1537,#1538,#1539));
#5634=EDGE_LOOP('',(#1540,#1541,#1542,#1543));
#5635=EDGE_LOOP('',(#1544,#1545,#1546,#1547,#1548));
#5636=EDGE_LOOP('',(#1549,#1550,#1551,#1552));
#5637=EDGE_LOOP('',(#1553,#1554,#1555,#1556));
#5638=EDGE_LOOP('',(#1557,#1558,#1559,#1560));
#5639=EDGE_LOOP('',(#1561,#1562,#1563,#1564));
#5640=EDGE_LOOP('',(#1565,#1566,#1567,#1568));
#5641=EDGE_LOOP('',(#1569,#1570,#1571,#1572));
#5642=EDGE_LOOP('',(#1573,#1574,#1575,#1576));
#5643=EDGE_LOOP('',(#1577,#1578,#1579,#1580));
#5644=EDGE_LOOP('',(#1581,#1582,#1583,#1584));
#5645=EDGE_LOOP('',(#1585,#1586,#1587,#1588));
#5646=EDGE_LOOP('',(#1589,#1590,#1591,#1592));
#5647=EDGE_LOOP('',(#1593,#1594,#1595,#1596));
#5648=EDGE_LOOP('',(#1597,#1598,#1599,#1600));
#5649=EDGE_LOOP('',(#1601,#1602,#1603,#1604));
#5650=EDGE_LOOP('',(#1605,#1606,#1607,#1608));
#5651=EDGE_LOOP('',(#1609,#1610,#1611,#1612));
#5652=EDGE_LOOP('',(#1613,#1614,#1615,#1616));
#5653=EDGE_LOOP('',(#1617,#1618,#1619,#1620));
#5654=EDGE_LOOP('',(#1621,#1622,#1623,#1624));
#5655=EDGE_LOOP('',(#1625,#1626,#1627,#1628));
#5656=EDGE_LOOP('',(#1629,#1630,#1631,#1632));
#5657=EDGE_LOOP('',(#1633,#1634,#1635,#1636));
#5658=EDGE_LOOP('',(#1637,#1638,#1639,#1640));
#5659=EDGE_LOOP('',(#1641,#1642,#1643,#1644));
#5660=EDGE_LOOP('',(#1645,#1646,#1647,#1648));
#5661=EDGE_LOOP('',(#1649,#1650,#1651,#1652));
#5662=EDGE_LOOP('',(#1653,#1654,#1655,#1656));
#5663=EDGE_LOOP('',(#1657,#1658,#1659,#1660));
#5664=EDGE_LOOP('',(#1661,#1662,#1663,#1664));
#5665=EDGE_LOOP('',(#1665,#1666,#1667,#1668));
#5666=EDGE_LOOP('',(#1669,#1670,#1671,#1672));
#5667=EDGE_LOOP('',(#1673,#1674,#1675,#1676));
#5668=EDGE_LOOP('',(#1677,#1678,#1679,#1680));
#5669=EDGE_LOOP('',(#1681,#1682,#1683,#1684));
#5670=EDGE_LOOP('',(#1685,#1686,#1687,#1688));
#5671=EDGE_LOOP('',(#1689,#1690,#1691,#1692));
#5672=EDGE_LOOP('',(#1693,#1694,#1695,#1696));
#5673=EDGE_LOOP('',(#1697,#1698,#1699,#1700));
#5674=EDGE_LOOP('',(#1701,#1702,#1703,#1704));
#5675=EDGE_LOOP('',(#1705,#1706,#1707,#1708));
#5676=EDGE_LOOP('',(#1709,#1710,#1711,#1712));
#5677=EDGE_LOOP('',(#1713,#1714,#1715,#1716));
#5678=EDGE_LOOP('',(#1717,#1718,#1719,#1720));
#5679=EDGE_LOOP('',(#1721,#1722,#1723,#1724));
#5680=EDGE_LOOP('',(#1725,#1726,#1727,#1728));
#5681=EDGE_LOOP('',(#1729,#1730,#1731,#1732));
#5682=EDGE_LOOP('',(#1733,#1734,#1735,#1736));
#5683=EDGE_LOOP('',(#1737,#1738,#1739,#1740));
#5684=EDGE_LOOP('',(#1741,#1742,#1743,#1744));
#5685=EDGE_LOOP('',(#1745,#1746,#1747,#1748));
#5686=EDGE_LOOP('',(#1749,#1750,#1751,#1752));
#5687=EDGE_LOOP('',(#1753,#1754,#1755,#1756));
#5688=EDGE_LOOP('',(#1757,#1758,#1759,#1760));
#5689=EDGE_LOOP('',(#1761,#1762,#1763,#1764));
#5690=EDGE_LOOP('',(#1765,#1766,#1767,#1768));
#5691=EDGE_LOOP('',(#1769,#1770,#1771,#1772));
#5692=EDGE_LOOP('',(#1773,#1774,#1775,#1776));
#5693=EDGE_LOOP('',(#1777,#1778,#1779,#1780));
#5694=EDGE_LOOP('',(#1781,#1782,#1783,#1784));
#5695=EDGE_LOOP('',(#1785,#1786,#1787,#1788));
#5696=EDGE_LOOP('',(#1789,#1790,#1791,#1792));
#5697=EDGE_LOOP('',(#1793,#1794,#1795,#1796));
#5698=EDGE_LOOP('',(#1797,#1798,#1799,#1800));
#5699=EDGE_LOOP('',(#1801,#1802,#1803,#1804));
#5700=EDGE_LOOP('',(#1805,#1806,#1807,#1808));
#5701=EDGE_LOOP('',(#1809,#1810,#1811,#1812));
#5702=EDGE_LOOP('',(#1813,#1814,#1815,#1816));
#5703=EDGE_LOOP('',(#1817,#1818,#1819,#1820));
#5704=EDGE_LOOP('',(#1821,#1822,#1823,#1824));
#5705=EDGE_LOOP('',(#1825,#1826,#1827,#1828));
#5706=EDGE_LOOP('',(#1829,#1830,#1831,#1832));
#5707=EDGE_LOOP('',(#1833,#1834,#1835,#1836));
#5708=EDGE_LOOP('',(#1837,#1838,#1839,#1840));
#5709=EDGE_LOOP('',(#1841,#1842,#1843,#1844));
#5710=EDGE_LOOP('',(#1845,#1846,#1847,#1848));
#5711=EDGE_LOOP('',(#1849,#1850,#1851,#1852));
#5712=EDGE_LOOP('',(#1853,#1854,#1855,#1856));
#5713=EDGE_LOOP('',(#1857,#1858,#1859,#1860));
#5714=EDGE_LOOP('',(#1861,#1862,#1863,#1864));
#5715=EDGE_LOOP('',(#1865,#1866,#1867,#1868));
#5716=EDGE_LOOP('',(#1869,#1870,#1871,#1872));
#5717=EDGE_LOOP('',(#1873,#1874,#1875,#1876));
#5718=EDGE_LOOP('',(#1877,#1878,#1879,#1880));
#5719=EDGE_LOOP('',(#1881,#1882,#1883,#1884));
#5720=EDGE_LOOP('',(#1885,#1886,#1887,#1888));
#5721=EDGE_LOOP('',(#1889,#1890,#1891,#1892));
#5722=EDGE_LOOP('',(#1893,#1894,#1895,#1896));
#5723=EDGE_LOOP('',(#1897,#1898,#1899,#1900));
#5724=EDGE_LOOP('',(#1901));
#5725=EDGE_LOOP('',(#1902));
#5726=EDGE_LOOP('',(#1903));
#5727=EDGE_LOOP('',(#1904));
#5728=EDGE_LOOP('',(#1905,#1906,#1907,#1908));
#5729=EDGE_LOOP('',(#1909,#1910,#1911,#1912));
#5730=EDGE_LOOP('',(#1913,#1914,#1915,#1916));
#5731=EDGE_LOOP('',(#1917,#1918,#1919,#1920));
#5732=EDGE_LOOP('',(#1921,#1922,#1923,#1924));
#5733=EDGE_LOOP('',(#1925,#1926,#1927,#1928));
#5734=EDGE_LOOP('',(#1929,#1930,#1931,#1932));
#5735=EDGE_LOOP('',(#1933,#1934,#1935,#1936));
#5736=EDGE_LOOP('',(#1937,#1938,#1939,#1940));
#5737=EDGE_LOOP('',(#1941,#1942,#1943,#1944));
#5738=EDGE_LOOP('',(#1945,#1946,#1947,#1948));
#5739=EDGE_LOOP('',(#1949,#1950,#1951,#1952));
#5740=EDGE_LOOP('',(#1953,#1954,#1955,#1956));
#5741=EDGE_LOOP('',(#1957,#1958,#1959,#1960));
#5742=EDGE_LOOP('',(#1961,#1962,#1963,#1964));
#5743=EDGE_LOOP('',(#1965,#1966,#1967,#1968));
#5744=EDGE_LOOP('',(#1969,#1970,#1971,#1972));
#5745=EDGE_LOOP('',(#1973,#1974,#1975,#1976));
#5746=EDGE_LOOP('',(#1977,#1978,#1979,#1980));
#5747=EDGE_LOOP('',(#1981));
#5748=EDGE_LOOP('',(#1982,#1983,#1984,#1985));
#5749=EDGE_LOOP('',(#1986,#1987,#1988,#1989));
#5750=EDGE_LOOP('',(#1990,#1991,#1992,#1993));
#5751=EDGE_LOOP('',(#1994,#1995,#1996,#1997));
#5752=EDGE_LOOP('',(#1998,#1999,#2000,#2001));
#5753=EDGE_LOOP('',(#2002,#2003,#2004,#2005));
#5754=EDGE_LOOP('',(#2006,#2007,#2008,#2009));
#5755=EDGE_LOOP('',(#2010,#2011,#2012,#2013));
#5756=EDGE_LOOP('',(#2014,#2015,#2016,#2017));
#5757=EDGE_LOOP('',(#2018,#2019,#2020,#2021));
#5758=EDGE_LOOP('',(#2022,#2023,#2024,#2025));
#5759=EDGE_LOOP('',(#2026,#2027,#2028,#2029));
#5760=EDGE_LOOP('',(#2030,#2031,#2032,#2033));
#5761=EDGE_LOOP('',(#2034,#2035,#2036,#2037));
#5762=EDGE_LOOP('',(#2038,#2039,#2040,#2041));
#5763=EDGE_LOOP('',(#2042,#2043,#2044,#2045));
#5764=EDGE_LOOP('',(#2046,#2047,#2048,#2049));
#5765=EDGE_LOOP('',(#2050,#2051,#2052,#2053));
#5766=EDGE_LOOP('',(#2054,#2055,#2056,#2057));
#5767=EDGE_LOOP('',(#2058));
#5768=EDGE_LOOP('',(#2059,#2060,#2061,#2062,#2063,#2064,#2065,#2066));
#5769=EDGE_LOOP('',(#2067,#2068,#2069,#2070,#2071,#2072,#2073,#2074));
#5770=EDGE_LOOP('',(#2075,#2076,#2077,#2078));
#5771=EDGE_LOOP('',(#2079,#2080,#2081,#2082));
#5772=EDGE_LOOP('',(#2083,#2084,#2085,#2086));
#5773=EDGE_LOOP('',(#2087,#2088,#2089,#2090));
#5774=EDGE_LOOP('',(#2091,#2092,#2093,#2094));
#5775=EDGE_LOOP('',(#2095,#2096,#2097,#2098));
#5776=EDGE_LOOP('',(#2099,#2100,#2101,#2102));
#5777=EDGE_LOOP('',(#2103,#2104,#2105,#2106));
#5778=EDGE_LOOP('',(#2107,#2108,#2109,#2110));
#5779=EDGE_LOOP('',(#2111,#2112,#2113,#2114));
#5780=EDGE_LOOP('',(#2115,#2116,#2117,#2118));
#5781=EDGE_LOOP('',(#2119,#2120,#2121,#2122));
#5782=EDGE_LOOP('',(#2123,#2124,#2125,#2126));
#5783=EDGE_LOOP('',(#2127,#2128,#2129,#2130));
#5784=EDGE_LOOP('',(#2131,#2132,#2133,#2134));
#5785=EDGE_LOOP('',(#2135,#2136,#2137,#2138));
#5786=EDGE_LOOP('',(#2139,#2140,#2141,#2142,#2143,#2144));
#5787=EDGE_LOOP('',(#2145,#2146,#2147,#2148));
#5788=EDGE_LOOP('',(#2149,#2150,#2151,#2152,#2153,#2154));
#5789=EDGE_LOOP('',(#2155,#2156,#2157,#2158));
#5790=EDGE_LOOP('',(#2159,#2160,#2161,#2162));
#5791=EDGE_LOOP('',(#2163,#2164,#2165,#2166));
#5792=EDGE_LOOP('',(#2167,#2168,#2169,#2170));
#5793=EDGE_LOOP('',(#2171,#2172,#2173,#2174));
#5794=EDGE_LOOP('',(#2175,#2176,#2177,#2178));
#5795=EDGE_LOOP('',(#2179,#2180,#2181,#2182));
#5796=EDGE_LOOP('',(#2183,#2184,#2185,#2186));
#5797=EDGE_LOOP('',(#2187,#2188,#2189,#2190));
#5798=EDGE_LOOP('',(#2191,#2192,#2193,#2194));
#5799=EDGE_LOOP('',(#2195,#2196,#2197,#2198));
#5800=EDGE_LOOP('',(#2199,#2200,#2201,#2202));
#5801=EDGE_LOOP('',(#2203,#2204,#2205,#2206,#2207,#2208,#2209,#2210,#2211,
#2212,#2213,#2214));
#5802=EDGE_LOOP('',(#2215,#2216,#2217,#2218,#2219,#2220,#2221,#2222,#2223,
#2224,#2225,#2226));
#5803=EDGE_LOOP('',(#2227,#2228,#2229,#2230));
#5804=EDGE_LOOP('',(#2231,#2232,#2233,#2234));
#5805=EDGE_LOOP('',(#2235,#2236,#2237,#2238));
#5806=EDGE_LOOP('',(#2239,#2240,#2241,#2242));
#5807=EDGE_LOOP('',(#2243,#2244,#2245,#2246));
#5808=EDGE_LOOP('',(#2247,#2248,#2249,#2250));
#5809=EDGE_LOOP('',(#2251,#2252,#2253,#2254));
#5810=EDGE_LOOP('',(#2255,#2256,#2257,#2258));
#5811=EDGE_LOOP('',(#2259,#2260,#2261,#2262));
#5812=EDGE_LOOP('',(#2263,#2264,#2265,#2266));
#5813=EDGE_LOOP('',(#2267,#2268,#2269,#2270));
#5814=EDGE_LOOP('',(#2271,#2272,#2273,#2274));
#5815=EDGE_LOOP('',(#2275,#2276,#2277,#2278));
#5816=EDGE_LOOP('',(#2279,#2280,#2281,#2282));
#5817=EDGE_LOOP('',(#2283,#2284,#2285,#2286));
#5818=EDGE_LOOP('',(#2287,#2288,#2289,#2290));
#5819=EDGE_LOOP('',(#2291,#2292,#2293,#2294));
#5820=EDGE_LOOP('',(#2295,#2296,#2297,#2298));
#5821=EDGE_LOOP('',(#2299,#2300,#2301,#2302));
#5822=EDGE_LOOP('',(#2303,#2304,#2305,#2306));
#5823=EDGE_LOOP('',(#2307,#2308,#2309,#2310));
#5824=EDGE_LOOP('',(#2311,#2312,#2313,#2314));
#5825=EDGE_LOOP('',(#2315,#2316,#2317,#2318));
#5826=EDGE_LOOP('',(#2319,#2320,#2321,#2322));
#5827=EDGE_LOOP('',(#2323,#2324,#2325,#2326));
#5828=EDGE_LOOP('',(#2327,#2328,#2329,#2330));
#5829=EDGE_LOOP('',(#2331,#2332,#2333,#2334));
#5830=EDGE_LOOP('',(#2335,#2336,#2337,#2338));
#5831=EDGE_LOOP('',(#2339,#2340,#2341,#2342));
#5832=EDGE_LOOP('',(#2343,#2344,#2345,#2346));
#5833=EDGE_LOOP('',(#2347,#2348,#2349,#2350));
#5834=EDGE_LOOP('',(#2351,#2352,#2353,#2354));
#5835=EDGE_LOOP('',(#2355,#2356,#2357,#2358));
#5836=EDGE_LOOP('',(#2359,#2360,#2361,#2362));
#5837=EDGE_LOOP('',(#2363,#2364,#2365,#2366));
#5838=EDGE_LOOP('',(#2367,#2368,#2369,#2370));
#5839=EDGE_LOOP('',(#2371,#2372,#2373,#2374));
#5840=EDGE_LOOP('',(#2375,#2376,#2377,#2378));
#5841=EDGE_LOOP('',(#2379,#2380,#2381,#2382));
#5842=EDGE_LOOP('',(#2383,#2384,#2385,#2386));
#5843=EDGE_LOOP('',(#2387,#2388,#2389,#2390,#2391));
#5844=EDGE_LOOP('',(#2392,#2393,#2394,#2395));
#5845=EDGE_LOOP('',(#2396,#2397,#2398,#2399));
#5846=EDGE_LOOP('',(#2400,#2401,#2402,#2403));
#5847=EDGE_LOOP('',(#2404,#2405,#2406,#2407));
#5848=EDGE_LOOP('',(#2408,#2409,#2410,#2411));
#5849=EDGE_LOOP('',(#2412,#2413,#2414,#2415,#2416));
#5850=EDGE_LOOP('',(#2417,#2418,#2419,#2420));
#5851=EDGE_LOOP('',(#2421,#2422,#2423,#2424));
#5852=EDGE_LOOP('',(#2425,#2426,#2427,#2428));
#5853=EDGE_LOOP('',(#2429,#2430,#2431,#2432));
#5854=EDGE_LOOP('',(#2433,#2434,#2435,#2436));
#5855=EDGE_LOOP('',(#2437,#2438,#2439,#2440));
#5856=EDGE_LOOP('',(#2441,#2442,#2443,#2444));
#5857=EDGE_LOOP('',(#2445,#2446,#2447,#2448));
#5858=EDGE_LOOP('',(#2449,#2450,#2451,#2452));
#5859=EDGE_LOOP('',(#2453));
#5860=EDGE_LOOP('',(#2454));
#5861=EDGE_LOOP('',(#2455));
#5862=EDGE_LOOP('',(#2456));
#5863=EDGE_LOOP('',(#2457));
#5864=EDGE_LOOP('',(#2458));
#5865=FACE_BOUND('',#5311,.T.);
#5866=FACE_BOUND('',#5312,.T.);
#5867=FACE_BOUND('',#5313,.T.);
#5868=FACE_BOUND('',#5314,.T.);
#5869=FACE_BOUND('',#5315,.T.);
#5870=FACE_BOUND('',#5316,.T.);
#5871=FACE_BOUND('',#5317,.T.);
#5872=FACE_BOUND('',#5318,.T.);
#5873=FACE_BOUND('',#5319,.T.);
#5874=FACE_BOUND('',#5320,.T.);
#5875=FACE_BOUND('',#5321,.T.);
#5876=FACE_BOUND('',#5322,.T.);
#5877=FACE_BOUND('',#5323,.T.);
#5878=FACE_BOUND('',#5324,.T.);
#5879=FACE_BOUND('',#5325,.T.);
#5880=FACE_BOUND('',#5326,.T.);
#5881=FACE_BOUND('',#5327,.T.);
#5882=FACE_BOUND('',#5328,.T.);
#5883=FACE_BOUND('',#5329,.T.);
#5884=FACE_BOUND('',#5330,.T.);
#5885=FACE_BOUND('',#5331,.T.);
#5886=FACE_BOUND('',#5332,.T.);
#5887=FACE_BOUND('',#5333,.T.);
#5888=FACE_BOUND('',#5334,.T.);
#5889=FACE_BOUND('',#5335,.T.);
#5890=FACE_BOUND('',#5336,.T.);
#5891=FACE_BOUND('',#5337,.T.);
#5892=FACE_BOUND('',#5338,.T.);
#5893=FACE_BOUND('',#5339,.T.);
#5894=FACE_BOUND('',#5340,.T.);
#5895=FACE_BOUND('',#5341,.T.);
#5896=FACE_BOUND('',#5342,.T.);
#5897=FACE_BOUND('',#5343,.T.);
#5898=FACE_BOUND('',#5344,.T.);
#5899=FACE_BOUND('',#5345,.T.);
#5900=FACE_BOUND('',#5346,.T.);
#5901=FACE_BOUND('',#5347,.T.);
#5902=FACE_BOUND('',#5348,.T.);
#5903=FACE_BOUND('',#5349,.T.);
#5904=FACE_BOUND('',#5350,.T.);
#5905=FACE_BOUND('',#5351,.T.);
#5906=FACE_BOUND('',#5352,.T.);
#5907=FACE_BOUND('',#5353,.T.);
#5908=FACE_BOUND('',#5354,.T.);
#5909=FACE_BOUND('',#5355,.T.);
#5910=FACE_BOUND('',#5356,.T.);
#5911=FACE_BOUND('',#5357,.T.);
#5912=FACE_BOUND('',#5358,.T.);
#5913=FACE_BOUND('',#5359,.T.);
#5914=FACE_BOUND('',#5360,.T.);
#5915=FACE_BOUND('',#5361,.T.);
#5916=FACE_BOUND('',#5362,.T.);
#5917=FACE_BOUND('',#5363,.T.);
#5918=FACE_BOUND('',#5364,.T.);
#5919=FACE_BOUND('',#5365,.T.);
#5920=FACE_BOUND('',#5366,.T.);
#5921=FACE_BOUND('',#5367,.T.);
#5922=FACE_BOUND('',#5368,.T.);
#5923=FACE_BOUND('',#5369,.T.);
#5924=FACE_BOUND('',#5370,.T.);
#5925=FACE_BOUND('',#5371,.T.);
#5926=FACE_BOUND('',#5372,.T.);
#5927=FACE_BOUND('',#5373,.T.);
#5928=FACE_BOUND('',#5374,.T.);
#5929=FACE_BOUND('',#5375,.T.);
#5930=FACE_BOUND('',#5376,.T.);
#5931=FACE_BOUND('',#5377,.T.);
#5932=FACE_BOUND('',#5378,.T.);
#5933=FACE_BOUND('',#5379,.T.);
#5934=FACE_BOUND('',#5380,.T.);
#5935=FACE_BOUND('',#5381,.T.);
#5936=FACE_BOUND('',#5382,.T.);
#5937=FACE_BOUND('',#5383,.T.);
#5938=FACE_BOUND('',#5384,.T.);
#5939=FACE_BOUND('',#5385,.T.);
#5940=FACE_BOUND('',#5386,.T.);
#5941=FACE_BOUND('',#5387,.T.);
#5942=FACE_BOUND('',#5388,.T.);
#5943=FACE_BOUND('',#5389,.T.);
#5944=FACE_BOUND('',#5390,.T.);
#5945=FACE_BOUND('',#5391,.T.);
#5946=FACE_BOUND('',#5392,.T.);
#5947=FACE_BOUND('',#5393,.T.);
#5948=FACE_BOUND('',#5394,.T.);
#5949=FACE_BOUND('',#5395,.T.);
#5950=FACE_BOUND('',#5396,.T.);
#5951=FACE_BOUND('',#5397,.T.);
#5952=FACE_BOUND('',#5398,.T.);
#5953=FACE_BOUND('',#5399,.T.);
#5954=FACE_BOUND('',#5400,.T.);
#5955=FACE_BOUND('',#5401,.T.);
#5956=FACE_BOUND('',#5402,.T.);
#5957=FACE_BOUND('',#5403,.T.);
#5958=FACE_BOUND('',#5404,.T.);
#5959=FACE_BOUND('',#5405,.T.);
#5960=FACE_BOUND('',#5406,.T.);
#5961=FACE_BOUND('',#5407,.T.);
#5962=FACE_BOUND('',#5408,.T.);
#5963=FACE_BOUND('',#5409,.T.);
#5964=FACE_BOUND('',#5410,.T.);
#5965=FACE_BOUND('',#5411,.T.);
#5966=FACE_BOUND('',#5412,.T.);
#5967=FACE_BOUND('',#5413,.T.);
#5968=FACE_BOUND('',#5414,.T.);
#5969=FACE_BOUND('',#5415,.T.);
#5970=FACE_BOUND('',#5416,.T.);
#5971=FACE_BOUND('',#5417,.T.);
#5972=FACE_BOUND('',#5418,.T.);
#5973=FACE_BOUND('',#5419,.T.);
#5974=FACE_BOUND('',#5420,.T.);
#5975=FACE_BOUND('',#5421,.T.);
#5976=FACE_BOUND('',#5422,.T.);
#5977=FACE_BOUND('',#5423,.T.);
#5978=FACE_BOUND('',#5424,.T.);
#5979=FACE_BOUND('',#5425,.T.);
#5980=FACE_BOUND('',#5426,.T.);
#5981=FACE_BOUND('',#5427,.T.);
#5982=FACE_BOUND('',#5428,.T.);
#5983=FACE_BOUND('',#5429,.T.);
#5984=FACE_BOUND('',#5430,.T.);
#5985=FACE_BOUND('',#5431,.T.);
#5986=FACE_BOUND('',#5432,.T.);
#5987=FACE_BOUND('',#5433,.T.);
#5988=FACE_BOUND('',#5434,.T.);
#5989=FACE_BOUND('',#5435,.T.);
#5990=FACE_BOUND('',#5436,.T.);
#5991=FACE_BOUND('',#5437,.T.);
#5992=FACE_BOUND('',#5438,.T.);
#5993=FACE_BOUND('',#5439,.T.);
#5994=FACE_BOUND('',#5440,.T.);
#5995=FACE_BOUND('',#5441,.T.);
#5996=FACE_BOUND('',#5442,.T.);
#5997=FACE_BOUND('',#5443,.T.);
#5998=FACE_BOUND('',#5444,.T.);
#5999=FACE_BOUND('',#5445,.T.);
#6000=FACE_BOUND('',#5446,.T.);
#6001=FACE_BOUND('',#5447,.T.);
#6002=FACE_BOUND('',#5448,.T.);
#6003=FACE_BOUND('',#5449,.T.);
#6004=FACE_BOUND('',#5450,.T.);
#6005=FACE_BOUND('',#5451,.T.);
#6006=FACE_BOUND('',#5452,.T.);
#6007=FACE_BOUND('',#5453,.T.);
#6008=FACE_BOUND('',#5454,.T.);
#6009=FACE_BOUND('',#5455,.T.);
#6010=FACE_BOUND('',#5456,.T.);
#6011=FACE_BOUND('',#5457,.T.);
#6012=FACE_BOUND('',#5458,.T.);
#6013=FACE_BOUND('',#5459,.T.);
#6014=FACE_BOUND('',#5460,.T.);
#6015=FACE_BOUND('',#5461,.T.);
#6016=FACE_BOUND('',#5462,.T.);
#6017=FACE_BOUND('',#5463,.T.);
#6018=FACE_BOUND('',#5464,.T.);
#6019=FACE_BOUND('',#5465,.T.);
#6020=FACE_BOUND('',#5466,.T.);
#6021=FACE_BOUND('',#5467,.T.);
#6022=FACE_BOUND('',#5468,.T.);
#6023=FACE_BOUND('',#5469,.T.);
#6024=FACE_BOUND('',#5470,.T.);
#6025=FACE_BOUND('',#5471,.T.);
#6026=FACE_BOUND('',#5472,.T.);
#6027=FACE_BOUND('',#5473,.T.);
#6028=FACE_BOUND('',#5474,.T.);
#6029=FACE_BOUND('',#5475,.T.);
#6030=FACE_BOUND('',#5476,.T.);
#6031=FACE_BOUND('',#5477,.T.);
#6032=FACE_BOUND('',#5478,.T.);
#6033=FACE_BOUND('',#5479,.T.);
#6034=FACE_BOUND('',#5480,.T.);
#6035=FACE_BOUND('',#5481,.T.);
#6036=FACE_BOUND('',#5482,.T.);
#6037=FACE_BOUND('',#5483,.T.);
#6038=FACE_BOUND('',#5484,.T.);
#6039=FACE_BOUND('',#5485,.T.);
#6040=FACE_BOUND('',#5486,.T.);
#6041=FACE_BOUND('',#5487,.T.);
#6042=FACE_BOUND('',#5488,.T.);
#6043=FACE_BOUND('',#5489,.T.);
#6044=FACE_BOUND('',#5490,.T.);
#6045=FACE_BOUND('',#5491,.T.);
#6046=FACE_BOUND('',#5492,.T.);
#6047=FACE_BOUND('',#5493,.T.);
#6048=FACE_BOUND('',#5494,.T.);
#6049=FACE_BOUND('',#5495,.T.);
#6050=FACE_BOUND('',#5496,.T.);
#6051=FACE_BOUND('',#5497,.T.);
#6052=FACE_BOUND('',#5498,.T.);
#6053=FACE_BOUND('',#5499,.T.);
#6054=FACE_BOUND('',#5500,.T.);
#6055=FACE_BOUND('',#5501,.T.);
#6056=FACE_BOUND('',#5502,.T.);
#6057=FACE_BOUND('',#5503,.T.);
#6058=FACE_BOUND('',#5504,.T.);
#6059=FACE_BOUND('',#5505,.T.);
#6060=FACE_BOUND('',#5506,.T.);
#6061=FACE_BOUND('',#5507,.T.);
#6062=FACE_BOUND('',#5508,.T.);
#6063=FACE_BOUND('',#5509,.T.);
#6064=FACE_BOUND('',#5510,.T.);
#6065=FACE_BOUND('',#5511,.T.);
#6066=FACE_BOUND('',#5512,.T.);
#6067=FACE_BOUND('',#5513,.T.);
#6068=FACE_BOUND('',#5514,.T.);
#6069=FACE_BOUND('',#5515,.T.);
#6070=FACE_BOUND('',#5516,.T.);
#6071=FACE_BOUND('',#5517,.T.);
#6072=FACE_BOUND('',#5518,.T.);
#6073=FACE_BOUND('',#5519,.T.);
#6074=FACE_BOUND('',#5520,.T.);
#6075=FACE_BOUND('',#5521,.T.);
#6076=FACE_BOUND('',#5522,.T.);
#6077=FACE_BOUND('',#5523,.T.);
#6078=FACE_BOUND('',#5524,.T.);
#6079=FACE_BOUND('',#5525,.T.);
#6080=FACE_BOUND('',#5526,.T.);
#6081=FACE_BOUND('',#5527,.T.);
#6082=FACE_BOUND('',#5528,.T.);
#6083=FACE_BOUND('',#5529,.T.);
#6084=FACE_BOUND('',#5530,.T.);
#6085=FACE_BOUND('',#5531,.T.);
#6086=FACE_BOUND('',#5532,.T.);
#6087=FACE_BOUND('',#5533,.T.);
#6088=FACE_BOUND('',#5534,.T.);
#6089=FACE_BOUND('',#5535,.T.);
#6090=FACE_BOUND('',#5536,.T.);
#6091=FACE_BOUND('',#5537,.T.);
#6092=FACE_BOUND('',#5538,.T.);
#6093=FACE_BOUND('',#5539,.T.);
#6094=FACE_BOUND('',#5540,.T.);
#6095=FACE_BOUND('',#5541,.T.);
#6096=FACE_BOUND('',#5542,.T.);
#6097=FACE_BOUND('',#5543,.T.);
#6098=FACE_BOUND('',#5544,.T.);
#6099=FACE_BOUND('',#5545,.T.);
#6100=FACE_BOUND('',#5546,.T.);
#6101=FACE_BOUND('',#5547,.T.);
#6102=FACE_BOUND('',#5548,.T.);
#6103=FACE_BOUND('',#5549,.T.);
#6104=FACE_BOUND('',#5550,.T.);
#6105=FACE_BOUND('',#5551,.T.);
#6106=FACE_BOUND('',#5552,.T.);
#6107=FACE_BOUND('',#5553,.T.);
#6108=FACE_BOUND('',#5554,.T.);
#6109=FACE_BOUND('',#5555,.T.);
#6110=FACE_BOUND('',#5556,.T.);
#6111=FACE_BOUND('',#5557,.T.);
#6112=FACE_BOUND('',#5558,.T.);
#6113=FACE_BOUND('',#5559,.T.);
#6114=FACE_BOUND('',#5560,.T.);
#6115=FACE_BOUND('',#5561,.T.);
#6116=FACE_BOUND('',#5562,.T.);
#6117=FACE_BOUND('',#5563,.T.);
#6118=FACE_BOUND('',#5564,.T.);
#6119=FACE_BOUND('',#5565,.T.);
#6120=FACE_BOUND('',#5566,.T.);
#6121=FACE_BOUND('',#5567,.T.);
#6122=FACE_BOUND('',#5568,.T.);
#6123=FACE_BOUND('',#5569,.T.);
#6124=FACE_BOUND('',#5570,.T.);
#6125=FACE_BOUND('',#5571,.T.);
#6126=FACE_BOUND('',#5572,.T.);
#6127=FACE_BOUND('',#5573,.T.);
#6128=FACE_BOUND('',#5574,.T.);
#6129=FACE_BOUND('',#5575,.T.);
#6130=FACE_BOUND('',#5576,.T.);
#6131=FACE_BOUND('',#5577,.T.);
#6132=FACE_BOUND('',#5578,.T.);
#6133=FACE_BOUND('',#5579,.T.);
#6134=FACE_BOUND('',#5580,.T.);
#6135=FACE_BOUND('',#5581,.T.);
#6136=FACE_BOUND('',#5582,.T.);
#6137=FACE_BOUND('',#5583,.T.);
#6138=FACE_BOUND('',#5584,.T.);
#6139=FACE_BOUND('',#5585,.T.);
#6140=FACE_BOUND('',#5586,.T.);
#6141=FACE_BOUND('',#5587,.T.);
#6142=FACE_BOUND('',#5588,.T.);
#6143=FACE_BOUND('',#5589,.T.);
#6144=FACE_BOUND('',#5590,.T.);
#6145=FACE_BOUND('',#5591,.T.);
#6146=FACE_BOUND('',#5592,.T.);
#6147=FACE_BOUND('',#5593,.T.);
#6148=FACE_BOUND('',#5594,.T.);
#6149=FACE_BOUND('',#5595,.T.);
#6150=FACE_BOUND('',#5596,.T.);
#6151=FACE_BOUND('',#5597,.T.);
#6152=FACE_BOUND('',#5598,.T.);
#6153=FACE_BOUND('',#5599,.T.);
#6154=FACE_BOUND('',#5600,.T.);
#6155=FACE_BOUND('',#5601,.T.);
#6156=FACE_BOUND('',#5602,.T.);
#6157=FACE_BOUND('',#5603,.T.);
#6158=FACE_BOUND('',#5604,.T.);
#6159=FACE_BOUND('',#5605,.T.);
#6160=FACE_BOUND('',#5606,.T.);
#6161=FACE_BOUND('',#5607,.T.);
#6162=FACE_BOUND('',#5608,.T.);
#6163=FACE_BOUND('',#5609,.T.);
#6164=FACE_BOUND('',#5610,.T.);
#6165=FACE_BOUND('',#5611,.T.);
#6166=FACE_BOUND('',#5612,.T.);
#6167=FACE_BOUND('',#5613,.T.);
#6168=FACE_BOUND('',#5614,.T.);
#6169=FACE_BOUND('',#5615,.T.);
#6170=FACE_BOUND('',#5616,.T.);
#6171=FACE_BOUND('',#5617,.T.);
#6172=FACE_BOUND('',#5618,.T.);
#6173=FACE_BOUND('',#5619,.T.);
#6174=FACE_BOUND('',#5620,.T.);
#6175=FACE_BOUND('',#5621,.T.);
#6176=FACE_BOUND('',#5622,.T.);
#6177=FACE_BOUND('',#5623,.T.);
#6178=FACE_BOUND('',#5624,.T.);
#6179=FACE_BOUND('',#5625,.T.);
#6180=FACE_BOUND('',#5626,.T.);
#6181=FACE_BOUND('',#5627,.T.);
#6182=FACE_BOUND('',#5628,.T.);
#6183=FACE_BOUND('',#5629,.T.);
#6184=FACE_BOUND('',#5630,.T.);
#6185=FACE_BOUND('',#5631,.T.);
#6186=FACE_BOUND('',#5632,.T.);
#6187=FACE_BOUND('',#5633,.T.);
#6188=FACE_BOUND('',#5634,.T.);
#6189=FACE_BOUND('',#5635,.T.);
#6190=FACE_BOUND('',#5636,.T.);
#6191=FACE_BOUND('',#5637,.T.);
#6192=FACE_BOUND('',#5638,.T.);
#6193=FACE_BOUND('',#5639,.T.);
#6194=FACE_BOUND('',#5640,.T.);
#6195=FACE_BOUND('',#5641,.T.);
#6196=FACE_BOUND('',#5642,.T.);
#6197=FACE_BOUND('',#5643,.T.);
#6198=FACE_BOUND('',#5644,.T.);
#6199=FACE_BOUND('',#5645,.T.);
#6200=FACE_BOUND('',#5646,.T.);
#6201=FACE_BOUND('',#5647,.T.);
#6202=FACE_BOUND('',#5648,.T.);
#6203=FACE_BOUND('',#5649,.T.);
#6204=FACE_BOUND('',#5650,.T.);
#6205=FACE_BOUND('',#5651,.T.);
#6206=FACE_BOUND('',#5652,.T.);
#6207=FACE_BOUND('',#5653,.T.);
#6208=FACE_BOUND('',#5654,.T.);
#6209=FACE_BOUND('',#5655,.T.);
#6210=FACE_BOUND('',#5656,.T.);
#6211=FACE_BOUND('',#5657,.T.);
#6212=FACE_BOUND('',#5658,.T.);
#6213=FACE_BOUND('',#5659,.T.);
#6214=FACE_BOUND('',#5660,.T.);
#6215=FACE_BOUND('',#5661,.T.);
#6216=FACE_BOUND('',#5662,.T.);
#6217=FACE_BOUND('',#5663,.T.);
#6218=FACE_BOUND('',#5664,.T.);
#6219=FACE_BOUND('',#5665,.T.);
#6220=FACE_BOUND('',#5666,.T.);
#6221=FACE_BOUND('',#5667,.T.);
#6222=FACE_BOUND('',#5668,.T.);
#6223=FACE_BOUND('',#5669,.T.);
#6224=FACE_BOUND('',#5670,.T.);
#6225=FACE_BOUND('',#5671,.T.);
#6226=FACE_BOUND('',#5672,.T.);
#6227=FACE_BOUND('',#5673,.T.);
#6228=FACE_BOUND('',#5674,.T.);
#6229=FACE_BOUND('',#5675,.T.);
#6230=FACE_BOUND('',#5676,.T.);
#6231=FACE_BOUND('',#5677,.T.);
#6232=FACE_BOUND('',#5678,.T.);
#6233=FACE_BOUND('',#5679,.T.);
#6234=FACE_BOUND('',#5680,.T.);
#6235=FACE_BOUND('',#5681,.T.);
#6236=FACE_BOUND('',#5682,.T.);
#6237=FACE_BOUND('',#5683,.T.);
#6238=FACE_BOUND('',#5684,.T.);
#6239=FACE_BOUND('',#5685,.T.);
#6240=FACE_BOUND('',#5686,.T.);
#6241=FACE_BOUND('',#5687,.T.);
#6242=FACE_BOUND('',#5688,.T.);
#6243=FACE_BOUND('',#5689,.T.);
#6244=FACE_BOUND('',#5690,.T.);
#6245=FACE_BOUND('',#5691,.T.);
#6246=FACE_BOUND('',#5692,.T.);
#6247=FACE_BOUND('',#5693,.T.);
#6248=FACE_BOUND('',#5694,.T.);
#6249=FACE_BOUND('',#5695,.T.);
#6250=FACE_BOUND('',#5696,.T.);
#6251=FACE_BOUND('',#5697,.T.);
#6252=FACE_BOUND('',#5698,.T.);
#6253=FACE_BOUND('',#5699,.T.);
#6254=FACE_BOUND('',#5700,.T.);
#6255=FACE_BOUND('',#5701,.T.);
#6256=FACE_BOUND('',#5702,.T.);
#6257=FACE_BOUND('',#5703,.T.);
#6258=FACE_BOUND('',#5704,.T.);
#6259=FACE_BOUND('',#5705,.T.);
#6260=FACE_BOUND('',#5706,.T.);
#6261=FACE_BOUND('',#5707,.T.);
#6262=FACE_BOUND('',#5708,.T.);
#6263=FACE_BOUND('',#5709,.T.);
#6264=FACE_BOUND('',#5710,.T.);
#6265=FACE_BOUND('',#5711,.T.);
#6266=FACE_BOUND('',#5712,.T.);
#6267=FACE_BOUND('',#5713,.T.);
#6268=FACE_BOUND('',#5714,.T.);
#6269=FACE_BOUND('',#5715,.T.);
#6270=FACE_BOUND('',#5716,.T.);
#6271=FACE_BOUND('',#5717,.T.);
#6272=FACE_BOUND('',#5718,.T.);
#6273=FACE_BOUND('',#5719,.T.);
#6274=FACE_BOUND('',#5720,.T.);
#6275=FACE_BOUND('',#5721,.T.);
#6276=FACE_BOUND('',#5722,.T.);
#6277=FACE_BOUND('',#5723,.T.);
#6278=FACE_BOUND('',#5724,.T.);
#6279=FACE_BOUND('',#5725,.T.);
#6280=FACE_BOUND('',#5726,.T.);
#6281=FACE_BOUND('',#5727,.T.);
#6282=FACE_BOUND('',#5728,.T.);
#6283=FACE_BOUND('',#5729,.T.);
#6284=FACE_BOUND('',#5730,.T.);
#6285=FACE_BOUND('',#5731,.T.);
#6286=FACE_BOUND('',#5732,.T.);
#6287=FACE_BOUND('',#5733,.T.);
#6288=FACE_BOUND('',#5734,.T.);
#6289=FACE_BOUND('',#5735,.T.);
#6290=FACE_BOUND('',#5736,.T.);
#6291=FACE_BOUND('',#5737,.T.);
#6292=FACE_BOUND('',#5738,.T.);
#6293=FACE_BOUND('',#5739,.T.);
#6294=FACE_BOUND('',#5740,.T.);
#6295=FACE_BOUND('',#5741,.T.);
#6296=FACE_BOUND('',#5742,.T.);
#6297=FACE_BOUND('',#5743,.T.);
#6298=FACE_BOUND('',#5744,.T.);
#6299=FACE_BOUND('',#5745,.T.);
#6300=FACE_BOUND('',#5746,.T.);
#6301=FACE_BOUND('',#5747,.T.);
#6302=FACE_BOUND('',#5748,.T.);
#6303=FACE_BOUND('',#5749,.T.);
#6304=FACE_BOUND('',#5750,.T.);
#6305=FACE_BOUND('',#5751,.T.);
#6306=FACE_BOUND('',#5752,.T.);
#6307=FACE_BOUND('',#5753,.T.);
#6308=FACE_BOUND('',#5754,.T.);
#6309=FACE_BOUND('',#5755,.T.);
#6310=FACE_BOUND('',#5756,.T.);
#6311=FACE_BOUND('',#5757,.T.);
#6312=FACE_BOUND('',#5758,.T.);
#6313=FACE_BOUND('',#5759,.T.);
#6314=FACE_BOUND('',#5760,.T.);
#6315=FACE_BOUND('',#5761,.T.);
#6316=FACE_BOUND('',#5762,.T.);
#6317=FACE_BOUND('',#5763,.T.);
#6318=FACE_BOUND('',#5764,.T.);
#6319=FACE_BOUND('',#5765,.T.);
#6320=FACE_BOUND('',#5766,.T.);
#6321=FACE_BOUND('',#5767,.T.);
#6322=FACE_BOUND('',#5768,.T.);
#6323=FACE_BOUND('',#5769,.T.);
#6324=FACE_BOUND('',#5770,.T.);
#6325=FACE_BOUND('',#5771,.T.);
#6326=FACE_BOUND('',#5772,.T.);
#6327=FACE_BOUND('',#5773,.T.);
#6328=FACE_BOUND('',#5774,.T.);
#6329=FACE_BOUND('',#5775,.T.);
#6330=FACE_BOUND('',#5776,.T.);
#6331=FACE_BOUND('',#5777,.T.);
#6332=FACE_BOUND('',#5778,.T.);
#6333=FACE_BOUND('',#5779,.T.);
#6334=FACE_BOUND('',#5780,.T.);
#6335=FACE_BOUND('',#5781,.T.);
#6336=FACE_BOUND('',#5782,.T.);
#6337=FACE_BOUND('',#5783,.T.);
#6338=FACE_BOUND('',#5784,.T.);
#6339=FACE_BOUND('',#5785,.T.);
#6340=FACE_BOUND('',#5786,.T.);
#6341=FACE_BOUND('',#5787,.T.);
#6342=FACE_BOUND('',#5788,.T.);
#6343=FACE_BOUND('',#5789,.T.);
#6344=FACE_BOUND('',#5790,.T.);
#6345=FACE_BOUND('',#5791,.T.);
#6346=FACE_BOUND('',#5792,.T.);
#6347=FACE_BOUND('',#5793,.T.);
#6348=FACE_BOUND('',#5794,.T.);
#6349=FACE_BOUND('',#5795,.T.);
#6350=FACE_BOUND('',#5796,.T.);
#6351=FACE_BOUND('',#5797,.T.);
#6352=FACE_BOUND('',#5798,.T.);
#6353=FACE_BOUND('',#5799,.T.);
#6354=FACE_BOUND('',#5800,.T.);
#6355=FACE_BOUND('',#5801,.T.);
#6356=FACE_BOUND('',#5802,.T.);
#6357=FACE_BOUND('',#5803,.T.);
#6358=FACE_BOUND('',#5804,.T.);
#6359=FACE_BOUND('',#5805,.T.);
#6360=FACE_BOUND('',#5806,.T.);
#6361=FACE_BOUND('',#5807,.T.);
#6362=FACE_BOUND('',#5808,.T.);
#6363=FACE_BOUND('',#5809,.T.);
#6364=FACE_BOUND('',#5810,.T.);
#6365=FACE_BOUND('',#5811,.T.);
#6366=FACE_BOUND('',#5812,.T.);
#6367=FACE_BOUND('',#5813,.T.);
#6368=FACE_BOUND('',#5814,.T.);
#6369=FACE_BOUND('',#5815,.T.);
#6370=FACE_BOUND('',#5816,.T.);
#6371=FACE_BOUND('',#5817,.T.);
#6372=FACE_BOUND('',#5818,.T.);
#6373=FACE_BOUND('',#5819,.T.);
#6374=FACE_BOUND('',#5820,.T.);
#6375=FACE_BOUND('',#5821,.T.);
#6376=FACE_BOUND('',#5822,.T.);
#6377=FACE_BOUND('',#5823,.T.);
#6378=FACE_BOUND('',#5824,.T.);
#6379=FACE_BOUND('',#5825,.T.);
#6380=FACE_BOUND('',#5826,.T.);
#6381=FACE_BOUND('',#5827,.T.);
#6382=FACE_BOUND('',#5828,.T.);
#6383=FACE_BOUND('',#5829,.T.);
#6384=FACE_BOUND('',#5830,.T.);
#6385=FACE_BOUND('',#5831,.T.);
#6386=FACE_BOUND('',#5832,.T.);
#6387=FACE_BOUND('',#5833,.T.);
#6388=FACE_BOUND('',#5834,.T.);
#6389=FACE_BOUND('',#5835,.T.);
#6390=FACE_BOUND('',#5836,.T.);
#6391=FACE_BOUND('',#5837,.T.);
#6392=FACE_BOUND('',#5838,.T.);
#6393=FACE_BOUND('',#5839,.T.);
#6394=FACE_BOUND('',#5840,.T.);
#6395=FACE_BOUND('',#5841,.T.);
#6396=FACE_BOUND('',#5842,.T.);
#6397=FACE_BOUND('',#5843,.T.);
#6398=FACE_BOUND('',#5844,.T.);
#6399=FACE_BOUND('',#5845,.T.);
#6400=FACE_BOUND('',#5846,.T.);
#6401=FACE_BOUND('',#5847,.T.);
#6402=FACE_BOUND('',#5848,.T.);
#6403=FACE_BOUND('',#5849,.T.);
#6404=FACE_BOUND('',#5850,.T.);
#6405=FACE_BOUND('',#5851,.T.);
#6406=FACE_BOUND('',#5852,.T.);
#6407=FACE_BOUND('',#5853,.T.);
#6408=FACE_BOUND('',#5854,.T.);
#6409=FACE_BOUND('',#5855,.T.);
#6410=FACE_BOUND('',#5856,.T.);
#6411=FACE_BOUND('',#5857,.T.);
#6412=FACE_BOUND('',#5858,.T.);
#6413=FACE_BOUND('',#5859,.T.);
#6414=FACE_BOUND('',#5860,.T.);
#6415=FACE_BOUND('',#5861,.T.);
#6416=FACE_BOUND('',#5862,.T.);
#6417=FACE_BOUND('',#5863,.T.);
#6418=FACE_BOUND('',#5864,.T.);
#6419=PLANE('',#7125);
#6420=PLANE('',#7129);
#6421=PLANE('',#7130);
#6422=PLANE('',#7138);
#6423=PLANE('',#7141);
#6424=PLANE('',#7144);
#6425=PLANE('',#7149);
#6426=PLANE('',#7150);
#6427=PLANE('',#7151);
#6428=PLANE('',#7153);
#6429=PLANE('',#7155);
#6430=PLANE('',#7156);
#6431=PLANE('',#7157);
#6432=PLANE('',#7158);
#6433=PLANE('',#7159);
#6434=PLANE('',#7160);
#6435=PLANE('',#7161);
#6436=PLANE('',#7162);
#6437=PLANE('',#7163);
#6438=PLANE('',#7164);
#6439=PLANE('',#7165);
#6440=PLANE('',#7166);
#6441=PLANE('',#7167);
#6442=PLANE('',#7168);
#6443=PLANE('',#7169);
#6444=PLANE('',#7170);
#6445=PLANE('',#7171);
#6446=PLANE('',#7172);
#6447=PLANE('',#7173);
#6448=PLANE('',#7174);
#6449=PLANE('',#7175);
#6450=PLANE('',#7176);
#6451=PLANE('',#7177);
#6452=PLANE('',#7178);
#6453=PLANE('',#7179);
#6454=PLANE('',#7181);
#6455=PLANE('',#7182);
#6456=PLANE('',#7183);
#6457=PLANE('',#7214);
#6458=PLANE('',#7215);
#6459=PLANE('',#7224);
#6460=PLANE('',#7242);
#6461=PLANE('',#7243);
#6462=PLANE('',#7252);
#6463=PLANE('',#7255);
#6464=PLANE('',#7256);
#6465=PLANE('',#7259);
#6466=PLANE('',#7261);
#6467=PLANE('',#7262);
#6468=PLANE('',#7275);
#6469=PLANE('',#7282);
#6470=PLANE('',#7283);
#6471=PLANE('',#7286);
#6472=PLANE('',#7287);
#6473=PLANE('',#7289);
#6474=PLANE('',#7291);
#6475=PLANE('',#7293);
#6476=PLANE('',#7296);
#6477=PLANE('',#7297);
#6478=PLANE('',#7298);
#6479=PLANE('',#7299);
#6480=PLANE('',#7300);
#6481=PLANE('',#7301);
#6482=PLANE('',#7302);
#6483=PLANE('',#7303);
#6484=PLANE('',#7304);
#6485=PLANE('',#7305);
#6486=PLANE('',#7310);
#6487=PLANE('',#7311);
#6488=PLANE('',#7324);
#6489=PLANE('',#7327);
#6490=PLANE('',#7332);
#6491=PLANE('',#7333);
#6492=PLANE('',#7343);
#6493=PLANE('',#7344);
#6494=PLANE('',#7345);
#6495=PLANE('',#7348);
#6496=PLANE('',#7349);
#6497=PLANE('',#7350);
#6498=PLANE('',#7351);
#6499=PLANE('',#7352);
#6500=PLANE('',#7353);
#6501=PLANE('',#7363);
#6502=PLANE('',#7364);
#6503=PLANE('',#7365);
#6504=PLANE('',#7372);
#6505=PLANE('',#7373);
#6506=PLANE('',#7374);
#6507=PLANE('',#7375);
#6508=PLANE('',#7376);
#6509=PLANE('',#7377);
#6510=PLANE('',#7381);
#6511=PLANE('',#7382);
#6512=PLANE('',#7383);
#6513=PLANE('',#7386);
#6514=PLANE('',#7387);
#6515=PLANE('',#7388);
#6516=PLANE('',#7389);
#6517=PLANE('',#7390);
#6518=PLANE('',#7391);
#6519=PLANE('',#7395);
#6520=PLANE('',#7396);
#6521=PLANE('',#7397);
#6522=PLANE('',#7401);
#6523=PLANE('',#7402);
#6524=PLANE('',#7411);
#6525=PLANE('',#7414);
#6526=PLANE('',#7415);
#6527=PLANE('',#7418);
#6528=PLANE('',#7420);
#6529=PLANE('',#7421);
#6530=PLANE('',#7425);
#6531=PLANE('',#7432);
#6532=PLANE('',#7439);
#6533=PLANE('',#7446);
#6534=PLANE('',#7453);
#6535=PLANE('',#7457);
#6536=PLANE('',#7458);
#6537=PLANE('',#7459);
#6538=PLANE('',#7460);
#6539=PLANE('',#7461);
#6540=PLANE('',#7462);
#6541=PLANE('',#7463);
#6542=PLANE('',#7464);
#6543=PLANE('',#7465);
#6544=PLANE('',#7466);
#6545=PLANE('',#7467);
#6546=PLANE('',#7468);
#6547=PLANE('',#7469);
#6548=PLANE('',#7470);
#6549=PLANE('',#7473);
#6550=PLANE('',#7480);
#6551=PLANE('',#7484);
#6552=PLANE('',#7485);
#6553=PLANE('',#7489);
#6554=PLANE('',#7490);
#6555=PLANE('',#7491);
#6556=PLANE('',#7492);
#6557=PLANE('',#7493);
#6558=PLANE('',#7494);
#6559=PLANE('',#7495);
#6560=PLANE('',#7499);
#6561=PLANE('',#7500);
#6562=PLANE('',#7504);
#6563=PLANE('',#7505);
#6564=PLANE('',#7509);
#6565=PLANE('',#7510);
#6566=PLANE('',#7514);
#6567=PLANE('',#7515);
#6568=PLANE('',#7519);
#6569=PLANE('',#7520);
#6570=PLANE('',#7524);
#6571=PLANE('',#7525);
#6572=PLANE('',#7529);
#6573=PLANE('',#7530);
#6574=PLANE('',#7534);
#6575=PLANE('',#7535);
#6576=PLANE('',#7539);
#6577=PLANE('',#7540);
#6578=PLANE('',#7544);
#6579=PLANE('',#7545);
#6580=PLANE('',#7549);
#6581=PLANE('',#7550);
#6582=PLANE('',#7554);
#6583=PLANE('',#7555);
#6584=PLANE('',#7559);
#6585=PLANE('',#7560);
#6586=PLANE('',#7564);
#6587=PLANE('',#7565);
#6588=PLANE('',#7569);
#6589=PLANE('',#7615);
#6590=PLANE('',#7616);
#6591=PLANE('',#7626);
#6592=PLANE('',#7629);
#6593=PLANE('',#7630);
#6594=PLANE('',#7631);
#6595=PLANE('',#7632);
#6596=PLANE('',#7633);
#6597=PLANE('',#7634);
#6598=PLANE('',#7635);
#6599=PLANE('',#7638);
#6600=PLANE('',#7639);
#6601=PLANE('',#7640);
#6602=PLANE('',#7641);
#6603=PLANE('',#7642);
#6604=PLANE('',#7643);
#6605=PLANE('',#7644);
#6606=PLANE('',#7645);
#6607=PLANE('',#7646);
#6608=PLANE('',#7647);
#6609=PLANE('',#7648);
#6610=PLANE('',#7649);
#6611=PLANE('',#7650);
#6612=PLANE('',#7654);
#6613=PLANE('',#7655);
#6614=PLANE('',#7656);
#6615=PLANE('',#7657);
#6616=PLANE('',#7658);
#6617=PLANE('',#7659);
#6618=PLANE('',#7663);
#6619=PLANE('',#7664);
#6620=PLANE('',#7665);
#6621=PLANE('',#7668);
#6622=PLANE('',#7677);
#6623=PLANE('',#7678);
#6624=PLANE('',#7679);
#6625=PLANE('',#7680);
#6626=PLANE('',#7684);
#6627=PLANE('',#7685);
#6628=PLANE('',#7689);
#6629=PLANE('',#7690);
#6630=PLANE('',#7694);
#6631=PLANE('',#7695);
#6632=PLANE('',#7699);
#6633=PLANE('',#7700);
#6634=PLANE('',#7704);
#6635=PLANE('',#7720);
#6636=PLANE('',#7721);
#6637=PLANE('',#7722);
#6638=PLANE('',#7723);
#6639=PLANE('',#7724);
#6640=PLANE('',#7725);
#6641=PLANE('',#7726);
#6642=PLANE('',#7727);
#6643=PLANE('',#7730);
#6644=PLANE('',#7735);
#6645=PLANE('',#7738);
#6646=ADVANCED_FACE('',(#5865),#6419,.F.);
#6647=ADVANCED_FACE('',(#5866),#386,.T.);
#6648=ADVANCED_FACE('',(#5867),#6420,.F.);
#6649=ADVANCED_FACE('',(#5868),#6421,.F.);
#6650=ADVANCED_FACE('',(#5869),#387,.T.);
#6651=ADVANCED_FACE('',(#5870),#144,.T.);
#6652=ADVANCED_FACE('',(#5871),#6422,.F.);
#6653=ADVANCED_FACE('',(#5872),#145,.T.);
#6654=ADVANCED_FACE('',(#5873,#5874,#5875,#5876,#5877,#5878),#6423,.T.);
#6655=ADVANCED_FACE('',(#5879),#6424,.F.);
#6656=ADVANCED_FACE('',(#5880),#388,.T.);
#6657=ADVANCED_FACE('',(#5881),#389,.T.);
#6658=ADVANCED_FACE('',(#5882),#6425,.F.);
#6659=ADVANCED_FACE('',(#5883),#6426,.F.);
#6660=ADVANCED_FACE('',(#5884),#6427,.F.);
#6661=ADVANCED_FACE('',(#5885),#146,.T.);
#6662=ADVANCED_FACE('',(#5886),#6428,.F.);
#6663=ADVANCED_FACE('',(#5887),#147,.T.);
#6664=ADVANCED_FACE('',(#5888),#6429,.F.);
#6665=ADVANCED_FACE('',(#5889),#6430,.F.);
#6666=ADVANCED_FACE('',(#5890),#6431,.F.);
#6667=ADVANCED_FACE('',(#5891),#6432,.F.);
#6668=ADVANCED_FACE('',(#5892),#6433,.F.);
#6669=ADVANCED_FACE('',(#5893),#6434,.F.);
#6670=ADVANCED_FACE('',(#5894),#6435,.F.);
#6671=ADVANCED_FACE('',(#5895),#6436,.F.);
#6672=ADVANCED_FACE('',(#5896),#6437,.F.);
#6673=ADVANCED_FACE('',(#5897),#6438,.F.);
#6674=ADVANCED_FACE('',(#5898),#6439,.F.);
#6675=ADVANCED_FACE('',(#5899),#6440,.F.);
#6676=ADVANCED_FACE('',(#5900),#6441,.F.);
#6677=ADVANCED_FACE('',(#5901),#6442,.F.);
#6678=ADVANCED_FACE('',(#5902),#6443,.F.);
#6679=ADVANCED_FACE('',(#5903),#6444,.F.);
#6680=ADVANCED_FACE('',(#5904),#6445,.T.);
#6681=ADVANCED_FACE('',(#5905),#6446,.T.);
#6682=ADVANCED_FACE('',(#5906),#6447,.T.);
#6683=ADVANCED_FACE('',(#5907),#6448,.T.);
#6684=ADVANCED_FACE('',(#5908),#6449,.T.);
#6685=ADVANCED_FACE('',(#5909),#6450,.T.);
#6686=ADVANCED_FACE('',(#5910),#6451,.T.);
#6687=ADVANCED_FACE('',(#5911),#6452,.T.);
#6688=ADVANCED_FACE('',(#5912),#6453,.T.);
#6689=ADVANCED_FACE('',(#5913),#6454,.T.);
#6690=ADVANCED_FACE('',(#5914),#6455,.T.);
#6691=ADVANCED_FACE('',(#5915),#6456,.T.);
#6692=ADVANCED_FACE('',(#5916,#5917),#390,.F.);
#6693=ADVANCED_FACE('',(#5918,#5919),#391,.F.);
#6694=ADVANCED_FACE('',(#5920,#5921),#392,.F.);
#6695=ADVANCED_FACE('',(#5922,#5923),#393,.F.);
#6696=ADVANCED_FACE('',(#5924,#5925),#394,.F.);
#6697=ADVANCED_FACE('',(#5926,#5927),#395,.F.);
#6698=ADVANCED_FACE('',(#5928,#5929),#396,.F.);
#6699=ADVANCED_FACE('',(#5930,#5931),#397,.F.);
#6700=ADVANCED_FACE('',(#5932,#5933),#398,.F.);
#6701=ADVANCED_FACE('',(#5934,#5935),#399,.F.);
#6702=ADVANCED_FACE('',(#5936),#6457,.T.);
#6703=ADVANCED_FACE('',(#5937,#5938,#5939,#5940,#5941,#5942,#5943,#5944,
#5945,#5946,#5947,#5948,#5949,#5950,#5951),#6458,.T.);
#6704=ADVANCED_FACE('',(#5952,#5953,#5954,#5955,#5956,#5957,#5958,#5959,
#5960,#5961,#5962,#5963,#5964,#5965,#5966),#6459,.F.);
#6705=ADVANCED_FACE('',(#5967,#5968),#400,.F.);
#6706=ADVANCED_FACE('',(#5969,#5970),#401,.F.);
#6707=ADVANCED_FACE('',(#5971,#5972),#402,.F.);
#6708=ADVANCED_FACE('',(#5973,#5974),#403,.F.);
#6709=ADVANCED_FACE('',(#5975),#404,.T.);
#6710=ADVANCED_FACE('',(#5976),#405,.T.);
#6711=ADVANCED_FACE('',(#5977),#406,.T.);
#6712=ADVANCED_FACE('',(#5978),#407,.T.);
#6713=ADVANCED_FACE('',(#5979),#6460,.T.);
#6714=ADVANCED_FACE('',(#5980),#6461,.T.);
#6715=ADVANCED_FACE('',(#5981),#408,.T.);
#6716=ADVANCED_FACE('',(#5982),#409,.T.);
#6717=ADVANCED_FACE('',(#5983),#6462,.F.);
#6718=ADVANCED_FACE('',(#5984),#6463,.T.);
#6719=ADVANCED_FACE('',(#5985),#6464,.T.);
#6720=ADVANCED_FACE('',(#5986),#410,.T.);
#6721=ADVANCED_FACE('',(#5987),#411,.T.);
#6722=ADVANCED_FACE('',(#5988),#6465,.T.);
#6723=ADVANCED_FACE('',(#5989),#6466,.T.);
#6724=ADVANCED_FACE('',(#5990,#5991),#6467,.T.);
#6725=ADVANCED_FACE('',(#5992),#412,.T.);
#6726=ADVANCED_FACE('',(#5993),#413,.T.);
#6727=ADVANCED_FACE('',(#5994,#5995),#6468,.F.);
#6728=ADVANCED_FACE('',(#5996),#6469,.T.);
#6729=ADVANCED_FACE('',(#5997),#6470,.T.);
#6730=ADVANCED_FACE('',(#5998),#414,.T.);
#6731=ADVANCED_FACE('',(#5999),#415,.T.);
#6732=ADVANCED_FACE('',(#6000),#6471,.T.);
#6733=ADVANCED_FACE('',(#6001),#6472,.F.);
#6734=ADVANCED_FACE('',(#6002),#416,.F.);
#6735=ADVANCED_FACE('',(#6003),#6473,.F.);
#6736=ADVANCED_FACE('',(#6004),#417,.F.);
#6737=ADVANCED_FACE('',(#6005),#6474,.F.);
#6738=ADVANCED_FACE('',(#6006),#418,.F.);
#6739=ADVANCED_FACE('',(#6007),#6475,.F.);
#6740=ADVANCED_FACE('',(#6008),#419,.F.);
#6741=ADVANCED_FACE('',(#6009),#6476,.F.);
#6742=ADVANCED_FACE('',(#6010),#6477,.T.);
#6743=ADVANCED_FACE('',(#6011),#6478,.T.);
#6744=ADVANCED_FACE('',(#6012),#6479,.F.);
#6745=ADVANCED_FACE('',(#6013,#6014),#6480,.F.);
#6746=ADVANCED_FACE('',(#6015,#6016),#6481,.T.);
#6747=ADVANCED_FACE('',(#6017),#6482,.F.);
#6748=ADVANCED_FACE('',(#6018),#6483,.F.);
#6749=ADVANCED_FACE('',(#6019),#6484,.F.);
#6750=ADVANCED_FACE('',(#6020),#6485,.F.);
#6751=ADVANCED_FACE('',(#6021),#10,.T.);
#6752=ADVANCED_FACE('',(#6022),#11,.T.);
#6753=ADVANCED_FACE('',(#6023),#420,.T.);
#6754=ADVANCED_FACE('',(#6024),#421,.F.);
#6755=ADVANCED_FACE('',(#6025),#12,.T.);
#6756=ADVANCED_FACE('',(#6026),#13,.T.);
#6757=ADVANCED_FACE('',(#6027),#422,.T.);
#6758=ADVANCED_FACE('',(#6028),#423,.F.);
#6759=ADVANCED_FACE('',(#6029),#6486,.T.);
#6760=ADVANCED_FACE('',(#6030),#6487,.F.);
#6761=ADVANCED_FACE('',(#6031,#6032),#424,.F.);
#6762=ADVANCED_FACE('',(#6033,#6034),#425,.F.);
#6763=ADVANCED_FACE('',(#6035,#6036),#426,.F.);
#6764=ADVANCED_FACE('',(#6037,#6038),#427,.F.);
#6765=ADVANCED_FACE('',(#6039,#6040,#6041,#6042,#6043,#6044,#6045),#6488,
 .T.);
#6766=ADVANCED_FACE('',(#6046,#6047,#6048,#6049,#6050,#6051,#6052),#6489,
 .F.);
#6767=ADVANCED_FACE('',(#6053,#6054),#428,.F.);
#6768=ADVANCED_FACE('',(#6055,#6056),#429,.F.);
#6769=ADVANCED_FACE('',(#6057),#6490,.F.);
#6770=ADVANCED_FACE('',(#6058),#6491,.F.);
#6771=ADVANCED_FACE('',(#6059,#6060),#430,.F.);
#6772=ADVANCED_FACE('',(#6061,#6062),#431,.F.);
#6773=ADVANCED_FACE('',(#6063,#6064),#432,.F.);
#6774=ADVANCED_FACE('',(#6065),#6492,.F.);
#6775=ADVANCED_FACE('',(#6066,#6067,#6068,#6069),#6493,.T.);
#6776=ADVANCED_FACE('',(#6070,#6071,#6072,#6073),#6494,.F.);
#6777=ADVANCED_FACE('',(#6074),#14,.T.);
#6778=ADVANCED_FACE('',(#6075),#15,.T.);
#6779=ADVANCED_FACE('',(#6076),#433,.T.);
#6780=ADVANCED_FACE('',(#6077),#434,.F.);
#6781=ADVANCED_FACE('',(#6078),#6495,.F.);
#6782=ADVANCED_FACE('',(#6079),#6496,.T.);
#6783=ADVANCED_FACE('',(#6080),#6497,.F.);
#6784=ADVANCED_FACE('',(#6081),#6498,.T.);
#6785=ADVANCED_FACE('',(#6082),#6499,.F.);
#6786=ADVANCED_FACE('',(#6083),#6500,.F.);
#6787=ADVANCED_FACE('',(#6084,#6085),#435,.F.);
#6788=ADVANCED_FACE('',(#6086,#6087),#436,.F.);
#6789=ADVANCED_FACE('',(#6088,#6089),#437,.F.);
#6790=ADVANCED_FACE('',(#6090),#6501,.F.);
#6791=ADVANCED_FACE('',(#6091,#6092,#6093,#6094),#6502,.T.);
#6792=ADVANCED_FACE('',(#6095,#6096,#6097,#6098),#6503,.F.);
#6793=ADVANCED_FACE('',(#6099),#16,.T.);
#6794=ADVANCED_FACE('',(#6100),#17,.T.);
#6795=ADVANCED_FACE('',(#6101),#438,.T.);
#6796=ADVANCED_FACE('',(#6102),#439,.F.);
#6797=ADVANCED_FACE('',(#6103),#18,.T.);
#6798=ADVANCED_FACE('',(#6104),#19,.T.);
#6799=ADVANCED_FACE('',(#6105),#440,.T.);
#6800=ADVANCED_FACE('',(#6106),#441,.F.);
#6801=ADVANCED_FACE('',(#6107),#20,.T.);
#6802=ADVANCED_FACE('',(#6108),#21,.T.);
#6803=ADVANCED_FACE('',(#6109),#442,.T.);
#6804=ADVANCED_FACE('',(#6110),#443,.F.);
#6805=ADVANCED_FACE('',(#6111),#6504,.T.);
#6806=ADVANCED_FACE('',(#6112),#6505,.T.);
#6807=ADVANCED_FACE('',(#6113),#6506,.F.);
#6808=ADVANCED_FACE('',(#6114),#6507,.T.);
#6809=ADVANCED_FACE('',(#6115),#6508,.F.);
#6810=ADVANCED_FACE('',(#6116),#6509,.T.);
#6811=ADVANCED_FACE('',(#6117,#6118),#444,.F.);
#6812=ADVANCED_FACE('',(#6119),#6510,.T.);
#6813=ADVANCED_FACE('',(#6120,#6121),#6511,.T.);
#6814=ADVANCED_FACE('',(#6122,#6123),#6512,.F.);
#6815=ADVANCED_FACE('',(#6124),#22,.T.);
#6816=ADVANCED_FACE('',(#6125),#23,.T.);
#6817=ADVANCED_FACE('',(#6126),#445,.T.);
#6818=ADVANCED_FACE('',(#6127),#446,.F.);
#6819=ADVANCED_FACE('',(#6128),#6513,.T.);
#6820=ADVANCED_FACE('',(#6129),#6514,.T.);
#6821=ADVANCED_FACE('',(#6130),#6515,.T.);
#6822=ADVANCED_FACE('',(#6131),#6516,.F.);
#6823=ADVANCED_FACE('',(#6132),#6517,.F.);
#6824=ADVANCED_FACE('',(#6133),#6518,.T.);
#6825=ADVANCED_FACE('',(#6134,#6135),#447,.F.);
#6826=ADVANCED_FACE('',(#6136),#6519,.T.);
#6827=ADVANCED_FACE('',(#6137,#6138),#6520,.T.);
#6828=ADVANCED_FACE('',(#6139,#6140),#6521,.F.);
#6829=ADVANCED_FACE('',(#6141),#24,.T.);
#6830=ADVANCED_FACE('',(#6142),#25,.T.);
#6831=ADVANCED_FACE('',(#6143),#448,.T.);
#6832=ADVANCED_FACE('',(#6144),#449,.F.);
#6833=ADVANCED_FACE('',(#6145),#6522,.T.);
#6834=ADVANCED_FACE('',(#6146),#6523,.T.);
#6835=ADVANCED_FACE('',(#6147),#450,.T.);
#6836=ADVANCED_FACE('',(#6148),#451,.T.);
#6837=ADVANCED_FACE('',(#6149),#6524,.F.);
#6838=ADVANCED_FACE('',(#6150),#6525,.T.);
#6839=ADVANCED_FACE('',(#6151),#6526,.T.);
#6840=ADVANCED_FACE('',(#6152),#452,.T.);
#6841=ADVANCED_FACE('',(#6153),#453,.T.);
#6842=ADVANCED_FACE('',(#6154),#6527,.T.);
#6843=ADVANCED_FACE('',(#6155),#6528,.F.);
#6844=ADVANCED_FACE('',(#6156),#6529,.F.);
#6845=ADVANCED_FACE('',(#6157),#454,.F.);
#6846=ADVANCED_FACE('',(#6158),#6530,.F.);
#6847=ADVANCED_FACE('',(#6159),#455,.F.);
#6848=ADVANCED_FACE('',(#6160),#456,.F.);
#6849=ADVANCED_FACE('',(#6161),#6531,.F.);
#6850=ADVANCED_FACE('',(#6162),#457,.F.);
#6851=ADVANCED_FACE('',(#6163),#458,.F.);
#6852=ADVANCED_FACE('',(#6164),#6532,.F.);
#6853=ADVANCED_FACE('',(#6165),#459,.F.);
#6854=ADVANCED_FACE('',(#6166),#460,.F.);
#6855=ADVANCED_FACE('',(#6167),#6533,.F.);
#6856=ADVANCED_FACE('',(#6168),#461,.F.);
#6857=ADVANCED_FACE('',(#6169),#462,.F.);
#6858=ADVANCED_FACE('',(#6170),#6534,.F.);
#6859=ADVANCED_FACE('',(#6171),#463,.F.);
#6860=ADVANCED_FACE('',(#6172),#6535,.T.);
#6861=ADVANCED_FACE('',(#6173),#6536,.T.);
#6862=ADVANCED_FACE('',(#6174),#6537,.T.);
#6863=ADVANCED_FACE('',(#6175),#6538,.T.);
#6864=ADVANCED_FACE('',(#6176),#6539,.T.);
#6865=ADVANCED_FACE('',(#6177),#6540,.T.);
#6866=ADVANCED_FACE('',(#6178,#6179,#6180,#6181,#6182,#6183),#6541,.T.);
#6867=ADVANCED_FACE('',(#6184,#6185,#6186,#6187,#6188,#6189),#6542,.F.);
#6868=ADVANCED_FACE('',(#6190),#6543,.F.);
#6869=ADVANCED_FACE('',(#6191),#6544,.F.);
#6870=ADVANCED_FACE('',(#6192),#6545,.F.);
#6871=ADVANCED_FACE('',(#6193),#6546,.T.);
#6872=ADVANCED_FACE('',(#6194),#6547,.F.);
#6873=ADVANCED_FACE('',(#6195),#6548,.F.);
#6874=ADVANCED_FACE('',(#6196),#6549,.T.);
#6875=ADVANCED_FACE('',(#6197),#464,.T.);
#6876=ADVANCED_FACE('',(#6198),#465,.F.);
#6877=ADVANCED_FACE('',(#6199),#26,.T.);
#6878=ADVANCED_FACE('',(#6200),#27,.T.);
#6879=ADVANCED_FACE('',(#6201),#466,.T.);
#6880=ADVANCED_FACE('',(#6202),#467,.F.);
#6881=ADVANCED_FACE('',(#6203),#6550,.T.);
#6882=ADVANCED_FACE('',(#6204),#468,.F.);
#6883=ADVANCED_FACE('',(#6205),#6551,.F.);
#6884=ADVANCED_FACE('',(#6206),#6552,.T.);
#6885=ADVANCED_FACE('',(#6207),#469,.F.);
#6886=ADVANCED_FACE('',(#6208),#6553,.F.);
#6887=ADVANCED_FACE('',(#6209),#6554,.T.);
#6888=ADVANCED_FACE('',(#6210),#6555,.T.);
#6889=ADVANCED_FACE('',(#6211),#6556,.F.);
#6890=ADVANCED_FACE('',(#6212),#6557,.F.);
#6891=ADVANCED_FACE('',(#6213),#6558,.F.);
#6892=ADVANCED_FACE('',(#6214),#6559,.T.);
#6893=ADVANCED_FACE('',(#6215),#470,.F.);
#6894=ADVANCED_FACE('',(#6216),#6560,.F.);
#6895=ADVANCED_FACE('',(#6217),#6561,.T.);
#6896=ADVANCED_FACE('',(#6218),#471,.F.);
#6897=ADVANCED_FACE('',(#6219),#6562,.F.);
#6898=ADVANCED_FACE('',(#6220),#6563,.T.);
#6899=ADVANCED_FACE('',(#6221),#472,.F.);
#6900=ADVANCED_FACE('',(#6222),#6564,.F.);
#6901=ADVANCED_FACE('',(#6223),#6565,.T.);
#6902=ADVANCED_FACE('',(#6224),#473,.F.);
#6903=ADVANCED_FACE('',(#6225),#6566,.F.);
#6904=ADVANCED_FACE('',(#6226),#6567,.T.);
#6905=ADVANCED_FACE('',(#6227),#474,.F.);
#6906=ADVANCED_FACE('',(#6228),#6568,.F.);
#6907=ADVANCED_FACE('',(#6229),#6569,.T.);
#6908=ADVANCED_FACE('',(#6230),#475,.F.);
#6909=ADVANCED_FACE('',(#6231),#6570,.F.);
#6910=ADVANCED_FACE('',(#6232),#6571,.T.);
#6911=ADVANCED_FACE('',(#6233),#476,.F.);
#6912=ADVANCED_FACE('',(#6234),#6572,.F.);
#6913=ADVANCED_FACE('',(#6235),#6573,.T.);
#6914=ADVANCED_FACE('',(#6236),#477,.F.);
#6915=ADVANCED_FACE('',(#6237),#6574,.F.);
#6916=ADVANCED_FACE('',(#6238),#6575,.T.);
#6917=ADVANCED_FACE('',(#6239),#478,.F.);
#6918=ADVANCED_FACE('',(#6240),#6576,.F.);
#6919=ADVANCED_FACE('',(#6241),#6577,.T.);
#6920=ADVANCED_FACE('',(#6242),#479,.F.);
#6921=ADVANCED_FACE('',(#6243),#6578,.F.);
#6922=ADVANCED_FACE('',(#6244),#6579,.T.);
#6923=ADVANCED_FACE('',(#6245),#480,.F.);
#6924=ADVANCED_FACE('',(#6246),#6580,.F.);
#6925=ADVANCED_FACE('',(#6247),#6581,.T.);
#6926=ADVANCED_FACE('',(#6248),#481,.F.);
#6927=ADVANCED_FACE('',(#6249),#6582,.F.);
#6928=ADVANCED_FACE('',(#6250),#6583,.T.);
#6929=ADVANCED_FACE('',(#6251),#482,.F.);
#6930=ADVANCED_FACE('',(#6252),#6584,.F.);
#6931=ADVANCED_FACE('',(#6253),#6585,.T.);
#6932=ADVANCED_FACE('',(#6254),#483,.F.);
#6933=ADVANCED_FACE('',(#6255),#6586,.F.);
#6934=ADVANCED_FACE('',(#6256),#6587,.T.);
#6935=ADVANCED_FACE('',(#6257),#484,.F.);
#6936=ADVANCED_FACE('',(#6258),#6588,.F.);
#6937=ADVANCED_FACE('',(#6259),#485,.F.);
#6938=ADVANCED_FACE('',(#6260),#486,.F.);
#6939=ADVANCED_FACE('',(#6261),#487,.F.);
#6940=ADVANCED_FACE('',(#6262),#488,.F.);
#6941=ADVANCED_FACE('',(#6263),#489,.F.);
#6942=ADVANCED_FACE('',(#6264),#490,.F.);
#6943=ADVANCED_FACE('',(#6265),#491,.F.);
#6944=ADVANCED_FACE('',(#6266),#492,.F.);
#6945=ADVANCED_FACE('',(#6267),#493,.F.);
#6946=ADVANCED_FACE('',(#6268),#494,.F.);
#6947=ADVANCED_FACE('',(#6269),#495,.F.);
#6948=ADVANCED_FACE('',(#6270),#496,.F.);
#6949=ADVANCED_FACE('',(#6271),#497,.F.);
#6950=ADVANCED_FACE('',(#6272),#498,.F.);
#6951=ADVANCED_FACE('',(#6273),#499,.F.);
#6952=ADVANCED_FACE('',(#6274),#6589,.T.);
#6953=ADVANCED_FACE('',(#6275),#6590,.F.);
#6954=ADVANCED_FACE('',(#6276),#500,.F.);
#6955=ADVANCED_FACE('',(#6277),#501,.F.);
#6956=ADVANCED_FACE('',(#6278,#6279),#502,.F.);
#6957=ADVANCED_FACE('',(#6280,#6281,#6282,#6283,#6284,#6285,#6286,#6287,
#6288,#6289,#6290,#6291,#6292,#6293,#6294,#6295,#6296,#6297,#6298,#6299,
#6300,#6301),#6591,.T.);
#6958=ADVANCED_FACE('',(#6302,#6303,#6304,#6305,#6306,#6307,#6308,#6309,
#6310,#6311,#6312,#6313,#6314,#6315,#6316,#6317,#6318,#6319,#6320,#6321),
#6592,.F.);
#6959=ADVANCED_FACE('',(#6322),#6593,.T.);
#6960=ADVANCED_FACE('',(#6323),#6594,.F.);
#6961=ADVANCED_FACE('',(#6324),#6595,.F.);
#6962=ADVANCED_FACE('',(#6325),#6596,.F.);
#6963=ADVANCED_FACE('',(#6326),#6597,.F.);
#6964=ADVANCED_FACE('',(#6327),#6598,.F.);
#6965=ADVANCED_FACE('',(#6328),#28,.T.);
#6966=ADVANCED_FACE('',(#6329),#29,.T.);
#6967=ADVANCED_FACE('',(#6330),#503,.T.);
#6968=ADVANCED_FACE('',(#6331),#504,.F.);
#6969=ADVANCED_FACE('',(#6332),#6599,.F.);
#6970=ADVANCED_FACE('',(#6333),#6600,.F.);
#6971=ADVANCED_FACE('',(#6334),#6601,.F.);
#6972=ADVANCED_FACE('',(#6335),#6602,.T.);
#6973=ADVANCED_FACE('',(#6336),#6603,.F.);
#6974=ADVANCED_FACE('',(#6337),#6604,.F.);
#6975=ADVANCED_FACE('',(#6338),#6605,.T.);
#6976=ADVANCED_FACE('',(#6339),#6606,.T.);
#6977=ADVANCED_FACE('',(#6340,#6341),#6607,.F.);
#6978=ADVANCED_FACE('',(#6342,#6343),#6608,.T.);
#6979=ADVANCED_FACE('',(#6344),#6609,.T.);
#6980=ADVANCED_FACE('',(#6345),#6610,.F.);
#6981=ADVANCED_FACE('',(#6346),#6611,.F.);
#6982=ADVANCED_FACE('',(#6347),#505,.F.);
#6983=ADVANCED_FACE('',(#6348),#6612,.T.);
#6984=ADVANCED_FACE('',(#6349),#6613,.F.);
#6985=ADVANCED_FACE('',(#6350),#6614,.F.);
#6986=ADVANCED_FACE('',(#6351),#6615,.T.);
#6987=ADVANCED_FACE('',(#6352),#6616,.F.);
#6988=ADVANCED_FACE('',(#6353),#6617,.F.);
#6989=ADVANCED_FACE('',(#6354),#506,.F.);
#6990=ADVANCED_FACE('',(#6355),#6618,.T.);
#6991=ADVANCED_FACE('',(#6356),#6619,.F.);
#6992=ADVANCED_FACE('',(#6357),#6620,.F.);
#6993=ADVANCED_FACE('',(#6358),#6621,.T.);
#6994=ADVANCED_FACE('',(#6359),#507,.T.);
#6995=ADVANCED_FACE('',(#6360),#508,.F.);
#6996=ADVANCED_FACE('',(#6361),#30,.T.);
#6997=ADVANCED_FACE('',(#6362),#31,.T.);
#6998=ADVANCED_FACE('',(#6363),#509,.T.);
#6999=ADVANCED_FACE('',(#6364),#510,.F.);
#7000=ADVANCED_FACE('',(#6365),#32,.T.);
#7001=ADVANCED_FACE('',(#6366),#33,.T.);
#7002=ADVANCED_FACE('',(#6367),#511,.T.);
#7003=ADVANCED_FACE('',(#6368),#512,.F.);
#7004=ADVANCED_FACE('',(#6369),#6622,.F.);
#7005=ADVANCED_FACE('',(#6370),#6623,.F.);
#7006=ADVANCED_FACE('',(#6371),#6624,.T.);
#7007=ADVANCED_FACE('',(#6372),#6625,.F.);
#7008=ADVANCED_FACE('',(#6373),#513,.F.);
#7009=ADVANCED_FACE('',(#6374),#6626,.T.);
#7010=ADVANCED_FACE('',(#6375),#6627,.F.);
#7011=ADVANCED_FACE('',(#6376),#514,.F.);
#7012=ADVANCED_FACE('',(#6377),#6628,.T.);
#7013=ADVANCED_FACE('',(#6378),#6629,.F.);
#7014=ADVANCED_FACE('',(#6379),#515,.F.);
#7015=ADVANCED_FACE('',(#6380),#6630,.T.);
#7016=ADVANCED_FACE('',(#6381),#6631,.F.);
#7017=ADVANCED_FACE('',(#6382),#516,.F.);
#7018=ADVANCED_FACE('',(#6383),#6632,.T.);
#7019=ADVANCED_FACE('',(#6384),#6633,.F.);
#7020=ADVANCED_FACE('',(#6385),#517,.F.);
#7021=ADVANCED_FACE('',(#6386),#6634,.T.);
#7022=ADVANCED_FACE('',(#6387),#518,.F.);
#7023=ADVANCED_FACE('',(#6388),#519,.F.);
#7024=ADVANCED_FACE('',(#6389),#520,.F.);
#7025=ADVANCED_FACE('',(#6390),#521,.F.);
#7026=ADVANCED_FACE('',(#6391),#522,.F.);
#7027=ADVANCED_FACE('',(#6392,#6393,#6394,#6395,#6396,#6397),#6635,.F.);
#7028=ADVANCED_FACE('',(#6398,#6399,#6400,#6401,#6402,#6403),#6636,.T.);
#7029=ADVANCED_FACE('',(#6404),#6637,.F.);
#7030=ADVANCED_FACE('',(#6405),#6638,.F.);
#7031=ADVANCED_FACE('',(#6406),#6639,.T.);
#7032=ADVANCED_FACE('',(#6407),#6640,.T.);
#7033=ADVANCED_FACE('',(#6408),#6641,.F.);
#7034=ADVANCED_FACE('',(#6409),#6642,.F.);
#7035=ADVANCED_FACE('',(#6410),#6643,.T.);
#7036=ADVANCED_FACE('',(#6411),#523,.T.);
#7037=ADVANCED_FACE('',(#6412),#524,.F.);
#7038=ADVANCED_FACE('',(#6413),#6644,.T.);
#7039=ADVANCED_FACE('',(#6414,#6415),#525,.F.);
#7040=ADVANCED_FACE('',(#6416),#6645,.T.);
#7041=ADVANCED_FACE('',(#6417,#6418),#526,.F.);
#7042=CLOSED_SHELL('',(#6646,#6647,#6648,#6649,#6650,#6651,#6652,#6653,
#6654,#6655,#6656,#6657,#6658,#6659,#6660,#6661,#6662,#6663,#6664,#6665,
#6666,#6667,#6668,#6669,#6670,#6671,#6672,#6673,#6674,#6675,#6676,#6677,
#6678,#6679,#6680,#6681,#6682,#6683,#6684,#6685,#6686,#6687,#6688));
#7043=CLOSED_SHELL('',(#6689,#6690,#6691,#6692,#6693,#6694,#6695,#6696,
#6697,#6698,#6699,#6700,#6701,#6702,#6703,#6704,#6705,#6706,#6707,#6708,
#6709,#6710,#6711,#6712));
#7044=CLOSED_SHELL('',(#6713,#6714,#6715,#6716,#6717,#6718,#6719,#6720,
#6721,#6722));
#7045=CLOSED_SHELL('',(#6723,#6724,#6725,#6726,#6727,#6728,#6729,#6730,
#6731,#6732,#6733,#6734,#6735,#6736,#6737,#6738,#6739,#6740));
#7046=CLOSED_SHELL('',(#6741,#6742,#6743,#6744,#6745,#6746,#6747,#6748,
#6749,#6750,#6751,#6752,#6753,#6754,#6755,#6756,#6757,#6758,#6759,#6760,
#6761,#6762,#6763,#6764,#6765,#6766,#6767,#6768,#6769,#6770,#6771,#6772,
#6773,#6774,#6775,#6776,#6777,#6778,#6779,#6780,#6781,#6782,#6783,#6784,
#6785,#6786,#6787,#6788,#6789,#6790,#6791,#6792,#6793,#6794,#6795,#6796,
#6797,#6798,#6799,#6800,#6801,#6802,#6803,#6804,#6805,#6806,#6807,#6808,
#6809,#6810,#6811,#6812,#6813,#6814,#6815,#6816,#6817,#6818,#6819,#6820,
#6821,#6822,#6823,#6824,#6825,#6826,#6827,#6828,#6829,#6830,#6831,#6832));
#7047=CLOSED_SHELL('',(#6833,#6834,#6835,#6836,#6837,#6838,#6839,#6840,
#6841,#6842));
#7048=CLOSED_SHELL('',(#6843,#6844,#6845,#6846,#6847,#6848,#6849,#6850,
#6851,#6852,#6853,#6854,#6855,#6856,#6857,#6858,#6859,#6860,#6861,#6862,
#6863,#6864,#6865,#6866,#6867,#6868,#6869,#6870,#6871,#6872,#6873,#6874,
#6875,#6876,#6877,#6878,#6879,#6880,#6881,#6882,#6883,#6884,#6885,#6886,
#6887,#6888,#6889,#6890,#6891,#6892,#6893,#6894,#6895,#6896,#6897,#6898,
#6899,#6900,#6901,#6902,#6903,#6904,#6905,#6906,#6907,#6908,#6909,#6910,
#6911,#6912,#6913,#6914,#6915,#6916,#6917,#6918,#6919,#6920,#6921,#6922,
#6923,#6924,#6925,#6926,#6927,#6928,#6929,#6930,#6931,#6932,#6933,#6934,
#6935,#6936,#6937,#6938,#6939,#6940,#6941,#6942,#6943,#6944,#6945,#6946,
#6947,#6948,#6949,#6950,#6951,#6952,#6953,#6954,#6955,#6956,#6957,#6958,
#6959,#6960,#6961,#6962,#6963,#6964,#6965,#6966,#6967,#6968,#6969,#6970,
#6971,#6972,#6973,#6974,#6975,#6976,#6977,#6978,#6979,#6980,#6981,#6982,
#6983,#6984,#6985,#6986,#6987,#6988,#6989,#6990,#6991,#6992,#6993,#6994,
#6995,#6996,#6997,#6998,#6999,#7000,#7001,#7002,#7003,#7004,#7005,#7006,
#7007,#7008,#7009,#7010,#7011,#7012,#7013,#7014,#7015,#7016,#7017,#7018,
#7019,#7020,#7021,#7022,#7023,#7024,#7025,#7026,#7027,#7028,#7029,#7030,
#7031,#7032,#7033,#7034,#7035,#7036,#7037,#7038,#7039,#7040,#7041));
#7049=STYLED_ITEM('',(#7056),#7103);
#7050=STYLED_ITEM('',(#7057),#7104);
#7051=STYLED_ITEM('',(#7058),#7105);
#7052=STYLED_ITEM('',(#7059),#7106);
#7053=STYLED_ITEM('',(#7060),#7107);
#7054=STYLED_ITEM('',(#7061),#7108);
#7055=STYLED_ITEM('',(#7062),#7109);
#7056=PRESENTATION_STYLE_ASSIGNMENT((#7063));
#7057=PRESENTATION_STYLE_ASSIGNMENT((#7064));
#7058=PRESENTATION_STYLE_ASSIGNMENT((#7065));
#7059=PRESENTATION_STYLE_ASSIGNMENT((#7066));
#7060=PRESENTATION_STYLE_ASSIGNMENT((#7067));
#7061=PRESENTATION_STYLE_ASSIGNMENT((#7068));
#7062=PRESENTATION_STYLE_ASSIGNMENT((#7069));
#7063=SURFACE_STYLE_USAGE(.BOTH.,#7070);
#7064=SURFACE_STYLE_USAGE(.BOTH.,#7071);
#7065=SURFACE_STYLE_USAGE(.BOTH.,#7072);
#7066=SURFACE_STYLE_USAGE(.BOTH.,#7073);
#7067=SURFACE_STYLE_USAGE(.BOTH.,#7074);
#7068=SURFACE_STYLE_USAGE(.BOTH.,#7075);
#7069=SURFACE_STYLE_USAGE(.BOTH.,#7076);
#7070=SURFACE_SIDE_STYLE('',(#7077));
#7071=SURFACE_SIDE_STYLE('',(#7078));
#7072=SURFACE_SIDE_STYLE('',(#7079));
#7073=SURFACE_SIDE_STYLE('',(#7080));
#7074=SURFACE_SIDE_STYLE('',(#7081));
#7075=SURFACE_SIDE_STYLE('',(#7082));
#7076=SURFACE_SIDE_STYLE('',(#7083));
#7077=SURFACE_STYLE_FILL_AREA(#7084);
#7078=SURFACE_STYLE_FILL_AREA(#7085);
#7079=SURFACE_STYLE_FILL_AREA(#7086);
#7080=SURFACE_STYLE_FILL_AREA(#7087);
#7081=SURFACE_STYLE_FILL_AREA(#7088);
#7082=SURFACE_STYLE_FILL_AREA(#7089);
#7083=SURFACE_STYLE_FILL_AREA(#7090);
#7084=FILL_AREA_STYLE('',(#7091));
#7085=FILL_AREA_STYLE('',(#7092));
#7086=FILL_AREA_STYLE('',(#7093));
#7087=FILL_AREA_STYLE('',(#7094));
#7088=FILL_AREA_STYLE('',(#7095));
#7089=FILL_AREA_STYLE('',(#7096));
#7090=FILL_AREA_STYLE('',(#7097));
#7091=FILL_AREA_STYLE_COLOUR('',#7098);
#7092=FILL_AREA_STYLE_COLOUR('',#7099);
#7093=FILL_AREA_STYLE_COLOUR('',#7100);
#7094=FILL_AREA_STYLE_COLOUR('',#7101);
#7095=FILL_AREA_STYLE_COLOUR('',#7099);
#7096=FILL_AREA_STYLE_COLOUR('',#7102);
#7097=FILL_AREA_STYLE_COLOUR('',#7099);
#7098=COLOUR_RGB('',0.917647058823529,0.917647058823529,0.917647058823529);
#7099=COLOUR_RGB('',0.647058823529412,0.647058823529412,0.647058823529412);
#7100=COLOUR_RGB('',0.498039215686275,0.498039215686275,0.498039215686275);
#7101=COLOUR_RGB('',0.972549019607843,0.529411764705882,0.00392156862745098);
#7102=COLOUR_RGB('',0.768627450980392,0.886274509803922,0.952941176470588);
#7103=MANIFOLD_SOLID_BREP('bezel_48x48',#7042);
#7104=MANIFOLD_SOLID_BREP('dno',#7043);
#7105=MANIFOLD_SOLID_BREP('terminal_block',#7044);
#7106=MANIFOLD_SOLID_BREP('mounting_clip_keepout',#7045);
#7107=MANIFOLD_SOLID_BREP('ohisje',#7046);
#7108=MANIFOLD_SOLID_BREP('housing',#7047);
#7109=MANIFOLD_SOLID_BREP('glava',#7048);
#7110=SHAPE_DEFINITION_REPRESENTATION(#14445,#7117);
#7111=SHAPE_DEFINITION_REPRESENTATION(#14446,#7118);
#7112=SHAPE_DEFINITION_REPRESENTATION(#14447,#7119);
#7113=SHAPE_DEFINITION_REPRESENTATION(#14448,#7120);
#7114=SHAPE_DEFINITION_REPRESENTATION(#14449,#7121);
#7115=SHAPE_DEFINITION_REPRESENTATION(#14450,#7122);
#7116=SHAPE_DEFINITION_REPRESENTATION(#14451,#7123);
#7117=SHAPE_REPRESENTATION('bezel_48x48',(#7124),#14410);
#7118=SHAPE_REPRESENTATION('dno',(#7180),#14411);
#7119=SHAPE_REPRESENTATION('terminal_block',(#7241),#14412);
#7120=SHAPE_REPRESENTATION('mounting_clip_keepout',(#7260),#14413);
#7121=SHAPE_REPRESENTATION('ohisje',(#7295),#14414);
#7122=SHAPE_REPRESENTATION('housing',(#7400),#14415);
#7123=SHAPE_REPRESENTATION('glava',(#7419),#14416);
#7124=AXIS2_PLACEMENT_3D('',#9607,#7741,#7742);
#7125=AXIS2_PLACEMENT_3D('',#9608,#7743,#7744);
#7126=AXIS2_PLACEMENT_3D('',#9617,#7749,#7750);
#7127=AXIS2_PLACEMENT_3D('',#9618,#7751,#7752);
#7128=AXIS2_PLACEMENT_3D('',#9622,#7754,#7755);
#7129=AXIS2_PLACEMENT_3D('',#9623,#7756,#7757);
#7130=AXIS2_PLACEMENT_3D('',#9629,#7761,#7762);
#7131=AXIS2_PLACEMENT_3D('',#9632,#7764,#7765);
#7132=AXIS2_PLACEMENT_3D('',#9636,#7767,#7768);
#7133=AXIS2_PLACEMENT_3D('',#9640,#7770,#7771);
#7134=AXIS2_PLACEMENT_3D('',#9641,#7772,#7773);
#7135=AXIS2_PLACEMENT_3D('',#9644,#7775,#7776);
#7136=AXIS2_PLACEMENT_3D('',#9645,#7777,#7778);
#7137=AXIS2_PLACEMENT_3D('',#9646,#7779,#7780);
#7138=AXIS2_PLACEMENT_3D('',#9649,#7782,#7783);
#7139=AXIS2_PLACEMENT_3D('',#9653,#7786,#7787);
#7140=AXIS2_PLACEMENT_3D('',#9654,#7788,#7789);
#7141=AXIS2_PLACEMENT_3D('',#9657,#7791,#7792);
#7142=AXIS2_PLACEMENT_3D('',#9660,#7794,#7795);
#7143=AXIS2_PLACEMENT_3D('',#9664,#7797,#7798);
#7144=AXIS2_PLACEMENT_3D('',#9707,#7820,#7821);
#7145=AXIS2_PLACEMENT_3D('',#9711,#7824,#7825);
#7146=AXIS2_PLACEMENT_3D('',#9714,#7827,#7828);
#7147=AXIS2_PLACEMENT_3D('',#9715,#7829,#7830);
#7148=AXIS2_PLACEMENT_3D('',#9718,#7832,#7833);
#7149=AXIS2_PLACEMENT_3D('',#9719,#7834,#7835);
#7150=AXIS2_PLACEMENT_3D('',#9721,#7837,#7838);
#7151=AXIS2_PLACEMENT_3D('',#9723,#7840,#7841);
#7152=AXIS2_PLACEMENT_3D('',#9725,#7843,#7844);
#7153=AXIS2_PLACEMENT_3D('',#9727,#7846,#7847);
#7154=AXIS2_PLACEMENT_3D('',#9729,#7849,#7850);
#7155=AXIS2_PLACEMENT_3D('',#9730,#7851,#7852);
#7156=AXIS2_PLACEMENT_3D('',#9736,#7856,#7857);
#7157=AXIS2_PLACEMENT_3D('',#9740,#7860,#7861);
#7158=AXIS2_PLACEMENT_3D('',#9744,#7864,#7865);
#7159=AXIS2_PLACEMENT_3D('',#9746,#7867,#7868);
#7160=AXIS2_PLACEMENT_3D('',#9752,#7872,#7873);
#7161=AXIS2_PLACEMENT_3D('',#9756,#7876,#7877);
#7162=AXIS2_PLACEMENT_3D('',#9760,#7880,#7881);
#7163=AXIS2_PLACEMENT_3D('',#9762,#7883,#7884);
#7164=AXIS2_PLACEMENT_3D('',#9768,#7888,#7889);
#7165=AXIS2_PLACEMENT_3D('',#9772,#7892,#7893);
#7166=AXIS2_PLACEMENT_3D('',#9776,#7896,#7897);
#7167=AXIS2_PLACEMENT_3D('',#9778,#7899,#7900);
#7168=AXIS2_PLACEMENT_3D('',#9784,#7904,#7905);
#7169=AXIS2_PLACEMENT_3D('',#9788,#7908,#7909);
#7170=AXIS2_PLACEMENT_3D('',#9792,#7912,#7913);
#7171=AXIS2_PLACEMENT_3D('',#9794,#7915,#7916);
#7172=AXIS2_PLACEMENT_3D('',#9800,#7920,#7921);
#7173=AXIS2_PLACEMENT_3D('',#9804,#7924,#7925);
#7174=AXIS2_PLACEMENT_3D('',#9808,#7928,#7929);
#7175=AXIS2_PLACEMENT_3D('',#9810,#7931,#7932);
#7176=AXIS2_PLACEMENT_3D('',#9811,#7933,#7934);
#7177=AXIS2_PLACEMENT_3D('',#9812,#7935,#7936);
#7178=AXIS2_PLACEMENT_3D('',#9813,#7937,#7938);
#7179=AXIS2_PLACEMENT_3D('',#9814,#7939,#7940);
#7180=AXIS2_PLACEMENT_3D('',#9815,#7941,#7942);
#7181=AXIS2_PLACEMENT_3D('',#9816,#7943,#7944);
#7182=AXIS2_PLACEMENT_3D('',#9825,#7949,#7950);
#7183=AXIS2_PLACEMENT_3D('',#9834,#7955,#7956);
#7184=AXIS2_PLACEMENT_3D('',#9843,#7961,#7962);
#7185=AXIS2_PLACEMENT_3D('',#9844,#7963,#7964);
#7186=AXIS2_PLACEMENT_3D('',#9846,#7965,#7966);
#7187=AXIS2_PLACEMENT_3D('',#9848,#7967,#7968);
#7188=AXIS2_PLACEMENT_3D('',#9849,#7969,#7970);
#7189=AXIS2_PLACEMENT_3D('',#9851,#7971,#7972);
#7190=AXIS2_PLACEMENT_3D('',#9853,#7973,#7974);
#7191=AXIS2_PLACEMENT_3D('',#9854,#7975,#7976);
#7192=AXIS2_PLACEMENT_3D('',#9856,#7977,#7978);
#7193=AXIS2_PLACEMENT_3D('',#9858,#7979,#7980);
#7194=AXIS2_PLACEMENT_3D('',#9859,#7981,#7982);
#7195=AXIS2_PLACEMENT_3D('',#9861,#7983,#7984);
#7196=AXIS2_PLACEMENT_3D('',#9863,#7985,#7986);
#7197=AXIS2_PLACEMENT_3D('',#9864,#7987,#7988);
#7198=AXIS2_PLACEMENT_3D('',#9866,#7989,#7990);
#7199=AXIS2_PLACEMENT_3D('',#9868,#7991,#7992);
#7200=AXIS2_PLACEMENT_3D('',#9869,#7993,#7994);
#7201=AXIS2_PLACEMENT_3D('',#9871,#7995,#7996);
#7202=AXIS2_PLACEMENT_3D('',#9873,#7997,#7998);
#7203=AXIS2_PLACEMENT_3D('',#9874,#7999,#8000);
#7204=AXIS2_PLACEMENT_3D('',#9876,#8001,#8002);
#7205=AXIS2_PLACEMENT_3D('',#9878,#8003,#8004);
#7206=AXIS2_PLACEMENT_3D('',#9879,#8005,#8006);
#7207=AXIS2_PLACEMENT_3D('',#9881,#8007,#8008);
#7208=AXIS2_PLACEMENT_3D('',#9883,#8009,#8010);
#7209=AXIS2_PLACEMENT_3D('',#9884,#8011,#8012);
#7210=AXIS2_PLACEMENT_3D('',#9886,#8013,#8014);
#7211=AXIS2_PLACEMENT_3D('',#9888,#8015,#8016);
#7212=AXIS2_PLACEMENT_3D('',#9889,#8017,#8018);
#7213=AXIS2_PLACEMENT_3D('',#9891,#8019,#8020);
#7214=AXIS2_PLACEMENT_3D('',#9893,#8021,#8022);
#7215=AXIS2_PLACEMENT_3D('',#9902,#8027,#8028);
#7216=AXIS2_PLACEMENT_3D('',#9903,#8029,#8030);
#7217=AXIS2_PLACEMENT_3D('',#9905,#8031,#8032);
#7218=AXIS2_PLACEMENT_3D('',#9907,#8033,#8034);
#7219=AXIS2_PLACEMENT_3D('',#9909,#8035,#8036);
#7220=AXIS2_PLACEMENT_3D('',#9911,#8037,#8038);
#7221=AXIS2_PLACEMENT_3D('',#9912,#8039,#8040);
#7222=AXIS2_PLACEMENT_3D('',#9913,#8041,#8042);
#7223=AXIS2_PLACEMENT_3D('',#9914,#8043,#8044);
#7224=AXIS2_PLACEMENT_3D('',#9915,#8045,#8046);
#7225=AXIS2_PLACEMENT_3D('',#9916,#8047,#8048);
#7226=AXIS2_PLACEMENT_3D('',#9918,#8049,#8050);
#7227=AXIS2_PLACEMENT_3D('',#9920,#8051,#8052);
#7228=AXIS2_PLACEMENT_3D('',#9922,#8053,#8054);
#7229=AXIS2_PLACEMENT_3D('',#9924,#8055,#8056);
#7230=AXIS2_PLACEMENT_3D('',#9925,#8057,#8058);
#7231=AXIS2_PLACEMENT_3D('',#9926,#8059,#8060);
#7232=AXIS2_PLACEMENT_3D('',#9927,#8061,#8062);
#7233=AXIS2_PLACEMENT_3D('',#9928,#8063,#8064);
#7234=AXIS2_PLACEMENT_3D('',#9929,#8065,#8066);
#7235=AXIS2_PLACEMENT_3D('',#9930,#8067,#8068);
#7236=AXIS2_PLACEMENT_3D('',#9931,#8069,#8070);
#7237=AXIS2_PLACEMENT_3D('',#9932,#8071,#8072);
#7238=AXIS2_PLACEMENT_3D('',#9933,#8073,#8074);
#7239=AXIS2_PLACEMENT_3D('',#9934,#8075,#8076);
#7240=AXIS2_PLACEMENT_3D('',#9935,#8077,#8078);
#7241=AXIS2_PLACEMENT_3D('',#9936,#8079,#8080);
#7242=AXIS2_PLACEMENT_3D('',#9937,#8081,#8082);
#7243=AXIS2_PLACEMENT_3D('',#9946,#8087,#8088);
#7244=AXIS2_PLACEMENT_3D('',#9947,#8089,#8090);
#7245=AXIS2_PLACEMENT_3D('',#9951,#8092,#8093);
#7246=AXIS2_PLACEMENT_3D('',#9955,#8095,#8096);
#7247=AXIS2_PLACEMENT_3D('',#9959,#8098,#8099);
#7248=AXIS2_PLACEMENT_3D('',#9960,#8100,#8101);
#7249=AXIS2_PLACEMENT_3D('',#9963,#8103,#8104);
#7250=AXIS2_PLACEMENT_3D('',#9964,#8105,#8106);
#7251=AXIS2_PLACEMENT_3D('',#9965,#8107,#8108);
#7252=AXIS2_PLACEMENT_3D('',#9968,#8110,#8111);
#7253=AXIS2_PLACEMENT_3D('',#9971,#8113,#8114);
#7254=AXIS2_PLACEMENT_3D('',#9975,#8116,#8117);
#7255=AXIS2_PLACEMENT_3D('',#9978,#8119,#8120);
#7256=AXIS2_PLACEMENT_3D('',#9980,#8122,#8123);
#7257=AXIS2_PLACEMENT_3D('',#9982,#8125,#8126);
#7258=AXIS2_PLACEMENT_3D('',#9984,#8128,#8129);
#7259=AXIS2_PLACEMENT_3D('',#9986,#8131,#8132);
#7260=AXIS2_PLACEMENT_3D('',#9987,#8133,#8134);
#7261=AXIS2_PLACEMENT_3D('',#9988,#8135,#8136);
#7262=AXIS2_PLACEMENT_3D('',#9997,#8141,#8142);
#7263=AXIS2_PLACEMENT_3D('',#9998,#8143,#8144);
#7264=AXIS2_PLACEMENT_3D('',#10002,#8146,#8147);
#7265=AXIS2_PLACEMENT_3D('',#10006,#8149,#8150);
#7266=AXIS2_PLACEMENT_3D('',#10010,#8152,#8153);
#7267=AXIS2_PLACEMENT_3D('',#10014,#8155,#8156);
#7268=AXIS2_PLACEMENT_3D('',#10018,#8158,#8159);
#7269=AXIS2_PLACEMENT_3D('',#10022,#8161,#8162);
#7270=AXIS2_PLACEMENT_3D('',#10026,#8164,#8165);
#7271=AXIS2_PLACEMENT_3D('',#10027,#8166,#8167);
#7272=AXIS2_PLACEMENT_3D('',#10030,#8169,#8170);
#7273=AXIS2_PLACEMENT_3D('',#10031,#8171,#8172);
#7274=AXIS2_PLACEMENT_3D('',#10032,#8173,#8174);
#7275=AXIS2_PLACEMENT_3D('',#10035,#8176,#8177);
#7276=AXIS2_PLACEMENT_3D('',#10038,#8179,#8180);
#7277=AXIS2_PLACEMENT_3D('',#10042,#8182,#8183);
#7278=AXIS2_PLACEMENT_3D('',#10045,#8185,#8186);
#7279=AXIS2_PLACEMENT_3D('',#10050,#8188,#8189);
#7280=AXIS2_PLACEMENT_3D('',#10054,#8191,#8192);
#7281=AXIS2_PLACEMENT_3D('',#10058,#8194,#8195);
#7282=AXIS2_PLACEMENT_3D('',#10061,#8197,#8198);
#7283=AXIS2_PLACEMENT_3D('',#10063,#8200,#8201);
#7284=AXIS2_PLACEMENT_3D('',#10065,#8203,#8204);
#7285=AXIS2_PLACEMENT_3D('',#10067,#8206,#8207);
#7286=AXIS2_PLACEMENT_3D('',#10069,#8209,#8210);
#7287=AXIS2_PLACEMENT_3D('',#10070,#8211,#8212);
#7288=AXIS2_PLACEMENT_3D('',#10073,#8215,#8216);
#7289=AXIS2_PLACEMENT_3D('',#10075,#8218,#8219);
#7290=AXIS2_PLACEMENT_3D('',#10077,#8221,#8222);
#7291=AXIS2_PLACEMENT_3D('',#10079,#8224,#8225);
#7292=AXIS2_PLACEMENT_3D('',#10081,#8227,#8228);
#7293=AXIS2_PLACEMENT_3D('',#10083,#8230,#8231);
#7294=AXIS2_PLACEMENT_3D('',#10085,#8233,#8234);
#7295=AXIS2_PLACEMENT_3D('',#10086,#8235,#8236);
#7296=AXIS2_PLACEMENT_3D('',#10087,#8237,#8238);
#7297=AXIS2_PLACEMENT_3D('',#10096,#8243,#8244);
#7298=AXIS2_PLACEMENT_3D('',#10102,#8248,#8249);
#7299=AXIS2_PLACEMENT_3D('',#10108,#8253,#8254);
#7300=AXIS2_PLACEMENT_3D('',#10111,#8257,#8258);
#7301=AXIS2_PLACEMENT_3D('',#10128,#8267,#8268);
#7302=AXIS2_PLACEMENT_3D('',#10145,#8277,#8278);
#7303=AXIS2_PLACEMENT_3D('',#10154,#8279,#8280);
#7304=AXIS2_PLACEMENT_3D('',#10163,#8281,#8282);
#7305=AXIS2_PLACEMENT_3D('',#10172,#8283,#8284);
#7306=AXIS2_PLACEMENT_3D('',#10421,#8285,#8286);
#7307=AXIS2_PLACEMENT_3D('',#10423,#8288,#8289);
#7308=AXIS2_PLACEMENT_3D('',#10665,#8291,#8292);
#7309=AXIS2_PLACEMENT_3D('',#10667,#8294,#8295);
#7310=AXIS2_PLACEMENT_3D('',#10669,#8297,#8298);
#7311=AXIS2_PLACEMENT_3D('',#10678,#8301,#8302);
#7312=AXIS2_PLACEMENT_3D('',#10687,#8305,#8306);
#7313=AXIS2_PLACEMENT_3D('',#10688,#8307,#8308);
#7314=AXIS2_PLACEMENT_3D('',#10690,#8309,#8310);
#7315=AXIS2_PLACEMENT_3D('',#10692,#8311,#8312);
#7316=AXIS2_PLACEMENT_3D('',#10693,#8313,#8314);
#7317=AXIS2_PLACEMENT_3D('',#10695,#8315,#8316);
#7318=AXIS2_PLACEMENT_3D('',#10697,#8317,#8318);
#7319=AXIS2_PLACEMENT_3D('',#10698,#8319,#8320);
#7320=AXIS2_PLACEMENT_3D('',#10700,#8321,#8322);
#7321=AXIS2_PLACEMENT_3D('',#10702,#8323,#8324);
#7322=AXIS2_PLACEMENT_3D('',#10703,#8325,#8326);
#7323=AXIS2_PLACEMENT_3D('',#10705,#8327,#8328);
#7324=AXIS2_PLACEMENT_3D('',#10707,#8329,#8330);
#7325=AXIS2_PLACEMENT_3D('',#10708,#8331,#8332);
#7326=AXIS2_PLACEMENT_3D('',#10710,#8333,#8334);
#7327=AXIS2_PLACEMENT_3D('',#10713,#8336,#8337);
#7328=AXIS2_PLACEMENT_3D('',#10714,#8338,#8339);
#7329=AXIS2_PLACEMENT_3D('',#10716,#8340,#8341);
#7330=AXIS2_PLACEMENT_3D('',#10719,#8343,#8344);
#7331=AXIS2_PLACEMENT_3D('',#10720,#8345,#8346);
#7332=AXIS2_PLACEMENT_3D('',#10721,#8347,#8348);
#7333=AXIS2_PLACEMENT_3D('',#10730,#8353,#8354);
#7334=AXIS2_PLACEMENT_3D('',#10739,#8357,#8358);
#7335=AXIS2_PLACEMENT_3D('',#10740,#8359,#8360);
#7336=AXIS2_PLACEMENT_3D('',#10742,#8361,#8362);
#7337=AXIS2_PLACEMENT_3D('',#10744,#8363,#8364);
#7338=AXIS2_PLACEMENT_3D('',#10745,#8365,#8366);
#7339=AXIS2_PLACEMENT_3D('',#10747,#8367,#8368);
#7340=AXIS2_PLACEMENT_3D('',#10749,#8369,#8370);
#7341=AXIS2_PLACEMENT_3D('',#10750,#8371,#8372);
#7342=AXIS2_PLACEMENT_3D('',#10752,#8373,#8374);
#7343=AXIS2_PLACEMENT_3D('',#10754,#8375,#8376);
#7344=AXIS2_PLACEMENT_3D('',#10763,#8379,#8380);
#7345=AXIS2_PLACEMENT_3D('',#10765,#8382,#8383);
#7346=AXIS2_PLACEMENT_3D('',#10995,#8385,#8386);
#7347=AXIS2_PLACEMENT_3D('',#10996,#8387,#8388);
#7348=AXIS2_PLACEMENT_3D('',#10997,#8389,#8390);
#7349=AXIS2_PLACEMENT_3D('',#11006,#8393,#8394);
#7350=AXIS2_PLACEMENT_3D('',#11015,#8397,#8398);
#7351=AXIS2_PLACEMENT_3D('',#11017,#8400,#8401);
#7352=AXIS2_PLACEMENT_3D('',#11019,#8403,#8404);
#7353=AXIS2_PLACEMENT_3D('',#11028,#8409,#8410);
#7354=AXIS2_PLACEMENT_3D('',#11037,#8413,#8414);
#7355=AXIS2_PLACEMENT_3D('',#11038,#8415,#8416);
#7356=AXIS2_PLACEMENT_3D('',#11040,#8417,#8418);
#7357=AXIS2_PLACEMENT_3D('',#11042,#8419,#8420);
#7358=AXIS2_PLACEMENT_3D('',#11043,#8421,#8422);
#7359=AXIS2_PLACEMENT_3D('',#11045,#8423,#8424);
#7360=AXIS2_PLACEMENT_3D('',#11047,#8425,#8426);
#7361=AXIS2_PLACEMENT_3D('',#11048,#8427,#8428);
#7362=AXIS2_PLACEMENT_3D('',#11050,#8429,#8430);
#7363=AXIS2_PLACEMENT_3D('',#11052,#8431,#8432);
#7364=AXIS2_PLACEMENT_3D('',#11061,#8435,#8436);
#7365=AXIS2_PLACEMENT_3D('',#11063,#8438,#8439);
#7366=AXIS2_PLACEMENT_3D('',#11293,#8441,#8442);
#7367=AXIS2_PLACEMENT_3D('',#11294,#8443,#8444);
#7368=AXIS2_PLACEMENT_3D('',#11535,#8445,#8446);
#7369=AXIS2_PLACEMENT_3D('',#11537,#8448,#8449);
#7370=AXIS2_PLACEMENT_3D('',#11779,#8451,#8452);
#7371=AXIS2_PLACEMENT_3D('',#11781,#8454,#8455);
#7372=AXIS2_PLACEMENT_3D('',#11783,#8457,#8458);
#7373=AXIS2_PLACEMENT_3D('',#11792,#8461,#8462);
#7374=AXIS2_PLACEMENT_3D('',#11801,#8465,#8466);
#7375=AXIS2_PLACEMENT_3D('',#11803,#8468,#8469);
#7376=AXIS2_PLACEMENT_3D('',#11805,#8471,#8472);
#7377=AXIS2_PLACEMENT_3D('',#11814,#8477,#8478);
#7378=AXIS2_PLACEMENT_3D('',#11823,#8481,#8482);
#7379=AXIS2_PLACEMENT_3D('',#11824,#8483,#8484);
#7380=AXIS2_PLACEMENT_3D('',#11826,#8485,#8486);
#7381=AXIS2_PLACEMENT_3D('',#11828,#8487,#8488);
#7382=AXIS2_PLACEMENT_3D('',#11837,#8491,#8492);
#7383=AXIS2_PLACEMENT_3D('',#11839,#8494,#8495);
#7384=AXIS2_PLACEMENT_3D('',#12069,#8497,#8498);
#7385=AXIS2_PLACEMENT_3D('',#12070,#8499,#8500);
#7386=AXIS2_PLACEMENT_3D('',#12071,#8501,#8502);
#7387=AXIS2_PLACEMENT_3D('',#12080,#8505,#8506);
#7388=AXIS2_PLACEMENT_3D('',#12089,#8509,#8510);
#7389=AXIS2_PLACEMENT_3D('',#12091,#8512,#8513);
#7390=AXIS2_PLACEMENT_3D('',#12093,#8515,#8516);
#7391=AXIS2_PLACEMENT_3D('',#12102,#8521,#8522);
#7392=AXIS2_PLACEMENT_3D('',#12111,#8525,#8526);
#7393=AXIS2_PLACEMENT_3D('',#12112,#8527,#8528);
#7394=AXIS2_PLACEMENT_3D('',#12114,#8529,#8530);
#7395=AXIS2_PLACEMENT_3D('',#12116,#8531,#8532);
#7396=AXIS2_PLACEMENT_3D('',#12125,#8535,#8536);
#7397=AXIS2_PLACEMENT_3D('',#12127,#8538,#8539);
#7398=AXIS2_PLACEMENT_3D('',#12357,#8541,#8542);
#7399=AXIS2_PLACEMENT_3D('',#12358,#8543,#8544);
#7400=AXIS2_PLACEMENT_3D('',#12359,#8545,#8546);
#7401=AXIS2_PLACEMENT_3D('',#12360,#8547,#8548);
#7402=AXIS2_PLACEMENT_3D('',#12369,#8553,#8554);
#7403=AXIS2_PLACEMENT_3D('',#12370,#8555,#8556);
#7404=AXIS2_PLACEMENT_3D('',#12374,#8558,#8559);
#7405=AXIS2_PLACEMENT_3D('',#12378,#8561,#8562);
#7406=AXIS2_PLACEMENT_3D('',#12382,#8564,#8565);
#7407=AXIS2_PLACEMENT_3D('',#12383,#8566,#8567);
#7408=AXIS2_PLACEMENT_3D('',#12386,#8569,#8570);
#7409=AXIS2_PLACEMENT_3D('',#12387,#8571,#8572);
#7410=AXIS2_PLACEMENT_3D('',#12388,#8573,#8574);
#7411=AXIS2_PLACEMENT_3D('',#12391,#8576,#8577);
#7412=AXIS2_PLACEMENT_3D('',#12394,#8579,#8580);
#7413=AXIS2_PLACEMENT_3D('',#12398,#8582,#8583);
#7414=AXIS2_PLACEMENT_3D('',#12401,#8585,#8586);
#7415=AXIS2_PLACEMENT_3D('',#12403,#8588,#8589);
#7416=AXIS2_PLACEMENT_3D('',#12405,#8591,#8592);
#7417=AXIS2_PLACEMENT_3D('',#12407,#8594,#8595);
#7418=AXIS2_PLACEMENT_3D('',#12409,#8597,#8598);
#7419=AXIS2_PLACEMENT_3D('',#12410,#8599,#8600);
#7420=AXIS2_PLACEMENT_3D('',#12411,#8601,#8602);
#7421=AXIS2_PLACEMENT_3D('',#12423,#8606,#8607);
#7422=AXIS2_PLACEMENT_3D('',#12432,#8612,#8613);
#7423=AXIS2_PLACEMENT_3D('',#12436,#8615,#8616);
#7424=AXIS2_PLACEMENT_3D('',#12440,#8618,#8619);
#7425=AXIS2_PLACEMENT_3D('',#12441,#8620,#8621);
#7426=AXIS2_PLACEMENT_3D('',#12447,#8625,#8626);
#7427=AXIS2_PLACEMENT_3D('',#12448,#8627,#8628);
#7428=AXIS2_PLACEMENT_3D('',#12452,#8630,#8631);
#7429=AXIS2_PLACEMENT_3D('',#12453,#8632,#8633);
#7430=AXIS2_PLACEMENT_3D('',#12457,#8635,#8636);
#7431=AXIS2_PLACEMENT_3D('',#12461,#8638,#8639);
#7432=AXIS2_PLACEMENT_3D('',#12462,#8640,#8641);
#7433=AXIS2_PLACEMENT_3D('',#12468,#8645,#8646);
#7434=AXIS2_PLACEMENT_3D('',#12469,#8647,#8648);
#7435=AXIS2_PLACEMENT_3D('',#12473,#8650,#8651);
#7436=AXIS2_PLACEMENT_3D('',#12474,#8652,#8653);
#7437=AXIS2_PLACEMENT_3D('',#12478,#8655,#8656);
#7438=AXIS2_PLACEMENT_3D('',#12482,#8658,#8659);
#7439=AXIS2_PLACEMENT_3D('',#12483,#8660,#8661);
#7440=AXIS2_PLACEMENT_3D('',#12489,#8665,#8666);
#7441=AXIS2_PLACEMENT_3D('',#12490,#8667,#8668);
#7442=AXIS2_PLACEMENT_3D('',#12494,#8670,#8671);
#7443=AXIS2_PLACEMENT_3D('',#12495,#8672,#8673);
#7444=AXIS2_PLACEMENT_3D('',#12499,#8675,#8676);
#7445=AXIS2_PLACEMENT_3D('',#12503,#8678,#8679);
#7446=AXIS2_PLACEMENT_3D('',#12504,#8680,#8681);
#7447=AXIS2_PLACEMENT_3D('',#12510,#8685,#8686);
#7448=AXIS2_PLACEMENT_3D('',#12511,#8687,#8688);
#7449=AXIS2_PLACEMENT_3D('',#12515,#8690,#8691);
#7450=AXIS2_PLACEMENT_3D('',#12516,#8692,#8693);
#7451=AXIS2_PLACEMENT_3D('',#12520,#8695,#8696);
#7452=AXIS2_PLACEMENT_3D('',#12524,#8698,#8699);
#7453=AXIS2_PLACEMENT_3D('',#12525,#8700,#8701);
#7454=AXIS2_PLACEMENT_3D('',#12531,#8705,#8706);
#7455=AXIS2_PLACEMENT_3D('',#12532,#8707,#8708);
#7456=AXIS2_PLACEMENT_3D('',#12536,#8710,#8711);
#7457=AXIS2_PLACEMENT_3D('',#12537,#8712,#8713);
#7458=AXIS2_PLACEMENT_3D('',#12540,#8716,#8717);
#7459=AXIS2_PLACEMENT_3D('',#12543,#8720,#8721);
#7460=AXIS2_PLACEMENT_3D('',#12546,#8724,#8725);
#7461=AXIS2_PLACEMENT_3D('',#12549,#8728,#8729);
#7462=AXIS2_PLACEMENT_3D('',#12552,#8732,#8733);
#7463=AXIS2_PLACEMENT_3D('',#12561,#8736,#8737);
#7464=AXIS2_PLACEMENT_3D('',#12564,#8740,#8741);
#7465=AXIS2_PLACEMENT_3D('',#12567,#8744,#8745);
#7466=AXIS2_PLACEMENT_3D('',#12576,#8750,#8751);
#7467=AXIS2_PLACEMENT_3D('',#12582,#8755,#8756);
#7468=AXIS2_PLACEMENT_3D('',#12588,#8760,#8761);
#7469=AXIS2_PLACEMENT_3D('',#12590,#8763,#8764);
#7470=AXIS2_PLACEMENT_3D('',#12592,#8766,#8767);
#7471=AXIS2_PLACEMENT_3D('',#12593,#8768,#8769);
#7472=AXIS2_PLACEMENT_3D('',#12594,#8770,#8771);
#7473=AXIS2_PLACEMENT_3D('',#12595,#8772,#8773);
#7474=AXIS2_PLACEMENT_3D('',#12596,#8774,#8775);
#7475=AXIS2_PLACEMENT_3D('',#12597,#8776,#8777);
#7476=AXIS2_PLACEMENT_3D('',#12598,#8778,#8779);
#7477=AXIS2_PLACEMENT_3D('',#12599,#8780,#8781);
#7478=AXIS2_PLACEMENT_3D('',#12901,#8782,#8783);
#7479=AXIS2_PLACEMENT_3D('',#12903,#8785,#8786);
#7480=AXIS2_PLACEMENT_3D('',#12905,#8788,#8789);
#7481=AXIS2_PLACEMENT_3D('',#12914,#8794,#8795);
#7482=AXIS2_PLACEMENT_3D('',#12915,#8796,#8797);
#7483=AXIS2_PLACEMENT_3D('',#12919,#8799,#8800);
#7484=AXIS2_PLACEMENT_3D('',#12920,#8801,#8802);
#7485=AXIS2_PLACEMENT_3D('',#12926,#8806,#8807);
#7486=AXIS2_PLACEMENT_3D('',#12935,#8812,#8813);
#7487=AXIS2_PLACEMENT_3D('',#12936,#8814,#8815);
#7488=AXIS2_PLACEMENT_3D('',#12940,#8817,#8818);
#7489=AXIS2_PLACEMENT_3D('',#12941,#8819,#8820);
#7490=AXIS2_PLACEMENT_3D('',#12947,#8824,#8825);
#7491=AXIS2_PLACEMENT_3D('',#12956,#8830,#8831);
#7492=AXIS2_PLACEMENT_3D('',#12962,#8835,#8836);
#7493=AXIS2_PLACEMENT_3D('',#12968,#8840,#8841);
#7494=AXIS2_PLACEMENT_3D('',#12980,#8845,#8846);
#7495=AXIS2_PLACEMENT_3D('',#12986,#8850,#8851);
#7496=AXIS2_PLACEMENT_3D('',#12995,#8856,#8857);
#7497=AXIS2_PLACEMENT_3D('',#12996,#8858,#8859);
#7498=AXIS2_PLACEMENT_3D('',#13000,#8861,#8862);
#7499=AXIS2_PLACEMENT_3D('',#13001,#8863,#8864);
#7500=AXIS2_PLACEMENT_3D('',#13007,#8868,#8869);
#7501=AXIS2_PLACEMENT_3D('',#13016,#8874,#8875);
#7502=AXIS2_PLACEMENT_3D('',#13017,#8876,#8877);
#7503=AXIS2_PLACEMENT_3D('',#13021,#8879,#8880);
#7504=AXIS2_PLACEMENT_3D('',#13022,#8881,#8882);
#7505=AXIS2_PLACEMENT_3D('',#13028,#8886,#8887);
#7506=AXIS2_PLACEMENT_3D('',#13037,#8892,#8893);
#7507=AXIS2_PLACEMENT_3D('',#13038,#8894,#8895);
#7508=AXIS2_PLACEMENT_3D('',#13042,#8897,#8898);
#7509=AXIS2_PLACEMENT_3D('',#13043,#8899,#8900);
#7510=AXIS2_PLACEMENT_3D('',#13049,#8904,#8905);
#7511=AXIS2_PLACEMENT_3D('',#13058,#8910,#8911);
#7512=AXIS2_PLACEMENT_3D('',#13059,#8912,#8913);
#7513=AXIS2_PLACEMENT_3D('',#13063,#8915,#8916);
#7514=AXIS2_PLACEMENT_3D('',#13064,#8917,#8918);
#7515=AXIS2_PLACEMENT_3D('',#13070,#8922,#8923);
#7516=AXIS2_PLACEMENT_3D('',#13079,#8928,#8929);
#7517=AXIS2_PLACEMENT_3D('',#13080,#8930,#8931);
#7518=AXIS2_PLACEMENT_3D('',#13084,#8933,#8934);
#7519=AXIS2_PLACEMENT_3D('',#13085,#8935,#8936);
#7520=AXIS2_PLACEMENT_3D('',#13091,#8940,#8941);
#7521=AXIS2_PLACEMENT_3D('',#13100,#8946,#8947);
#7522=AXIS2_PLACEMENT_3D('',#13101,#8948,#8949);
#7523=AXIS2_PLACEMENT_3D('',#13105,#8951,#8952);
#7524=AXIS2_PLACEMENT_3D('',#13106,#8953,#8954);
#7525=AXIS2_PLACEMENT_3D('',#13112,#8958,#8959);
#7526=AXIS2_PLACEMENT_3D('',#13121,#8964,#8965);
#7527=AXIS2_PLACEMENT_3D('',#13122,#8966,#8967);
#7528=AXIS2_PLACEMENT_3D('',#13126,#8969,#8970);
#7529=AXIS2_PLACEMENT_3D('',#13127,#8971,#8972);
#7530=AXIS2_PLACEMENT_3D('',#13133,#8976,#8977);
#7531=AXIS2_PLACEMENT_3D('',#13142,#8982,#8983);
#7532=AXIS2_PLACEMENT_3D('',#13143,#8984,#8985);
#7533=AXIS2_PLACEMENT_3D('',#13147,#8987,#8988);
#7534=AXIS2_PLACEMENT_3D('',#13148,#8989,#8990);
#7535=AXIS2_PLACEMENT_3D('',#13154,#8994,#8995);
#7536=AXIS2_PLACEMENT_3D('',#13163,#9000,#9001);
#7537=AXIS2_PLACEMENT_3D('',#13164,#9002,#9003);
#7538=AXIS2_PLACEMENT_3D('',#13168,#9005,#9006);
#7539=AXIS2_PLACEMENT_3D('',#13169,#9007,#9008);
#7540=AXIS2_PLACEMENT_3D('',#13175,#9012,#9013);
#7541=AXIS2_PLACEMENT_3D('',#13184,#9018,#9019);
#7542=AXIS2_PLACEMENT_3D('',#13185,#9020,#9021);
#7543=AXIS2_PLACEMENT_3D('',#13189,#9023,#9024);
#7544=AXIS2_PLACEMENT_3D('',#13190,#9025,#9026);
#7545=AXIS2_PLACEMENT_3D('',#13196,#9030,#9031);
#7546=AXIS2_PLACEMENT_3D('',#13205,#9036,#9037);
#7547=AXIS2_PLACEMENT_3D('',#13206,#9038,#9039);
#7548=AXIS2_PLACEMENT_3D('',#13210,#9041,#9042);
#7549=AXIS2_PLACEMENT_3D('',#13211,#9043,#9044);
#7550=AXIS2_PLACEMENT_3D('',#13217,#9048,#9049);
#7551=AXIS2_PLACEMENT_3D('',#13226,#9054,#9055);
#7552=AXIS2_PLACEMENT_3D('',#13227,#9056,#9057);
#7553=AXIS2_PLACEMENT_3D('',#13231,#9059,#9060);
#7554=AXIS2_PLACEMENT_3D('',#13232,#9061,#9062);
#7555=AXIS2_PLACEMENT_3D('',#13238,#9066,#9067);
#7556=AXIS2_PLACEMENT_3D('',#13247,#9072,#9073);
#7557=AXIS2_PLACEMENT_3D('',#13248,#9074,#9075);
#7558=AXIS2_PLACEMENT_3D('',#13252,#9077,#9078);
#7559=AXIS2_PLACEMENT_3D('',#13253,#9079,#9080);
#7560=AXIS2_PLACEMENT_3D('',#13259,#9084,#9085);
#7561=AXIS2_PLACEMENT_3D('',#13268,#9090,#9091);
#7562=AXIS2_PLACEMENT_3D('',#13269,#9092,#9093);
#7563=AXIS2_PLACEMENT_3D('',#13273,#9095,#9096);
#7564=AXIS2_PLACEMENT_3D('',#13274,#9097,#9098);
#7565=AXIS2_PLACEMENT_3D('',#13280,#9102,#9103);
#7566=AXIS2_PLACEMENT_3D('',#13289,#9108,#9109);
#7567=AXIS2_PLACEMENT_3D('',#13290,#9110,#9111);
#7568=AXIS2_PLACEMENT_3D('',#13294,#9113,#9114);
#7569=AXIS2_PLACEMENT_3D('',#13295,#9115,#9116);
#7570=AXIS2_PLACEMENT_3D('',#13301,#9120,#9121);
#7571=AXIS2_PLACEMENT_3D('',#13302,#9122,#9123);
#7572=AXIS2_PLACEMENT_3D('',#13303,#9124,#9125);
#7573=AXIS2_PLACEMENT_3D('',#13304,#9126,#9127);
#7574=AXIS2_PLACEMENT_3D('',#13305,#9128,#9129);
#7575=AXIS2_PLACEMENT_3D('',#13306,#9130,#9131);
#7576=AXIS2_PLACEMENT_3D('',#13307,#9132,#9133);
#7577=AXIS2_PLACEMENT_3D('',#13308,#9134,#9135);
#7578=AXIS2_PLACEMENT_3D('',#13309,#9136,#9137);
#7579=AXIS2_PLACEMENT_3D('',#13310,#9138,#9139);
#7580=AXIS2_PLACEMENT_3D('',#13311,#9140,#9141);
#7581=AXIS2_PLACEMENT_3D('',#13312,#9142,#9143);
#7582=AXIS2_PLACEMENT_3D('',#13313,#9144,#9145);
#7583=AXIS2_PLACEMENT_3D('',#13314,#9146,#9147);
#7584=AXIS2_PLACEMENT_3D('',#13315,#9148,#9149);
#7585=AXIS2_PLACEMENT_3D('',#13316,#9150,#9151);
#7586=AXIS2_PLACEMENT_3D('',#13317,#9152,#9153);
#7587=AXIS2_PLACEMENT_3D('',#13318,#9154,#9155);
#7588=AXIS2_PLACEMENT_3D('',#13319,#9156,#9157);
#7589=AXIS2_PLACEMENT_3D('',#13320,#9158,#9159);
#7590=AXIS2_PLACEMENT_3D('',#13321,#9160,#9161);
#7591=AXIS2_PLACEMENT_3D('',#13322,#9162,#9163);
#7592=AXIS2_PLACEMENT_3D('',#13323,#9164,#9165);
#7593=AXIS2_PLACEMENT_3D('',#13324,#9166,#9167);
#7594=AXIS2_PLACEMENT_3D('',#13325,#9168,#9169);
#7595=AXIS2_PLACEMENT_3D('',#13326,#9170,#9171);
#7596=AXIS2_PLACEMENT_3D('',#13327,#9172,#9173);
#7597=AXIS2_PLACEMENT_3D('',#13328,#9174,#9175);
#7598=AXIS2_PLACEMENT_3D('',#13329,#9176,#9177);
#7599=AXIS2_PLACEMENT_3D('',#13330,#9178,#9179);
#7600=AXIS2_PLACEMENT_3D('',#13331,#9180,#9181);
#7601=AXIS2_PLACEMENT_3D('',#13332,#9182,#9183);
#7602=AXIS2_PLACEMENT_3D('',#13333,#9184,#9185);
#7603=AXIS2_PLACEMENT_3D('',#13334,#9186,#9187);
#7604=AXIS2_PLACEMENT_3D('',#13335,#9188,#9189);
#7605=AXIS2_PLACEMENT_3D('',#13336,#9190,#9191);
#7606=AXIS2_PLACEMENT_3D('',#13337,#9192,#9193);
#7607=AXIS2_PLACEMENT_3D('',#13338,#9194,#9195);
#7608=AXIS2_PLACEMENT_3D('',#13339,#9196,#9197);
#7609=AXIS2_PLACEMENT_3D('',#13340,#9198,#9199);
#7610=AXIS2_PLACEMENT_3D('',#13341,#9200,#9201);
#7611=AXIS2_PLACEMENT_3D('',#13342,#9202,#9203);
#7612=AXIS2_PLACEMENT_3D('',#13343,#9204,#9205);
#7613=AXIS2_PLACEMENT_3D('',#13344,#9206,#9207);
#7614=AXIS2_PLACEMENT_3D('',#13345,#9208,#9209);
#7615=AXIS2_PLACEMENT_3D('',#13346,#9210,#9211);
#7616=AXIS2_PLACEMENT_3D('',#13355,#9214,#9215);
#7617=AXIS2_PLACEMENT_3D('',#13358,#9218,#9219);
#7618=AXIS2_PLACEMENT_3D('',#13359,#9220,#9221);
#7619=AXIS2_PLACEMENT_3D('',#13360,#9222,#9223);
#7620=AXIS2_PLACEMENT_3D('',#13361,#9224,#9225);
#7621=AXIS2_PLACEMENT_3D('',#13362,#9226,#9227);
#7622=AXIS2_PLACEMENT_3D('',#13363,#9228,#9229);
#7623=AXIS2_PLACEMENT_3D('',#13364,#9230,#9231);
#7624=AXIS2_PLACEMENT_3D('',#13365,#9232,#9233);
#7625=AXIS2_PLACEMENT_3D('',#13367,#9234,#9235);
#7626=AXIS2_PLACEMENT_3D('',#13369,#9236,#9237);
#7627=AXIS2_PLACEMENT_3D('',#13370,#9238,#9239);
#7628=AXIS2_PLACEMENT_3D('',#13372,#9240,#9241);
#7629=AXIS2_PLACEMENT_3D('',#13375,#9243,#9244);
#7630=AXIS2_PLACEMENT_3D('',#13377,#9246,#9247);
#7631=AXIS2_PLACEMENT_3D('',#13391,#9255,#9256);
#7632=AXIS2_PLACEMENT_3D('',#13405,#9264,#9265);
#7633=AXIS2_PLACEMENT_3D('',#13410,#9266,#9267);
#7634=AXIS2_PLACEMENT_3D('',#13415,#9268,#9269);
#7635=AXIS2_PLACEMENT_3D('',#13424,#9270,#9271);
#7636=AXIS2_PLACEMENT_3D('',#13599,#9272,#9273);
#7637=AXIS2_PLACEMENT_3D('',#13600,#9274,#9275);
#7638=AXIS2_PLACEMENT_3D('',#13601,#9276,#9277);
#7639=AXIS2_PLACEMENT_3D('',#13610,#9282,#9283);
#7640=AXIS2_PLACEMENT_3D('',#13619,#9288,#9289);
#7641=AXIS2_PLACEMENT_3D('',#13625,#9293,#9294);
#7642=AXIS2_PLACEMENT_3D('',#13631,#9298,#9299);
#7643=AXIS2_PLACEMENT_3D('',#13640,#9304,#9305);
#7644=AXIS2_PLACEMENT_3D('',#13649,#9308,#9309);
#7645=AXIS2_PLACEMENT_3D('',#13658,#9312,#9313);
#7646=AXIS2_PLACEMENT_3D('',#13661,#9316,#9317);
#7647=AXIS2_PLACEMENT_3D('',#13664,#9320,#9321);
#7648=AXIS2_PLACEMENT_3D('',#13667,#9324,#9325);
#7649=AXIS2_PLACEMENT_3D('',#13676,#9330,#9331);
#7650=AXIS2_PLACEMENT_3D('',#13682,#9335,#9336);
#7651=AXIS2_PLACEMENT_3D('',#13688,#9340,#9341);
#7652=AXIS2_PLACEMENT_3D('',#13689,#9342,#9343);
#7653=AXIS2_PLACEMENT_3D('',#13693,#9345,#9346);
#7654=AXIS2_PLACEMENT_3D('',#13694,#9347,#9348);
#7655=AXIS2_PLACEMENT_3D('',#13700,#9352,#9353);
#7656=AXIS2_PLACEMENT_3D('',#13706,#9357,#9358);
#7657=AXIS2_PLACEMENT_3D('',#13712,#9362,#9363);
#7658=AXIS2_PLACEMENT_3D('',#13721,#9368,#9369);
#7659=AXIS2_PLACEMENT_3D('',#13727,#9373,#9374);
#7660=AXIS2_PLACEMENT_3D('',#13733,#9378,#9379);
#7661=AXIS2_PLACEMENT_3D('',#13734,#9380,#9381);
#7662=AXIS2_PLACEMENT_3D('',#13735,#9382,#9383);
#7663=AXIS2_PLACEMENT_3D('',#13736,#9384,#9385);
#7664=AXIS2_PLACEMENT_3D('',#13738,#9387,#9388);
#7665=AXIS2_PLACEMENT_3D('',#13740,#9390,#9391);
#7666=AXIS2_PLACEMENT_3D('',#13741,#9392,#9393);
#7667=AXIS2_PLACEMENT_3D('',#13742,#9394,#9395);
#7668=AXIS2_PLACEMENT_3D('',#13743,#9396,#9397);
#7669=AXIS2_PLACEMENT_3D('',#13744,#9398,#9399);
#7670=AXIS2_PLACEMENT_3D('',#13745,#9400,#9401);
#7671=AXIS2_PLACEMENT_3D('',#13746,#9402,#9403);
#7672=AXIS2_PLACEMENT_3D('',#13747,#9404,#9405);
#7673=AXIS2_PLACEMENT_3D('',#13913,#9406,#9407);
#7674=AXIS2_PLACEMENT_3D('',#13914,#9408,#9409);
#7675=AXIS2_PLACEMENT_3D('',#14216,#9410,#9411);
#7676=AXIS2_PLACEMENT_3D('',#14218,#9413,#9414);
#7677=AXIS2_PLACEMENT_3D('',#14220,#9416,#9417);
#7678=AXIS2_PLACEMENT_3D('',#14229,#9422,#9423);
#7679=AXIS2_PLACEMENT_3D('',#14235,#9427,#9428);
#7680=AXIS2_PLACEMENT_3D('',#14238,#9431,#9432);
#7681=AXIS2_PLACEMENT_3D('',#14247,#9437,#9438);
#7682=AXIS2_PLACEMENT_3D('',#14248,#9439,#9440);
#7683=AXIS2_PLACEMENT_3D('',#14252,#9442,#9443);
#7684=AXIS2_PLACEMENT_3D('',#14253,#9444,#9445);
#7685=AXIS2_PLACEMENT_3D('',#14259,#9449,#9450);
#7686=AXIS2_PLACEMENT_3D('',#14268,#9455,#9456);
#7687=AXIS2_PLACEMENT_3D('',#14269,#9457,#9458);
#7688=AXIS2_PLACEMENT_3D('',#14273,#9460,#9461);
#7689=AXIS2_PLACEMENT_3D('',#14274,#9462,#9463);
#7690=AXIS2_PLACEMENT_3D('',#14280,#9467,#9468);
#7691=AXIS2_PLACEMENT_3D('',#14289,#9473,#9474);
#7692=AXIS2_PLACEMENT_3D('',#14290,#9475,#9476);
#7693=AXIS2_PLACEMENT_3D('',#14294,#9478,#9479);
#7694=AXIS2_PLACEMENT_3D('',#14295,#9480,#9481);
#7695=AXIS2_PLACEMENT_3D('',#14301,#9485,#9486);
#7696=AXIS2_PLACEMENT_3D('',#14310,#9491,#9492);
#7697=AXIS2_PLACEMENT_3D('',#14311,#9493,#9494);
#7698=AXIS2_PLACEMENT_3D('',#14315,#9496,#9497);
#7699=AXIS2_PLACEMENT_3D('',#14316,#9498,#9499);
#7700=AXIS2_PLACEMENT_3D('',#14322,#9503,#9504);
#7701=AXIS2_PLACEMENT_3D('',#14331,#9509,#9510);
#7702=AXIS2_PLACEMENT_3D('',#14332,#9511,#9512);
#7703=AXIS2_PLACEMENT_3D('',#14336,#9514,#9515);
#7704=AXIS2_PLACEMENT_3D('',#14337,#9516,#9517);
#7705=AXIS2_PLACEMENT_3D('',#14343,#9521,#9522);
#7706=AXIS2_PLACEMENT_3D('',#14344,#9523,#9524);
#7707=AXIS2_PLACEMENT_3D('',#14345,#9525,#9526);
#7708=AXIS2_PLACEMENT_3D('',#14346,#9527,#9528);
#7709=AXIS2_PLACEMENT_3D('',#14347,#9529,#9530);
#7710=AXIS2_PLACEMENT_3D('',#14348,#9531,#9532);
#7711=AXIS2_PLACEMENT_3D('',#14349,#9533,#9534);
#7712=AXIS2_PLACEMENT_3D('',#14350,#9535,#9536);
#7713=AXIS2_PLACEMENT_3D('',#14351,#9537,#9538);
#7714=AXIS2_PLACEMENT_3D('',#14352,#9539,#9540);
#7715=AXIS2_PLACEMENT_3D('',#14353,#9541,#9542);
#7716=AXIS2_PLACEMENT_3D('',#14354,#9543,#9544);
#7717=AXIS2_PLACEMENT_3D('',#14355,#9545,#9546);
#7718=AXIS2_PLACEMENT_3D('',#14356,#9547,#9548);
#7719=AXIS2_PLACEMENT_3D('',#14357,#9549,#9550);
#7720=AXIS2_PLACEMENT_3D('',#14358,#9551,#9552);
#7721=AXIS2_PLACEMENT_3D('',#14360,#9554,#9555);
#7722=AXIS2_PLACEMENT_3D('',#14362,#9557,#9558);
#7723=AXIS2_PLACEMENT_3D('',#14371,#9563,#9564);
#7724=AXIS2_PLACEMENT_3D('',#14377,#9568,#9569);
#7725=AXIS2_PLACEMENT_3D('',#14383,#9573,#9574);
#7726=AXIS2_PLACEMENT_3D('',#14385,#9576,#9577);
#7727=AXIS2_PLACEMENT_3D('',#14387,#9579,#9580);
#7728=AXIS2_PLACEMENT_3D('',#14388,#9581,#9582);
#7729=AXIS2_PLACEMENT_3D('',#14389,#9583,#9584);
#7730=AXIS2_PLACEMENT_3D('',#14390,#9585,#9586);
#7731=AXIS2_PLACEMENT_3D('',#14391,#9587,#9588);
#7732=AXIS2_PLACEMENT_3D('',#14392,#9589,#9590);
#7733=AXIS2_PLACEMENT_3D('',#14393,#9591,#9592);
#7734=AXIS2_PLACEMENT_3D('',#14394,#9593,#9594);
#7735=AXIS2_PLACEMENT_3D('',#14395,#9595,#9596);
#7736=AXIS2_PLACEMENT_3D('',#14396,#9597,#9598);
#7737=AXIS2_PLACEMENT_3D('',#14398,#9599,#9600);
#7738=AXIS2_PLACEMENT_3D('',#14399,#9601,#9602);
#7739=AXIS2_PLACEMENT_3D('',#14400,#9603,#9604);
#7740=AXIS2_PLACEMENT_3D('',#14402,#9605,#9606);
#7741=DIRECTION('',(0.,0.,1.));
#7742=DIRECTION('',(1.,0.,0.));
#7743=DIRECTION('',(0.,0.94900998295058,0.315246018626945));
#7744=DIRECTION('',(1.,0.,0.));
#7745=DIRECTION('',(1.,0.,0.));
#7746=DIRECTION('',(0.,0.315246018626945,-0.94900998295058));
#7747=DIRECTION('',(1.,0.,0.));
#7748=DIRECTION('',(0.,-0.315246018626945,0.94900998295058));
#7749=DIRECTION('',(0.,-0.315246018626945,0.94900998295058));
#7750=DIRECTION('',(0.,-0.94900998295058,-0.315246018626945));
#7751=DIRECTION('',(0.,-0.315246018626945,0.94900998295058));
#7752=DIRECTION('',(1.,0.,0.));
#7753=DIRECTION('',(0.,0.315246018626945,-0.94900998295058));
#7754=DIRECTION('',(0.,-0.315246018626945,0.94900998295058));
#7755=DIRECTION('',(1.,0.,0.));
#7756=DIRECTION('',(0.,0.893963991871259,-0.448138796844912));
#7757=DIRECTION('',(-1.,0.,0.));
#7758=DIRECTION('',(-1.,0.,0.));
#7759=DIRECTION('',(0.,-0.448138796844511,-0.89396399187146));
#7760=DIRECTION('',(0.,0.448138796844912,0.893963991871259));
#7761=DIRECTION('',(0.,-0.315246018626945,0.94900998295058));
#7762=DIRECTION('',(1.,0.,0.));
#7763=DIRECTION('',(0.,-0.94900998295058,-0.315246018626945));
#7764=DIRECTION('',(0.,-0.315246018626945,0.94900998295058));
#7765=DIRECTION('',(1.,0.,0.));
#7766=DIRECTION('',(-1.,0.,0.));
#7767=DIRECTION('',(0.,-0.315246018626945,0.94900998295058));
#7768=DIRECTION('',(1.,0.,0.));
#7769=DIRECTION('',(0.,0.94900998295058,0.315246018626945));
#7770=DIRECTION('',(0.,-0.315246018626945,0.94900998295058));
#7771=DIRECTION('',(1.,0.,0.));
#7772=DIRECTION('',(0.,-0.315246018626945,0.94900998295058));
#7773=DIRECTION('',(0.,-0.94900998295058,-0.315246018626945));
#7774=DIRECTION('',(0.,-0.315246018626945,0.94900998295058));
#7775=DIRECTION('',(0.,-0.315246018626945,0.94900998295058));
#7776=DIRECTION('',(1.,0.,0.));
#7777=DIRECTION('',(0.,0.315246018626945,-0.94900998295058));
#7778=DIRECTION('',(0.,-0.94900998295058,-0.315246018626945));
#7779=DIRECTION('',(0.,0.315246018626945,-0.94900998295058));
#7780=DIRECTION('',(-1.,0.,0.));
#7781=DIRECTION('',(0.707106781186548,-0.222912597513173,0.671051394358086));
#7782=DIRECTION('',(1.,0.,0.));
#7783=DIRECTION('',(0.,-0.94900998295058,-0.315246018626945));
#7784=DIRECTION('',(0.,-0.94900998295058,-0.315246018626945));
#7785=DIRECTION('',(0.,-0.315246018626945,0.94900998295058));
#7786=DIRECTION('',(0.,0.315246018626945,-0.94900998295058));
#7787=DIRECTION('',(1.,0.,0.));
#7788=DIRECTION('',(0.,0.315246018626945,-0.94900998295058));
#7789=DIRECTION('',(-1.,0.,0.));
#7790=DIRECTION('',(0.707106781186231,0.222912597513273,-0.671051394358386));
#7791=DIRECTION('',(0.,-0.315246018626945,0.94900998295058));
#7792=DIRECTION('',(1.,0.,0.));
#7793=DIRECTION('',(0.,-0.94900998295058,-0.315246018626945));
#7794=DIRECTION('',(0.,0.315246018626945,-0.94900998295058));
#7795=DIRECTION('',(-1.,0.,0.));
#7796=DIRECTION('',(1.,0.,0.));
#7797=DIRECTION('',(0.,0.315246018626945,-0.94900998295058));
#7798=DIRECTION('',(-1.,0.,0.));
#7799=DIRECTION('',(0.,0.94900998295058,0.315246018626945));
#7800=DIRECTION('',(0.,0.94900998295058,0.315246018626945));
#7801=DIRECTION('',(1.,0.,0.));
#7802=DIRECTION('',(0.,0.94900998295058,0.315246018626945));
#7803=DIRECTION('',(1.,0.,0.));
#7804=DIRECTION('',(0.,0.94900998295058,0.315246018626945));
#7805=DIRECTION('',(1.,0.,0.));
#7806=DIRECTION('',(0.,0.94900998295058,0.315246018626945));
#7807=DIRECTION('',(1.,0.,0.));
#7808=DIRECTION('',(0.,0.94900998295058,0.315246018626945));
#7809=DIRECTION('',(1.,0.,0.));
#7810=DIRECTION('',(0.,0.94900998295058,0.315246018626945));
#7811=DIRECTION('',(1.,0.,0.));
#7812=DIRECTION('',(0.,0.94900998295058,0.315246018626945));
#7813=DIRECTION('',(1.,0.,0.));
#7814=DIRECTION('',(0.,0.94900998295058,0.315246018626945));
#7815=DIRECTION('',(1.,0.,0.));
#7816=DIRECTION('',(0.,0.94900998295058,0.315246018626945));
#7817=DIRECTION('',(1.,0.,0.));
#7818=DIRECTION('',(0.,0.94900998295058,0.315246018626945));
#7819=DIRECTION('',(1.,0.,0.));
#7820=DIRECTION('',(-1.,0.,0.));
#7821=DIRECTION('',(0.,0.94900998295058,0.315246018626945));
#7822=DIRECTION('',(0.,0.315246018626945,-0.94900998295058));
#7823=DIRECTION('',(0.,0.94900998295058,0.315246018626945));
#7824=DIRECTION('',(0.,-0.315246018626945,0.94900998295058));
#7825=DIRECTION('',(0.,0.94900998295058,0.315246018626945));
#7826=DIRECTION('',(0.,0.315246018626945,-0.94900998295058));
#7827=DIRECTION('',(0.,-0.315246018626945,0.94900998295058));
#7828=DIRECTION('',(1.,0.,0.));
#7829=DIRECTION('',(0.,-0.315246018626945,0.94900998295058));
#7830=DIRECTION('',(1.,0.,0.));
#7831=DIRECTION('',(0.,-0.315246018626945,0.94900998295058));
#7832=DIRECTION('',(0.,-0.315246018626945,0.94900998295058));
#7833=DIRECTION('',(1.,0.,0.));
#7834=DIRECTION('',(0.,-0.94900998295058,-0.315246018626945));
#7835=DIRECTION('',(-1.,0.,0.));
#7836=DIRECTION('',(-1.,0.,0.));
#7837=DIRECTION('',(0.707106781186548,0.222912597513173,-0.671051394358086));
#7838=DIRECTION('',(0.,0.94900998295058,0.315246018626945));
#7839=DIRECTION('',(-0.707106781186231,0.222912597513273,-0.671051394358386));
#7840=DIRECTION('',(-0.707106781186548,0.222912597513173,-0.671051394358086));
#7841=DIRECTION('',(0.,-0.94900998295058,-0.315246018626945));
#7842=DIRECTION('',(-0.707106781186548,-0.222912597513173,0.671051394358086));
#7843=DIRECTION('',(0.,0.315246018626945,-0.94900998295058));
#7844=DIRECTION('',(-1.,0.,0.));
#7845=DIRECTION('',(0.,-0.893963991871259,0.448138796844912));
#7846=DIRECTION('',(0.,-0.448138796844912,-0.893963991871259));
#7847=DIRECTION('',(1.,0.,0.));
#7848=DIRECTION('',(0.,0.893963991871058,-0.448138796845312));
#7849=DIRECTION('',(0.,0.315246018626945,-0.94900998295058));
#7850=DIRECTION('',(0.,0.94900998295058,0.315246018626945));
#7851=DIRECTION('',(-1.,0.,0.));
#7852=DIRECTION('',(0.,0.94900998295058,0.315246018626945));
#7853=DIRECTION('',(0.,0.315246018626945,-0.94900998295058));
#7854=DIRECTION('',(0.,0.94900998295058,0.315246018626945));
#7855=DIRECTION('',(0.,0.315246018626945,-0.94900998295058));
#7856=DIRECTION('',(0.,-0.94900998295058,-0.315246018626945));
#7857=DIRECTION('',(-1.,0.,0.));
#7858=DIRECTION('',(0.,0.315246018626945,-0.94900998295058));
#7859=DIRECTION('',(1.,0.,0.));
#7860=DIRECTION('',(0.,0.94900998295058,0.315246018626945));
#7861=DIRECTION('',(1.,0.,0.));
#7862=DIRECTION('',(1.,0.,0.));
#7863=DIRECTION('',(0.,0.315246018626945,-0.94900998295058));
#7864=DIRECTION('',(1.,0.,0.));
#7865=DIRECTION('',(0.,-0.94900998295058,-0.315246018626945));
#7866=DIRECTION('',(0.,0.94900998295058,0.315246018626945));
#7867=DIRECTION('',(-1.,0.,0.));
#7868=DIRECTION('',(0.,0.94900998295058,0.315246018626945));
#7869=DIRECTION('',(0.,0.315246018626945,-0.94900998295058));
#7870=DIRECTION('',(0.,0.94900998295058,0.315246018626945));
#7871=DIRECTION('',(0.,0.315246018626945,-0.94900998295058));
#7872=DIRECTION('',(0.,-0.94900998295058,-0.315246018626945));
#7873=DIRECTION('',(-1.,0.,0.));
#7874=DIRECTION('',(0.,0.315246018626945,-0.94900998295058));
#7875=DIRECTION('',(1.,0.,0.));
#7876=DIRECTION('',(0.,0.94900998295058,0.315246018626945));
#7877=DIRECTION('',(1.,0.,0.));
#7878=DIRECTION('',(1.,0.,0.));
#7879=DIRECTION('',(0.,0.315246018626945,-0.94900998295058));
#7880=DIRECTION('',(1.,0.,0.));
#7881=DIRECTION('',(0.,-0.94900998295058,-0.315246018626945));
#7882=DIRECTION('',(0.,0.94900998295058,0.315246018626945));
#7883=DIRECTION('',(-1.,0.,0.));
#7884=DIRECTION('',(0.,0.94900998295058,0.315246018626945));
#7885=DIRECTION('',(0.,0.315246018626945,-0.94900998295058));
#7886=DIRECTION('',(0.,0.94900998295058,0.315246018626945));
#7887=DIRECTION('',(0.,0.315246018626945,-0.94900998295058));
#7888=DIRECTION('',(0.,-0.94900998295058,-0.315246018626945));
#7889=DIRECTION('',(-1.,0.,0.));
#7890=DIRECTION('',(0.,0.315246018626945,-0.94900998295058));
#7891=DIRECTION('',(1.,0.,0.));
#7892=DIRECTION('',(0.,0.94900998295058,0.315246018626945));
#7893=DIRECTION('',(1.,0.,0.));
#7894=DIRECTION('',(1.,0.,0.));
#7895=DIRECTION('',(0.,0.315246018626945,-0.94900998295058));
#7896=DIRECTION('',(1.,0.,0.));
#7897=DIRECTION('',(0.,-0.94900998295058,-0.315246018626945));
#7898=DIRECTION('',(0.,0.94900998295058,0.315246018626945));
#7899=DIRECTION('',(-1.,0.,0.));
#7900=DIRECTION('',(0.,0.94900998295058,0.315246018626945));
#7901=DIRECTION('',(0.,0.315246018626945,-0.94900998295058));
#7902=DIRECTION('',(0.,0.94900998295058,0.315246018626945));
#7903=DIRECTION('',(0.,0.315246018626945,-0.94900998295058));
#7904=DIRECTION('',(0.,-0.94900998295058,-0.315246018626945));
#7905=DIRECTION('',(-1.,0.,0.));
#7906=DIRECTION('',(0.,0.315246018626945,-0.94900998295058));
#7907=DIRECTION('',(1.,0.,0.));
#7908=DIRECTION('',(1.,0.,0.));
#7909=DIRECTION('',(0.,-0.94900998295058,-0.315246018626945));
#7910=DIRECTION('',(0.,0.315246018626945,-0.94900998295058));
#7911=DIRECTION('',(0.,0.94900998295058,0.315246018626945));
#7912=DIRECTION('',(0.,0.94900998295058,0.315246018626945));
#7913=DIRECTION('',(1.,0.,0.));
#7914=DIRECTION('',(1.,0.,0.));
#7915=DIRECTION('',(-1.,0.,0.));
#7916=DIRECTION('',(0.,0.94900998295058,0.315246018626945));
#7917=DIRECTION('',(0.,0.94900998295058,0.315246018626945));
#7918=DIRECTION('',(0.,0.315246018626945,-0.94900998295058));
#7919=DIRECTION('',(0.,0.315246018626945,-0.94900998295058));
#7920=DIRECTION('',(0.,-0.94900998295058,-0.315246018626945));
#7921=DIRECTION('',(-1.,0.,0.));
#7922=DIRECTION('',(1.,0.,0.));
#7923=DIRECTION('',(0.,0.315246018626945,-0.94900998295058));
#7924=DIRECTION('',(0.,0.94900998295058,0.315246018626945));
#7925=DIRECTION('',(1.,0.,0.));
#7926=DIRECTION('',(1.,0.,0.));
#7927=DIRECTION('',(0.,0.315246018626945,-0.94900998295058));
#7928=DIRECTION('',(1.,0.,0.));
#7929=DIRECTION('',(0.,-0.94900998295058,-0.315246018626945));
#7930=DIRECTION('',(0.,0.94900998295058,0.315246018626945));
#7931=DIRECTION('',(0.,-0.315246018626945,0.94900998295058));
#7932=DIRECTION('',(1.,0.,0.));
#7933=DIRECTION('',(0.,-0.315246018626945,0.94900998295058));
#7934=DIRECTION('',(1.,0.,0.));
#7935=DIRECTION('',(0.,-0.315246018626945,0.94900998295058));
#7936=DIRECTION('',(1.,0.,0.));
#7937=DIRECTION('',(0.,-0.315246018626945,0.94900998295058));
#7938=DIRECTION('',(1.,0.,0.));
#7939=DIRECTION('',(0.,-0.315246018626945,0.94900998295058));
#7940=DIRECTION('',(1.,0.,0.));
#7941=DIRECTION('',(0.,0.,1.));
#7942=DIRECTION('',(1.,0.,0.));
#7943=DIRECTION('',(1.,2.41352831440252E-16,0.));
#7944=DIRECTION('',(-2.41352831440252E-16,1.,0.));
#7945=DIRECTION('',(0.,1.,0.));
#7946=DIRECTION('',(0.,0.,1.));
#7947=DIRECTION('',(-2.41352831440252E-16,1.,0.));
#7948=DIRECTION('',(0.,0.,1.));
#7949=DIRECTION('',(-2.31296463463574E-16,1.,0.));
#7950=DIRECTION('',(-1.,-2.31296463463574E-16,0.));
#7951=DIRECTION('',(1.,0.,0.));
#7952=DIRECTION('',(0.,0.,1.));
#7953=DIRECTION('',(-1.,-2.31296463463574E-16,0.));
#7954=DIRECTION('',(0.,0.,1.));
#7955=DIRECTION('',(-1.,-2.41352831440252E-16,0.));
#7956=DIRECTION('',(2.41352831440252E-16,-1.,0.));
#7957=DIRECTION('',(2.41352831440252E-16,-1.,0.));
#7958=DIRECTION('',(0.,0.,1.));
#7959=DIRECTION('',(0.,1.,0.));
#7960=DIRECTION('',(0.,0.,1.));
#7961=DIRECTION('',(0.,0.,1.));
#7962=DIRECTION('',(1.,0.,0.));
#7963=DIRECTION('',(0.,0.,1.));
#7964=DIRECTION('',(1.,0.,0.));
#7965=DIRECTION('',(0.,0.,1.));
#7966=DIRECTION('',(1.,0.,0.));
#7967=DIRECTION('',(0.,0.,1.));
#7968=DIRECTION('',(1.,0.,0.));
#7969=DIRECTION('',(0.,0.,1.));
#7970=DIRECTION('',(1.,0.,0.));
#7971=DIRECTION('',(0.,0.,1.));
#7972=DIRECTION('',(1.,0.,0.));
#7973=DIRECTION('',(0.,0.,1.));
#7974=DIRECTION('',(1.,0.,0.));
#7975=DIRECTION('',(0.,0.,1.));
#7976=DIRECTION('',(1.,0.,0.));
#7977=DIRECTION('',(0.,0.,1.));
#7978=DIRECTION('',(1.,0.,0.));
#7979=DIRECTION('',(0.,0.,1.));
#7980=DIRECTION('',(1.,0.,0.));
#7981=DIRECTION('',(0.,0.,1.));
#7982=DIRECTION('',(1.,0.,0.));
#7983=DIRECTION('',(0.,0.,1.));
#7984=DIRECTION('',(1.,0.,0.));
#7985=DIRECTION('',(0.,0.,1.));
#7986=DIRECTION('',(1.,0.,0.));
#7987=DIRECTION('',(0.,0.,1.));
#7988=DIRECTION('',(1.,0.,0.));
#7989=DIRECTION('',(0.,0.,1.));
#7990=DIRECTION('',(1.,0.,0.));
#7991=DIRECTION('',(0.,0.,1.));
#7992=DIRECTION('',(1.,0.,0.));
#7993=DIRECTION('',(0.,0.,1.));
#7994=DIRECTION('',(1.,0.,0.));
#7995=DIRECTION('',(0.,0.,1.));
#7996=DIRECTION('',(1.,0.,0.));
#7997=DIRECTION('',(0.,0.,1.));
#7998=DIRECTION('',(1.,0.,0.));
#7999=DIRECTION('',(0.,0.,1.));
#8000=DIRECTION('',(1.,0.,0.));
#8001=DIRECTION('',(0.,0.,1.));
#8002=DIRECTION('',(1.,0.,0.));
#8003=DIRECTION('',(0.,0.,1.));
#8004=DIRECTION('',(1.,0.,0.));
#8005=DIRECTION('',(0.,0.,1.));
#8006=DIRECTION('',(1.,0.,0.));
#8007=DIRECTION('',(0.,0.,1.));
#8008=DIRECTION('',(1.,0.,0.));
#8009=DIRECTION('',(0.,0.,1.));
#8010=DIRECTION('',(1.,0.,0.));
#8011=DIRECTION('',(0.,0.,1.));
#8012=DIRECTION('',(1.,0.,0.));
#8013=DIRECTION('',(0.,0.,1.));
#8014=DIRECTION('',(1.,0.,0.));
#8015=DIRECTION('',(0.,0.,1.));
#8016=DIRECTION('',(1.,0.,0.));
#8017=DIRECTION('',(0.,0.,1.));
#8018=DIRECTION('',(1.,0.,0.));
#8019=DIRECTION('',(0.,0.,1.));
#8020=DIRECTION('',(1.,0.,0.));
#8021=DIRECTION('',(0.,-1.,0.));
#8022=DIRECTION('',(1.,0.,0.));
#8023=DIRECTION('',(1.,0.,0.));
#8024=DIRECTION('',(0.,0.,1.));
#8025=DIRECTION('',(1.,0.,0.));
#8026=DIRECTION('',(0.,0.,1.));
#8027=DIRECTION('',(0.,0.,1.));
#8028=DIRECTION('',(1.,0.,0.));
#8029=DIRECTION('',(0.,0.,1.));
#8030=DIRECTION('',(1.,0.,0.));
#8031=DIRECTION('',(0.,0.,1.));
#8032=DIRECTION('',(1.,0.,0.));
#8033=DIRECTION('',(0.,0.,1.));
#8034=DIRECTION('',(1.,0.,0.));
#8035=DIRECTION('',(0.,0.,1.));
#8036=DIRECTION('',(1.,0.,0.));
#8037=DIRECTION('',(0.,0.,1.));
#8038=DIRECTION('',(1.,0.,0.));
#8039=DIRECTION('',(0.,0.,1.));
#8040=DIRECTION('',(1.,0.,0.));
#8041=DIRECTION('',(0.,0.,1.));
#8042=DIRECTION('',(1.,0.,0.));
#8043=DIRECTION('',(0.,0.,1.));
#8044=DIRECTION('',(1.,0.,0.));
#8045=DIRECTION('',(0.,0.,1.));
#8046=DIRECTION('',(1.,0.,0.));
#8047=DIRECTION('',(0.,0.,1.));
#8048=DIRECTION('',(1.,0.,0.));
#8049=DIRECTION('',(0.,0.,1.));
#8050=DIRECTION('',(1.,0.,0.));
#8051=DIRECTION('',(0.,0.,1.));
#8052=DIRECTION('',(1.,0.,0.));
#8053=DIRECTION('',(0.,0.,1.));
#8054=DIRECTION('',(1.,0.,0.));
#8055=DIRECTION('',(0.,0.,1.));
#8056=DIRECTION('',(1.,0.,0.));
#8057=DIRECTION('',(0.,0.,1.));
#8058=DIRECTION('',(1.,0.,0.));
#8059=DIRECTION('',(0.,0.,1.));
#8060=DIRECTION('',(1.,0.,0.));
#8061=DIRECTION('',(0.,0.,1.));
#8062=DIRECTION('',(1.,0.,0.));
#8063=DIRECTION('',(0.,0.,-1.));
#8064=DIRECTION('',(-1.,0.,0.));
#8065=DIRECTION('',(0.,0.,-1.));
#8066=DIRECTION('',(-1.,0.,0.));
#8067=DIRECTION('',(0.,0.,-1.));
#8068=DIRECTION('',(-1.,0.,0.));
#8069=DIRECTION('',(0.,0.,-1.));
#8070=DIRECTION('',(-1.,0.,0.));
#8071=DIRECTION('',(0.,0.,1.));
#8072=DIRECTION('',(1.,0.,0.));
#8073=DIRECTION('',(0.,0.,1.));
#8074=DIRECTION('',(1.,0.,0.));
#8075=DIRECTION('',(0.,0.,1.));
#8076=DIRECTION('',(1.,0.,0.));
#8077=DIRECTION('',(0.,0.,1.));
#8078=DIRECTION('',(1.,0.,0.));
#8079=DIRECTION('',(0.,0.,1.));
#8080=DIRECTION('',(1.,0.,0.));
#8081=DIRECTION('',(0.,-0.94900998295058,-0.315246018626945));
#8082=DIRECTION('',(1.,0.,0.));
#8083=DIRECTION('',(1.,0.,0.));
#8084=DIRECTION('',(0.,-0.315246018626945,0.94900998295058));
#8085=DIRECTION('',(1.,0.,0.));
#8086=DIRECTION('',(0.,0.315246018626945,-0.94900998295058));
#8087=DIRECTION('',(0.,-0.315246018626945,0.94900998295058));
#8088=DIRECTION('',(1.,0.,0.));
#8089=DIRECTION('',(0.,0.315246018626945,-0.94900998295058));
#8090=DIRECTION('',(-1.,0.,0.));
#8091=DIRECTION('',(0.,0.94900998295058,0.315246018626945));
#8092=DIRECTION('',(0.,0.315246018626945,-0.94900998295058));
#8093=DIRECTION('',(-1.,0.,0.));
#8094=DIRECTION('',(1.,0.,0.));
#8095=DIRECTION('',(0.,0.315246018626945,-0.94900998295058));
#8096=DIRECTION('',(-1.,0.,0.));
#8097=DIRECTION('',(0.,0.94900998295058,0.315246018626945));
#8098=DIRECTION('',(0.,0.315246018626945,-0.94900998295058));
#8099=DIRECTION('',(-1.,0.,0.));
#8100=DIRECTION('',(0.,0.315246018626945,-0.94900998295058));
#8101=DIRECTION('',(0.,-0.94900998295058,-0.315246018626945));
#8102=DIRECTION('',(0.,0.315246018626945,-0.94900998295058));
#8103=DIRECTION('',(0.,0.315246018626945,-0.94900998295058));
#8104=DIRECTION('',(-1.,0.,0.));
#8105=DIRECTION('',(0.,0.315246018626945,-0.94900998295058));
#8106=DIRECTION('',(0.,-0.94900998295058,-0.315246018626945));
#8107=DIRECTION('',(0.,0.315246018626945,-0.94900998295058));
#8108=DIRECTION('',(-1.,0.,0.));
#8109=DIRECTION('',(0.,-0.315246018626945,0.94900998295058));
#8110=DIRECTION('',(0.,-0.315246018626945,0.94900998295058));
#8111=DIRECTION('',(1.,0.,0.));
#8112=DIRECTION('',(0.,-0.94900998295058,-0.315246018626945));
#8113=DIRECTION('',(0.,0.315246018626945,-0.94900998295058));
#8114=DIRECTION('',(-1.,0.,0.));
#8115=DIRECTION('',(-1.,0.,0.));
#8116=DIRECTION('',(0.,0.315246018626945,-0.94900998295058));
#8117=DIRECTION('',(-1.,0.,0.));
#8118=DIRECTION('',(0.,0.94900998295058,0.315246018626945));
#8119=DIRECTION('',(-1.,0.,0.));
#8120=DIRECTION('',(0.,-0.94900998295058,-0.315246018626945));
#8121=DIRECTION('',(0.,-0.315246018626945,0.94900998295058));
#8122=DIRECTION('',(1.,0.,0.));
#8123=DIRECTION('',(0.,0.94900998295058,0.315246018626945));
#8124=DIRECTION('',(0.,0.315246018626945,-0.94900998295058));
#8125=DIRECTION('',(0.,0.315246018626945,-0.94900998295058));
#8126=DIRECTION('',(0.,0.94900998295058,0.315246018626945));
#8127=DIRECTION('',(0.,0.315246018626945,-0.94900998295058));
#8128=DIRECTION('',(0.,0.315246018626945,-0.94900998295058));
#8129=DIRECTION('',(1.,0.,0.));
#8130=DIRECTION('',(0.,-0.315246018626945,0.94900998295058));
#8131=DIRECTION('',(0.,0.94900998295058,0.315246018626945));
#8132=DIRECTION('',(-1.,0.,0.));
#8133=DIRECTION('',(0.,0.,1.));
#8134=DIRECTION('',(1.,0.,0.));
#8135=DIRECTION('',(0.,-0.94900998295058,-0.315246018626945));
#8136=DIRECTION('',(1.,0.,0.));
#8137=DIRECTION('',(1.,0.,0.));
#8138=DIRECTION('',(0.,-0.315246018626945,0.94900998295058));
#8139=DIRECTION('',(1.,0.,0.));
#8140=DIRECTION('',(0.,0.315246018626945,-0.94900998295058));
#8141=DIRECTION('',(0.,-0.315246018626945,0.94900998295058));
#8142=DIRECTION('',(1.,0.,0.));
#8143=DIRECTION('',(0.,0.315246018626945,-0.94900998295058));
#8144=DIRECTION('',(-1.,0.,0.));
#8145=DIRECTION('',(0.,0.94900998295058,0.315246018626945));
#8146=DIRECTION('',(0.,0.315246018626945,-0.94900998295058));
#8147=DIRECTION('',(-1.,0.,0.));
#8148=DIRECTION('',(1.,0.,0.));
#8149=DIRECTION('',(0.,0.315246018626945,-0.94900998295058));
#8150=DIRECTION('',(-1.,0.,0.));
#8151=DIRECTION('',(0.,0.94900998295058,0.315246018626945));
#8152=DIRECTION('',(0.,0.315246018626945,-0.94900998295058));
#8153=DIRECTION('',(-1.,0.,0.));
#8154=DIRECTION('',(1.,0.,0.));
#8155=DIRECTION('',(0.,0.315246018626945,-0.94900998295058));
#8156=DIRECTION('',(-1.,0.,0.));
#8157=DIRECTION('',(0.,-0.94900998295058,-0.315246018626945));
#8158=DIRECTION('',(0.,0.315246018626945,-0.94900998295058));
#8159=DIRECTION('',(-1.,0.,0.));
#8160=DIRECTION('',(-1.,0.,0.));
#8161=DIRECTION('',(0.,0.315246018626945,-0.94900998295058));
#8162=DIRECTION('',(-1.,0.,0.));
#8163=DIRECTION('',(0.,0.94900998295058,0.315246018626945));
#8164=DIRECTION('',(0.,0.315246018626945,-0.94900998295058));
#8165=DIRECTION('',(-1.,0.,0.));
#8166=DIRECTION('',(0.,0.315246018626945,-0.94900998295058));
#8167=DIRECTION('',(0.,-0.94900998295058,-0.315246018626945));
#8168=DIRECTION('',(0.,0.315246018626945,-0.94900998295058));
#8169=DIRECTION('',(0.,0.315246018626945,-0.94900998295058));
#8170=DIRECTION('',(-1.,0.,0.));
#8171=DIRECTION('',(0.,0.315246018626945,-0.94900998295058));
#8172=DIRECTION('',(0.,-0.94900998295058,-0.315246018626945));
#8173=DIRECTION('',(0.,0.315246018626945,-0.94900998295058));
#8174=DIRECTION('',(-1.,0.,0.));
#8175=DIRECTION('',(0.,-0.315246018626945,0.94900998295058));
#8176=DIRECTION('',(0.,-0.315246018626945,0.94900998295058));
#8177=DIRECTION('',(1.,0.,0.));
#8178=DIRECTION('',(0.,-0.94900998295058,-0.315246018626945));
#8179=DIRECTION('',(0.,0.315246018626945,-0.94900998295058));
#8180=DIRECTION('',(-1.,0.,0.));
#8181=DIRECTION('',(-1.,0.,0.));
#8182=DIRECTION('',(0.,0.315246018626945,-0.94900998295058));
#8183=DIRECTION('',(-1.,0.,0.));
#8184=DIRECTION('',(0.,0.94900998295058,0.315246018626945));
#8185=DIRECTION('',(0.,0.315246018626945,-0.94900998295058));
#8186=DIRECTION('',(-1.,0.,0.));
#8187=DIRECTION('',(0.,0.94900998295058,0.315246018626945));
#8188=DIRECTION('',(0.,0.315246018626945,-0.94900998295058));
#8189=DIRECTION('',(-1.,0.,0.));
#8190=DIRECTION('',(1.,0.,0.));
#8191=DIRECTION('',(0.,0.315246018626945,-0.94900998295058));
#8192=DIRECTION('',(-1.,0.,0.));
#8193=DIRECTION('',(0.,0.94900998295058,0.315246018626945));
#8194=DIRECTION('',(0.,0.315246018626945,-0.94900998295058));
#8195=DIRECTION('',(-1.,0.,0.));
#8196=DIRECTION('',(1.,0.,0.));
#8197=DIRECTION('',(-1.,0.,0.));
#8198=DIRECTION('',(0.,-0.94900998295058,-0.315246018626945));
#8199=DIRECTION('',(0.,-0.315246018626945,0.94900998295058));
#8200=DIRECTION('',(1.,0.,0.));
#8201=DIRECTION('',(0.,0.94900998295058,0.315246018626945));
#8202=DIRECTION('',(0.,0.315246018626945,-0.94900998295058));
#8203=DIRECTION('',(0.,0.315246018626945,-0.94900998295058));
#8204=DIRECTION('',(0.,0.94900998295058,0.315246018626945));
#8205=DIRECTION('',(0.,0.315246018626945,-0.94900998295058));
#8206=DIRECTION('',(0.,0.315246018626945,-0.94900998295058));
#8207=DIRECTION('',(1.,0.,0.));
#8208=DIRECTION('',(0.,-0.315246018626945,0.94900998295058));
#8209=DIRECTION('',(0.,0.94900998295058,0.315246018626945));
#8210=DIRECTION('',(-1.,0.,0.));
#8211=DIRECTION('',(0.,-0.94900998295058,-0.315246018626945));
#8212=DIRECTION('',(1.,0.,0.));
#8213=DIRECTION('',(0.,-0.315246018626945,0.94900998295058));
#8214=DIRECTION('',(0.,0.315246018626945,-0.94900998295058));
#8215=DIRECTION('',(0.,0.315246018626945,-0.94900998295058));
#8216=DIRECTION('',(0.,-0.94900998295058,-0.315246018626945));
#8217=DIRECTION('',(0.,0.315246018626945,-0.94900998295058));
#8218=DIRECTION('',(1.,0.,0.));
#8219=DIRECTION('',(0.,0.94900998295058,0.315246018626945));
#8220=DIRECTION('',(0.,-0.315246018626945,0.94900998295058));
#8221=DIRECTION('',(0.,0.315246018626945,-0.94900998295058));
#8222=DIRECTION('',(1.,0.,0.));
#8223=DIRECTION('',(0.,0.315246018626945,-0.94900998295058));
#8224=DIRECTION('',(0.,0.94900998295058,0.315246018626945));
#8225=DIRECTION('',(-1.,0.,0.));
#8226=DIRECTION('',(0.,-0.315246018626945,0.94900998295058));
#8227=DIRECTION('',(0.,0.315246018626945,-0.94900998295058));
#8228=DIRECTION('',(0.,0.94900998295058,0.315246018626945));
#8229=DIRECTION('',(0.,0.315246018626945,-0.94900998295058));
#8230=DIRECTION('',(-1.,0.,0.));
#8231=DIRECTION('',(0.,-0.94900998295058,-0.315246018626945));
#8232=DIRECTION('',(0.,-0.315246018626945,0.94900998295058));
#8233=DIRECTION('',(0.,0.315246018626945,-0.94900998295058));
#8234=DIRECTION('',(0.,-0.94900998295058,-0.315246018626945));
#8235=DIRECTION('',(0.,0.,1.));
#8236=DIRECTION('',(1.,0.,0.));
#8237=DIRECTION('',(-1.,0.,0.));
#8238=DIRECTION('',(0.,1.,1.20676415720126E-16));
#8239=DIRECTION('',(0.,-1.20676415720126E-16,1.));
#8240=DIRECTION('',(0.,1.,1.20676415720126E-16));
#8241=DIRECTION('',(0.,-1.20676415720126E-16,1.));
#8242=DIRECTION('',(0.,1.,1.20676415720126E-16));
#8243=DIRECTION('',(1.7347234759768E-16,-1.,-1.20676415720126E-16));
#8244=DIRECTION('',(-1.,-1.7347234759768E-16,-2.09340211346439E-32));
#8245=DIRECTION('',(-1.,-1.7347234759768E-16,-2.09340211346439E-32));
#8246=DIRECTION('',(0.,-1.20676415720126E-16,1.));
#8247=DIRECTION('',(1.,0.,0.));
#8248=DIRECTION('',(-1.,0.,0.));
#8249=DIRECTION('',(0.,1.,1.20676415720126E-16));
#8250=DIRECTION('',(0.,1.,1.20676415720126E-16));
#8251=DIRECTION('',(0.,-1.20676415720126E-16,1.));
#8252=DIRECTION('',(0.,1.,1.20676415720126E-16));
#8253=DIRECTION('',(1.7347234759768E-16,-1.,-1.20676415720126E-16));
#8254=DIRECTION('',(-1.,-1.7347234759768E-16,-2.09340211346439E-32));
#8255=DIRECTION('',(-1.,-1.7347234759768E-16,-2.09340211346439E-32));
#8256=DIRECTION('',(1.,0.,0.));
#8257=DIRECTION('',(0.,1.20676415720126E-16,-1.));
#8258=DIRECTION('',(0.,1.,1.20676415720126E-16));
#8259=DIRECTION('',(0.,1.,1.20676415720126E-16));
#8260=DIRECTION('',(0.70710678118627,-0.707106781186825,-8.53311118850213E-17));
#8261=DIRECTION('',(-1.,0.,0.));
#8262=DIRECTION('',(0.707106781186617,0.707106781186478,-1.06600517066209E-16));
#8263=DIRECTION('',(0.,-1.,-1.20676415720126E-16));
#8264=DIRECTION('',(-0.707106781186548,0.707106781186548,2.1396002658175E-16));
#8265=DIRECTION('',(1.,0.,0.));
#8266=DIRECTION('',(-0.707106781186548,-0.707106781186548,-8.53311118849878E-17));
#8267=DIRECTION('',(0.,1.20676415720126E-16,-1.));
#8268=DIRECTION('',(0.,1.,1.20676415720126E-16));
#8269=DIRECTION('',(0.70710678118627,-0.707106781186825,-8.53311118850213E-17));
#8270=DIRECTION('',(0.,1.,1.20676415720126E-16));
#8271=DIRECTION('',(-0.707106781186548,-0.707106781186548,-8.53311118849878E-17));
#8272=DIRECTION('',(1.,0.,0.));
#8273=DIRECTION('',(-0.707106781186548,0.707106781186548,8.53311118849878E-17));
#8274=DIRECTION('',(0.,-1.,-1.20676415720126E-16));
#8275=DIRECTION('',(0.707106781186617,0.707106781186478,8.53311118849794E-17));
#8276=DIRECTION('',(-1.,0.,0.));
#8277=DIRECTION('',(-0.707106781186478,0.707106781186617,2.20502078492922E-16));
#8278=DIRECTION('',(0.707106781186617,0.707106781186478,1.13711443056592E-16));
#8279=DIRECTION('',(-0.707106781186548,-0.707106781186548,-1.27364420958201E-16));
#8280=DIRECTION('',(-0.707106781186548,0.707106781186548,1.13711443056603E-16));
#8281=DIRECTION('',(0.707106781186548,-0.707106781186548,-8.53311118849878E-17));
#8282=DIRECTION('',(-0.707106781186548,-0.707106781186548,-1.13711443056603E-16));
#8283=DIRECTION('',(0.707106781186825,0.70710678118627,8.53311118849543E-17));
#8284=DIRECTION('',(0.70710678118627,-0.707106781186825,-1.13711443056647E-16));
#8285=DIRECTION('',(-1.,0.,2.31296463463574E-16));
#8286=DIRECTION('',(1.6355129777956E-16,-0.707106781186548,0.707106781186547));
#8287=DIRECTION('',(-1.,0.,0.));
#8288=DIRECTION('',(-1.,0.,2.31296463463574E-16));
#8289=DIRECTION('',(1.6355129777956E-16,-0.707106781186548,0.707106781186547));
#8290=DIRECTION('',(-1.,0.,0.));
#8291=DIRECTION('',(-1.,0.,0.));
#8292=DIRECTION('',(0.,0.707106781186548,0.707106781186548));
#8293=DIRECTION('',(-1.,0.,0.));
#8294=DIRECTION('',(-1.,0.,0.));
#8295=DIRECTION('',(0.,0.707106781186548,0.707106781186548));
#8296=DIRECTION('',(-1.,0.,0.));
#8297=DIRECTION('',(-1.,0.,0.));
#8298=DIRECTION('',(0.,2.41352831440252E-16,-1.));
#8299=DIRECTION('',(0.,2.41352831440252E-16,-1.));
#8300=DIRECTION('',(0.,2.41352831440252E-16,-1.));
#8301=DIRECTION('',(-1.,0.,0.));
#8302=DIRECTION('',(0.,2.41352831440252E-16,-1.));
#8303=DIRECTION('',(0.,-2.41352831440252E-16,1.));
#8304=DIRECTION('',(0.,-2.41352831440252E-16,1.));
#8305=DIRECTION('',(0.,-1.,-2.41352831440252E-16));
#8306=DIRECTION('',(0.,2.41352831440252E-16,-1.));
#8307=DIRECTION('',(0.,-1.,-2.41352831440252E-16));
#8308=DIRECTION('',(0.,2.41352831440252E-16,-1.));
#8309=DIRECTION('',(0.,-1.,-2.41352831440252E-16));
#8310=DIRECTION('',(0.,2.41352831440252E-16,-1.));
#8311=DIRECTION('',(0.,-1.,-2.41352831440252E-16));
#8312=DIRECTION('',(0.,2.41352831440252E-16,-1.));
#8313=DIRECTION('',(0.,-1.,-2.41352831440252E-16));
#8314=DIRECTION('',(0.,2.41352831440252E-16,-1.));
#8315=DIRECTION('',(0.,-1.,-2.41352831440252E-16));
#8316=DIRECTION('',(0.,2.41352831440252E-16,-1.));
#8317=DIRECTION('',(0.,-1.,-2.41352831440252E-16));
#8318=DIRECTION('',(0.,2.41352831440252E-16,-1.));
#8319=DIRECTION('',(0.,-1.,-2.41352831440252E-16));
#8320=DIRECTION('',(0.,2.41352831440252E-16,-1.));
#8321=DIRECTION('',(0.,-1.,-2.41352831440252E-16));
#8322=DIRECTION('',(0.,2.41352831440252E-16,-1.));
#8323=DIRECTION('',(0.,-1.,-2.41352831440252E-16));
#8324=DIRECTION('',(0.,2.41352831440252E-16,-1.));
#8325=DIRECTION('',(0.,-1.,-2.41352831440252E-16));
#8326=DIRECTION('',(0.,2.41352831440252E-16,-1.));
#8327=DIRECTION('',(0.,-1.,-2.41352831440252E-16));
#8328=DIRECTION('',(0.,2.41352831440252E-16,-1.));
#8329=DIRECTION('',(0.,-1.,-2.41352831440252E-16));
#8330=DIRECTION('',(1.,0.,0.));
#8331=DIRECTION('',(0.,-1.,0.));
#8332=DIRECTION('',(0.,0.,-1.));
#8333=DIRECTION('',(0.,-1.,0.));
#8334=DIRECTION('',(0.,0.,-1.));
#8335=DIRECTION('',(1.,0.,0.));
#8336=DIRECTION('',(0.,-1.,-2.41352831440252E-16));
#8337=DIRECTION('',(1.,0.,0.));
#8338=DIRECTION('',(0.,-1.,-2.41352831440252E-16));
#8339=DIRECTION('',(0.,2.41352831440252E-16,-1.));
#8340=DIRECTION('',(0.,-1.,-2.41352831440252E-16));
#8341=DIRECTION('',(0.,2.41352831440252E-16,-1.));
#8342=DIRECTION('',(1.,0.,0.));
#8343=DIRECTION('',(0.,-1.,0.));
#8344=DIRECTION('',(0.,0.,-1.));
#8345=DIRECTION('',(0.,-1.,0.));
#8346=DIRECTION('',(0.,0.,-1.));
#8347=DIRECTION('',(0.,-1.,0.));
#8348=DIRECTION('',(-1.,0.,0.));
#8349=DIRECTION('',(0.,0.,-1.));
#8350=DIRECTION('',(-1.,0.,0.));
#8351=DIRECTION('',(0.,0.,-1.));
#8352=DIRECTION('',(-1.,0.,0.));
#8353=DIRECTION('',(-0.707106781186548,-0.707106781186547,0.));
#8354=DIRECTION('',(-0.707106781186547,0.707106781186548,0.));
#8355=DIRECTION('',(0.707106781186547,-0.707106781186548,0.));
#8356=DIRECTION('',(0.707106781186547,-0.707106781186548,0.));
#8357=DIRECTION('',(0.,0.,-1.));
#8358=DIRECTION('',(-1.,0.,0.));
#8359=DIRECTION('',(0.,0.,-1.));
#8360=DIRECTION('',(-1.,0.,0.));
#8361=DIRECTION('',(0.,0.,-1.));
#8362=DIRECTION('',(-1.,0.,0.));
#8363=DIRECTION('',(0.,0.,-1.));
#8364=DIRECTION('',(-1.,0.,0.));
#8365=DIRECTION('',(0.,0.,-1.));
#8366=DIRECTION('',(-1.,0.,0.));
#8367=DIRECTION('',(0.,0.,-1.));
#8368=DIRECTION('',(-1.,0.,0.));
#8369=DIRECTION('',(0.,0.,-1.));
#8370=DIRECTION('',(-1.,0.,0.));
#8371=DIRECTION('',(0.,0.,-1.));
#8372=DIRECTION('',(-1.,0.,0.));
#8373=DIRECTION('',(0.,0.,-1.));
#8374=DIRECTION('',(-1.,0.,0.));
#8375=DIRECTION('',(0.707106781186548,-0.707106781186547,0.));
#8376=DIRECTION('',(-0.707106781186547,-0.707106781186548,0.));
#8377=DIRECTION('',(0.707106781186547,0.707106781186548,0.));
#8378=DIRECTION('',(0.707106781186547,0.707106781186548,0.));
#8379=DIRECTION('',(0.,0.,-1.));
#8380=DIRECTION('',(-1.,0.,0.));
#8381=DIRECTION('',(-1.,0.,0.));
#8382=DIRECTION('',(0.,0.,-1.));
#8383=DIRECTION('',(-1.,0.,0.));
#8384=DIRECTION('',(-1.,0.,0.));
#8385=DIRECTION('',(-1.,-5.78241158658936E-17,0.));
#8386=DIRECTION('',(4.08878244448899E-17,-0.707106781186548,-0.707106781186548));
#8387=DIRECTION('',(-1.,-5.78241158658936E-17,0.));
#8388=DIRECTION('',(4.08878244448899E-17,-0.707106781186548,-0.707106781186548));
#8389=DIRECTION('',(1.,0.,0.));
#8390=DIRECTION('',(0.,0.,1.));
#8391=DIRECTION('',(0.,0.,-1.));
#8392=DIRECTION('',(0.,0.,-1.));
#8393=DIRECTION('',(1.,0.,0.));
#8394=DIRECTION('',(0.,0.,1.));
#8395=DIRECTION('',(0.,0.,1.));
#8396=DIRECTION('',(0.,0.,1.));
#8397=DIRECTION('',(0.,-1.,0.));
#8398=DIRECTION('',(0.,0.,-1.));
#8399=DIRECTION('',(1.,0.,0.));
#8400=DIRECTION('',(0.,-1.,0.));
#8401=DIRECTION('',(0.,0.,-1.));
#8402=DIRECTION('',(1.,0.,0.));
#8403=DIRECTION('',(0.,1.,0.));
#8404=DIRECTION('',(1.,0.,0.));
#8405=DIRECTION('',(0.,0.,-1.));
#8406=DIRECTION('',(1.,0.,0.));
#8407=DIRECTION('',(0.,0.,-1.));
#8408=DIRECTION('',(-1.,0.,0.));
#8409=DIRECTION('',(0.707106781186548,0.707106781186547,0.));
#8410=DIRECTION('',(0.707106781186547,-0.707106781186548,0.));
#8411=DIRECTION('',(-0.707106781186547,0.707106781186548,0.));
#8412=DIRECTION('',(-0.707106781186547,0.707106781186548,0.));
#8413=DIRECTION('',(0.,0.,-1.));
#8414=DIRECTION('',(-1.,0.,0.));
#8415=DIRECTION('',(0.,0.,-1.));
#8416=DIRECTION('',(-1.,0.,0.));
#8417=DIRECTION('',(0.,0.,-1.));
#8418=DIRECTION('',(-1.,0.,0.));
#8419=DIRECTION('',(0.,0.,-1.));
#8420=DIRECTION('',(-1.,0.,0.));
#8421=DIRECTION('',(0.,0.,-1.));
#8422=DIRECTION('',(-1.,0.,0.));
#8423=DIRECTION('',(0.,0.,-1.));
#8424=DIRECTION('',(-1.,0.,0.));
#8425=DIRECTION('',(0.,0.,-1.));
#8426=DIRECTION('',(-1.,0.,0.));
#8427=DIRECTION('',(0.,0.,-1.));
#8428=DIRECTION('',(-1.,0.,0.));
#8429=DIRECTION('',(0.,0.,-1.));
#8430=DIRECTION('',(-1.,0.,0.));
#8431=DIRECTION('',(-0.707106781186548,0.707106781186547,0.));
#8432=DIRECTION('',(0.707106781186547,0.707106781186548,0.));
#8433=DIRECTION('',(-0.707106781186547,-0.707106781186548,0.));
#8434=DIRECTION('',(-0.707106781186547,-0.707106781186548,0.));
#8435=DIRECTION('',(0.,0.,-1.));
#8436=DIRECTION('',(-1.,0.,0.));
#8437=DIRECTION('',(1.,0.,0.));
#8438=DIRECTION('',(0.,0.,-1.));
#8439=DIRECTION('',(-1.,0.,0.));
#8440=DIRECTION('',(1.,0.,0.));
#8441=DIRECTION('',(-1.,0.,0.));
#8442=DIRECTION('',(0.,0.707106781186548,-0.707106781186548));
#8443=DIRECTION('',(-1.,0.,0.));
#8444=DIRECTION('',(0.,0.707106781186548,-0.707106781186548));
#8445=DIRECTION('',(0.,-1.,0.));
#8446=DIRECTION('',(-0.707106781186548,0.,0.707106781186548));
#8447=DIRECTION('',(0.,-1.,-1.20676415720126E-16));
#8448=DIRECTION('',(0.,-1.,0.));
#8449=DIRECTION('',(-0.707106781186548,0.,0.707106781186548));
#8450=DIRECTION('',(0.,-1.,-1.20676415720126E-16));
#8451=DIRECTION('',(0.,-1.,-2.41352831440252E-16));
#8452=DIRECTION('',(0.707106781186548,-1.70662223769976E-16,0.707106781186548));
#8453=DIRECTION('',(0.,-1.,-1.20676415720126E-16));
#8454=DIRECTION('',(0.,-1.,-2.41352831440252E-16));
#8455=DIRECTION('',(0.707106781186548,-1.70662223769976E-16,0.707106781186548));
#8456=DIRECTION('',(0.,-1.,-1.20676415720126E-16));
#8457=DIRECTION('',(0.,1.,0.));
#8458=DIRECTION('',(0.,0.,1.));
#8459=DIRECTION('',(0.,0.,1.));
#8460=DIRECTION('',(0.,0.,1.));
#8461=DIRECTION('',(0.,-1.,-2.41352831440252E-16));
#8462=DIRECTION('',(0.,2.41352831440252E-16,-1.));
#8463=DIRECTION('',(0.,2.41352831440252E-16,-1.));
#8464=DIRECTION('',(0.,2.41352831440252E-16,-1.));
#8465=DIRECTION('',(1.,0.,0.));
#8466=DIRECTION('',(0.,1.,0.));
#8467=DIRECTION('',(0.,1.,0.));
#8468=DIRECTION('',(1.,0.,0.));
#8469=DIRECTION('',(0.,1.,0.));
#8470=DIRECTION('',(0.,1.,0.));
#8471=DIRECTION('',(-1.,0.,0.));
#8472=DIRECTION('',(0.,1.,0.));
#8473=DIRECTION('',(0.,0.,1.));
#8474=DIRECTION('',(0.,1.,0.));
#8475=DIRECTION('',(0.,0.,1.));
#8476=DIRECTION('',(0.,1.,0.));
#8477=DIRECTION('',(0.707106781186548,-0.707106781186547,0.));
#8478=DIRECTION('',(-0.707106781186547,-0.707106781186548,0.));
#8479=DIRECTION('',(-0.707106781186547,-0.707106781186548,0.));
#8480=DIRECTION('',(-0.707106781186547,-0.707106781186548,0.));
#8481=DIRECTION('',(0.,0.,-1.));
#8482=DIRECTION('',(-1.,0.,0.));
#8483=DIRECTION('',(0.,0.,-1.));
#8484=DIRECTION('',(-1.,0.,0.));
#8485=DIRECTION('',(0.,0.,-1.));
#8486=DIRECTION('',(-1.,0.,0.));
#8487=DIRECTION('',(0.707106781186548,0.707106781186547,0.));
#8488=DIRECTION('',(0.707106781186547,-0.707106781186548,0.));
#8489=DIRECTION('',(0.707106781186547,-0.707106781186548,0.));
#8490=DIRECTION('',(0.707106781186547,-0.707106781186548,0.));
#8491=DIRECTION('',(0.,0.,-1.));
#8492=DIRECTION('',(-1.,0.,0.));
#8493=DIRECTION('',(0.,1.,0.));
#8494=DIRECTION('',(0.,0.,-1.));
#8495=DIRECTION('',(-1.,0.,0.));
#8496=DIRECTION('',(0.,1.,0.));
#8497=DIRECTION('',(0.,-1.,0.));
#8498=DIRECTION('',(-0.707106781186548,0.,-0.707106781186548));
#8499=DIRECTION('',(0.,-1.,0.));
#8500=DIRECTION('',(-0.707106781186548,0.,-0.707106781186548));
#8501=DIRECTION('',(0.,1.,0.));
#8502=DIRECTION('',(0.,0.,1.));
#8503=DIRECTION('',(0.,0.,1.));
#8504=DIRECTION('',(0.,0.,1.));
#8505=DIRECTION('',(0.,-1.,-2.41352831440252E-16));
#8506=DIRECTION('',(0.,2.41352831440252E-16,-1.));
#8507=DIRECTION('',(0.,2.41352831440252E-16,-1.));
#8508=DIRECTION('',(0.,2.41352831440252E-16,-1.));
#8509=DIRECTION('',(1.,0.,0.));
#8510=DIRECTION('',(0.,1.,0.));
#8511=DIRECTION('',(0.,1.,0.));
#8512=DIRECTION('',(1.,0.,0.));
#8513=DIRECTION('',(0.,1.,0.));
#8514=DIRECTION('',(0.,1.,0.));
#8515=DIRECTION('',(1.,0.,0.));
#8516=DIRECTION('',(0.,-1.,0.));
#8517=DIRECTION('',(0.,0.,1.));
#8518=DIRECTION('',(0.,-1.,0.));
#8519=DIRECTION('',(0.,0.,1.));
#8520=DIRECTION('',(0.,1.,0.));
#8521=DIRECTION('',(-0.707106781186548,0.707106781186547,0.));
#8522=DIRECTION('',(0.707106781186547,0.707106781186548,0.));
#8523=DIRECTION('',(0.707106781186547,0.707106781186548,0.));
#8524=DIRECTION('',(0.707106781186547,0.707106781186548,0.));
#8525=DIRECTION('',(0.,0.,-1.));
#8526=DIRECTION('',(-1.,0.,0.));
#8527=DIRECTION('',(0.,0.,-1.));
#8528=DIRECTION('',(-1.,0.,0.));
#8529=DIRECTION('',(0.,0.,-1.));
#8530=DIRECTION('',(-1.,0.,0.));
#8531=DIRECTION('',(-0.707106781186548,-0.707106781186547,0.));
#8532=DIRECTION('',(-0.707106781186547,0.707106781186548,0.));
#8533=DIRECTION('',(-0.707106781186547,0.707106781186548,0.));
#8534=DIRECTION('',(-0.707106781186547,0.707106781186548,0.));
#8535=DIRECTION('',(0.,0.,-1.));
#8536=DIRECTION('',(-1.,0.,0.));
#8537=DIRECTION('',(0.,-1.,0.));
#8538=DIRECTION('',(0.,0.,-1.));
#8539=DIRECTION('',(-1.,0.,0.));
#8540=DIRECTION('',(0.,-1.,0.));
#8541=DIRECTION('',(6.03382078600628E-17,-1.,0.));
#8542=DIRECTION('',(0.707106781186548,4.26655559424939E-17,-0.707106781186548));
#8543=DIRECTION('',(6.03382078600628E-17,-1.,0.));
#8544=DIRECTION('',(0.707106781186548,4.26655559424939E-17,-0.707106781186548));
#8545=DIRECTION('',(0.,0.,1.));
#8546=DIRECTION('',(1.,0.,0.));
#8547=DIRECTION('',(0.,-0.94900998295058,-0.315246018626945));
#8548=DIRECTION('',(1.,0.,0.));
#8549=DIRECTION('',(1.,0.,0.));
#8550=DIRECTION('',(0.,-0.315246018626945,0.94900998295058));
#8551=DIRECTION('',(1.,0.,0.));
#8552=DIRECTION('',(0.,0.315246018626945,-0.94900998295058));
#8553=DIRECTION('',(0.,-0.315246018626945,0.94900998295058));
#8554=DIRECTION('',(1.,0.,0.));
#8555=DIRECTION('',(0.,0.315246018626945,-0.94900998295058));
#8556=DIRECTION('',(-1.,0.,0.));
#8557=DIRECTION('',(0.,0.94900998295058,0.315246018626945));
#8558=DIRECTION('',(0.,0.315246018626945,-0.94900998295058));
#8559=DIRECTION('',(-1.,0.,0.));
#8560=DIRECTION('',(1.,0.,0.));
#8561=DIRECTION('',(0.,0.315246018626945,-0.94900998295058));
#8562=DIRECTION('',(-1.,0.,0.));
#8563=DIRECTION('',(0.,0.94900998295058,0.315246018626945));
#8564=DIRECTION('',(0.,0.315246018626945,-0.94900998295058));
#8565=DIRECTION('',(-1.,0.,0.));
#8566=DIRECTION('',(0.,0.315246018626945,-0.94900998295058));
#8567=DIRECTION('',(0.,-0.94900998295058,-0.315246018626945));
#8568=DIRECTION('',(0.,0.315246018626945,-0.94900998295058));
#8569=DIRECTION('',(0.,0.315246018626945,-0.94900998295058));
#8570=DIRECTION('',(-1.,0.,0.));
#8571=DIRECTION('',(0.,0.315246018626945,-0.94900998295058));
#8572=DIRECTION('',(0.,-0.94900998295058,-0.315246018626945));
#8573=DIRECTION('',(0.,0.315246018626945,-0.94900998295058));
#8574=DIRECTION('',(-1.,0.,0.));
#8575=DIRECTION('',(0.,-0.315246018626945,0.94900998295058));
#8576=DIRECTION('',(0.,-0.315246018626945,0.94900998295058));
#8577=DIRECTION('',(1.,0.,0.));
#8578=DIRECTION('',(0.,-0.94900998295058,-0.315246018626945));
#8579=DIRECTION('',(0.,0.315246018626945,-0.94900998295058));
#8580=DIRECTION('',(-1.,0.,0.));
#8581=DIRECTION('',(-1.,0.,0.));
#8582=DIRECTION('',(0.,0.315246018626945,-0.94900998295058));
#8583=DIRECTION('',(-1.,0.,0.));
#8584=DIRECTION('',(0.,0.94900998295058,0.315246018626945));
#8585=DIRECTION('',(-1.,0.,0.));
#8586=DIRECTION('',(0.,-0.94900998295058,-0.315246018626945));
#8587=DIRECTION('',(0.,-0.315246018626945,0.94900998295058));
#8588=DIRECTION('',(1.,0.,0.));
#8589=DIRECTION('',(0.,0.94900998295058,0.315246018626945));
#8590=DIRECTION('',(0.,0.315246018626945,-0.94900998295058));
#8591=DIRECTION('',(0.,0.315246018626945,-0.94900998295058));
#8592=DIRECTION('',(0.,0.94900998295058,0.315246018626945));
#8593=DIRECTION('',(0.,0.315246018626945,-0.94900998295058));
#8594=DIRECTION('',(0.,0.315246018626945,-0.94900998295058));
#8595=DIRECTION('',(1.,0.,0.));
#8596=DIRECTION('',(0.,-0.315246018626945,0.94900998295058));
#8597=DIRECTION('',(0.,0.94900998295058,0.315246018626945));
#8598=DIRECTION('',(-1.,0.,0.));
#8599=DIRECTION('',(0.,0.,1.));
#8600=DIRECTION('',(1.,0.,0.));
#8601=DIRECTION('',(0.,0.,1.));
#8602=DIRECTION('',(0.,-1.,0.));
#8603=DIRECTION('',(0.,1.,0.));
#8604=DIRECTION('',(1.,0.,0.));
#8605=DIRECTION('',(0.,1.,0.));
#8606=DIRECTION('',(0.,-1.,-2.41352831440252E-16));
#8607=DIRECTION('',(0.,2.41352831440252E-16,-1.));
#8608=DIRECTION('',(1.,-1.38777878078144E-14,0.));
#8609=DIRECTION('',(0.,-2.41352831440252E-16,1.));
#8610=DIRECTION('',(-1.,0.,0.));
#8611=DIRECTION('',(0.,-2.41352831440252E-16,1.));
#8612=DIRECTION('',(1.,0.,0.));
#8613=DIRECTION('',(0.,0.,-1.));
#8614=DIRECTION('',(1.,0.,0.));
#8615=DIRECTION('',(1.,0.,0.));
#8616=DIRECTION('',(0.,0.,-1.));
#8617=DIRECTION('',(1.,0.,0.));
#8618=DIRECTION('',(1.,0.,0.));
#8619=DIRECTION('',(0.,0.,-1.));
#8620=DIRECTION('',(0.,-0.585129892149195,-0.810939584256109));
#8621=DIRECTION('',(0.,0.810939584256109,-0.585129892149195));
#8622=DIRECTION('',(0.,0.810939584256109,-0.585129892149195));
#8623=DIRECTION('',(1.,0.,0.));
#8624=DIRECTION('',(0.,0.810939584256109,-0.585129892149195));
#8625=DIRECTION('',(1.,0.,0.));
#8626=DIRECTION('',(0.,0.,-1.));
#8627=DIRECTION('',(1.,0.,0.));
#8628=DIRECTION('',(0.,0.,-1.));
#8629=DIRECTION('',(1.,0.,0.));
#8630=DIRECTION('',(1.,0.,0.));
#8631=DIRECTION('',(0.,0.,-1.));
#8632=DIRECTION('',(1.,0.,0.));
#8633=DIRECTION('',(0.,0.,-1.));
#8634=DIRECTION('',(1.,0.,0.));
#8635=DIRECTION('',(1.,0.,0.));
#8636=DIRECTION('',(0.,0.,-1.));
#8637=DIRECTION('',(1.,0.,0.));
#8638=DIRECTION('',(1.,0.,0.));
#8639=DIRECTION('',(0.,0.,-1.));
#8640=DIRECTION('',(0.,-0.585129892149194,-0.81093958425611));
#8641=DIRECTION('',(0.,0.81093958425611,-0.585129892149194));
#8642=DIRECTION('',(0.,0.81093958425611,-0.585129892149194));
#8643=DIRECTION('',(1.,0.,0.));
#8644=DIRECTION('',(0.,0.81093958425611,-0.585129892149194));
#8645=DIRECTION('',(1.,0.,0.));
#8646=DIRECTION('',(0.,0.,-1.));
#8647=DIRECTION('',(1.,0.,0.));
#8648=DIRECTION('',(0.,0.,-1.));
#8649=DIRECTION('',(1.,0.,0.));
#8650=DIRECTION('',(1.,0.,0.));
#8651=DIRECTION('',(0.,0.,-1.));
#8652=DIRECTION('',(1.,0.,0.));
#8653=DIRECTION('',(0.,0.,-1.));
#8654=DIRECTION('',(1.,0.,0.));
#8655=DIRECTION('',(1.,0.,0.));
#8656=DIRECTION('',(0.,0.,-1.));
#8657=DIRECTION('',(1.,0.,0.));
#8658=DIRECTION('',(1.,0.,0.));
#8659=DIRECTION('',(0.,0.,-1.));
#8660=DIRECTION('',(0.,-0.585129892149194,-0.81093958425611));
#8661=DIRECTION('',(0.,0.81093958425611,-0.585129892149194));
#8662=DIRECTION('',(0.,0.81093958425611,-0.585129892149194));
#8663=DIRECTION('',(1.,0.,0.));
#8664=DIRECTION('',(0.,0.81093958425611,-0.585129892149194));
#8665=DIRECTION('',(1.,0.,0.));
#8666=DIRECTION('',(0.,0.,-1.));
#8667=DIRECTION('',(1.,0.,0.));
#8668=DIRECTION('',(0.,0.,-1.));
#8669=DIRECTION('',(1.,0.,0.));
#8670=DIRECTION('',(1.,0.,0.));
#8671=DIRECTION('',(0.,0.,-1.));
#8672=DIRECTION('',(1.,0.,0.));
#8673=DIRECTION('',(0.,0.,-1.));
#8674=DIRECTION('',(1.,0.,0.));
#8675=DIRECTION('',(1.,0.,0.));
#8676=DIRECTION('',(0.,0.,-1.));
#8677=DIRECTION('',(1.,0.,0.));
#8678=DIRECTION('',(1.,0.,0.));
#8679=DIRECTION('',(0.,0.,-1.));
#8680=DIRECTION('',(0.,-0.585129892149194,-0.81093958425611));
#8681=DIRECTION('',(0.,0.81093958425611,-0.585129892149194));
#8682=DIRECTION('',(0.,0.81093958425611,-0.585129892149194));
#8683=DIRECTION('',(1.,0.,0.));
#8684=DIRECTION('',(0.,0.81093958425611,-0.585129892149194));
#8685=DIRECTION('',(1.,0.,0.));
#8686=DIRECTION('',(0.,0.,-1.));
#8687=DIRECTION('',(1.,0.,0.));
#8688=DIRECTION('',(0.,0.,-1.));
#8689=DIRECTION('',(1.,0.,0.));
#8690=DIRECTION('',(1.,0.,0.));
#8691=DIRECTION('',(0.,0.,-1.));
#8692=DIRECTION('',(1.,0.,0.));
#8693=DIRECTION('',(0.,0.,-1.));
#8694=DIRECTION('',(1.,0.,0.));
#8695=DIRECTION('',(1.,0.,0.));
#8696=DIRECTION('',(0.,0.,-1.));
#8697=DIRECTION('',(1.,0.,0.));
#8698=DIRECTION('',(1.,0.,0.));
#8699=DIRECTION('',(0.,0.,-1.));
#8700=DIRECTION('',(0.,-0.585129892149193,-0.810939584256111));
#8701=DIRECTION('',(0.,0.810939584256111,-0.585129892149193));
#8702=DIRECTION('',(0.,0.810939584256111,-0.585129892149193));
#8703=DIRECTION('',(1.,0.,0.));
#8704=DIRECTION('',(0.,0.810939584256111,-0.585129892149193));
#8705=DIRECTION('',(1.,0.,0.));
#8706=DIRECTION('',(0.,0.,-1.));
#8707=DIRECTION('',(1.,0.,0.));
#8708=DIRECTION('',(0.,0.,-1.));
#8709=DIRECTION('',(1.,0.,0.));
#8710=DIRECTION('',(1.,0.,0.));
#8711=DIRECTION('',(0.,0.,-1.));
#8712=DIRECTION('',(0.,-0.585129892149194,-0.81093958425611));
#8713=DIRECTION('',(0.,0.81093958425611,-0.585129892149194));
#8714=DIRECTION('',(0.,0.81093958425611,-0.585129892149194));
#8715=DIRECTION('',(0.,0.81093958425611,-0.585129892149194));
#8716=DIRECTION('',(0.,-0.585129892149194,-0.81093958425611));
#8717=DIRECTION('',(0.,0.81093958425611,-0.585129892149194));
#8718=DIRECTION('',(0.,0.81093958425611,-0.585129892149194));
#8719=DIRECTION('',(0.,0.81093958425611,-0.585129892149194));
#8720=DIRECTION('',(0.,-0.585129892149193,-0.810939584256111));
#8721=DIRECTION('',(0.,0.810939584256111,-0.585129892149193));
#8722=DIRECTION('',(0.,0.810939584256111,-0.585129892149193));
#8723=DIRECTION('',(0.,0.810939584256111,-0.585129892149193));
#8724=DIRECTION('',(0.,-0.585129892149194,-0.81093958425611));
#8725=DIRECTION('',(0.,0.81093958425611,-0.585129892149194));
#8726=DIRECTION('',(0.,0.81093958425611,-0.585129892149194));
#8727=DIRECTION('',(0.,0.81093958425611,-0.585129892149194));
#8728=DIRECTION('',(0.,-0.585129892149194,-0.81093958425611));
#8729=DIRECTION('',(0.,0.81093958425611,-0.585129892149194));
#8730=DIRECTION('',(0.,0.81093958425611,-0.585129892149194));
#8731=DIRECTION('',(0.,0.81093958425611,-0.585129892149194));
#8732=DIRECTION('',(0.,-0.315246018626945,0.94900998295058));
#8733=DIRECTION('',(0.,-0.94900998295058,-0.315246018626945));
#8734=DIRECTION('',(0.,-0.94900998295058,-0.315246018626945));
#8735=DIRECTION('',(0.,-0.94900998295058,-0.315246018626945));
#8736=DIRECTION('',(1.,0.,0.));
#8737=DIRECTION('',(0.,1.,0.));
#8738=DIRECTION('',(0.,0.155474698862004,-0.987839874683022));
#8739=DIRECTION('',(0.,0.,-1.));
#8740=DIRECTION('',(1.,0.,0.));
#8741=DIRECTION('',(0.,1.,0.));
#8742=DIRECTION('',(0.,0.,-1.));
#8743=DIRECTION('',(0.,0.155474698862004,-0.987839874683022));
#8744=DIRECTION('',(1.,0.,0.));
#8745=DIRECTION('',(0.,0.,-1.));
#8746=DIRECTION('',(0.,1.,0.));
#8747=DIRECTION('',(0.,0.,-1.));
#8748=DIRECTION('',(0.,1.,0.));
#8749=DIRECTION('',(0.,0.,1.));
#8750=DIRECTION('',(0.698423079946546,0.,-0.71568512727175));
#8751=DIRECTION('',(-0.71568512727175,0.,-0.698423079946546));
#8752=DIRECTION('',(0.71568512727175,0.,0.698423079946546));
#8753=DIRECTION('',(0.,-1.,0.));
#8754=DIRECTION('',(0.71568512727175,0.,0.698423079946546));
#8755=DIRECTION('',(0.,0.,1.));
#8756=DIRECTION('',(1.,0.,0.));
#8757=DIRECTION('',(1.,0.,0.));
#8758=DIRECTION('',(1.,0.,0.));
#8759=DIRECTION('',(0.,-1.,0.));
#8760=DIRECTION('',(0.,1.,0.));
#8761=DIRECTION('',(0.,0.,1.));
#8762=DIRECTION('',(0.,0.,-1.));
#8763=DIRECTION('',(0.,1.,0.));
#8764=DIRECTION('',(0.,0.,1.));
#8765=DIRECTION('',(0.,0.,-1.));
#8766=DIRECTION('',(0.,0.,1.));
#8767=DIRECTION('',(1.,0.,0.));
#8768=DIRECTION('',(0.,0.,-1.));
#8769=DIRECTION('',(-1.,0.,0.));
#8770=DIRECTION('',(0.,0.,-1.));
#8771=DIRECTION('',(-1.,0.,0.));
#8772=DIRECTION('',(0.,0.,1.));
#8773=DIRECTION('',(1.,0.,0.));
#8774=DIRECTION('',(0.,0.,-1.));
#8775=DIRECTION('',(-1.,0.,0.));
#8776=DIRECTION('',(0.,0.,-1.));
#8777=DIRECTION('',(-1.,0.,0.));
#8778=DIRECTION('',(0.,0.,-1.));
#8779=DIRECTION('',(0.707106781186548,0.707106781186548,0.));
#8780=DIRECTION('',(0.,0.,-1.));
#8781=DIRECTION('',(0.707106781186548,0.707106781186548,0.));
#8782=DIRECTION('',(0.,-0.155474698862004,0.987839874683022));
#8783=DIRECTION('',(0.707106781186548,-0.698508274114835,-0.109937213868259));
#8784=DIRECTION('',(0.,-0.155474698862004,0.987839874683022));
#8785=DIRECTION('',(0.,-0.155474698862004,0.987839874683022));
#8786=DIRECTION('',(0.707106781186548,-0.698508274114835,-0.109937213868259));
#8787=DIRECTION('',(0.,-0.155474698862004,0.987839874683022));
#8788=DIRECTION('',(1.,-1.19262238973406E-16,0.));
#8789=DIRECTION('',(-1.19262238973406E-16,-1.,0.));
#8790=DIRECTION('',(0.,0.,-1.));
#8791=DIRECTION('',(-1.19262238973406E-16,-1.,0.));
#8792=DIRECTION('',(0.,0.,-1.));
#8793=DIRECTION('',(0.,1.,0.));
#8794=DIRECTION('',(0.,0.,-1.));
#8795=DIRECTION('',(-1.,0.,0.));
#8796=DIRECTION('',(0.,0.,-1.));
#8797=DIRECTION('',(-1.,0.,0.));
#8798=DIRECTION('',(0.,0.,-1.));
#8799=DIRECTION('',(0.,0.,-1.));
#8800=DIRECTION('',(-1.,0.,0.));
#8801=DIRECTION('',(1.,-1.30104260698261E-16,0.));
#8802=DIRECTION('',(-1.30104260698261E-16,-1.,0.));
#8803=DIRECTION('',(-1.30104260698261E-16,-1.,0.));
#8804=DIRECTION('',(0.,0.,-1.));
#8805=DIRECTION('',(0.,1.,0.));
#8806=DIRECTION('',(1.,0.,0.));
#8807=DIRECTION('',(0.,-1.,0.));
#8808=DIRECTION('',(0.,0.,-1.));
#8809=DIRECTION('',(0.,-1.,0.));
#8810=DIRECTION('',(0.,0.,-1.));
#8811=DIRECTION('',(0.,1.,0.));
#8812=DIRECTION('',(0.,0.,-1.));
#8813=DIRECTION('',(-1.,0.,0.));
#8814=DIRECTION('',(0.,0.,-1.));
#8815=DIRECTION('',(-1.,0.,0.));
#8816=DIRECTION('',(0.,0.,-1.));
#8817=DIRECTION('',(0.,0.,-1.));
#8818=DIRECTION('',(-1.,0.,0.));
#8819=DIRECTION('',(1.,0.,0.));
#8820=DIRECTION('',(0.,-1.,0.));
#8821=DIRECTION('',(0.,-1.,0.));
#8822=DIRECTION('',(0.,0.,-1.));
#8823=DIRECTION('',(0.,1.,0.));
#8824=DIRECTION('',(-1.,0.,0.));
#8825=DIRECTION('',(0.,1.,0.));
#8826=DIRECTION('',(0.,0.,-1.));
#8827=DIRECTION('',(0.,1.,0.));
#8828=DIRECTION('',(0.,0.,-1.));
#8829=DIRECTION('',(0.,1.,0.));
#8830=DIRECTION('',(0.,-1.,0.));
#8831=DIRECTION('',(-1.,0.,0.));
#8832=DIRECTION('',(-1.,0.,0.));
#8833=DIRECTION('',(0.,0.,-1.));
#8834=DIRECTION('',(-1.,0.,0.));
#8835=DIRECTION('',(-1.,0.,0.));
#8836=DIRECTION('',(0.,1.,0.));
#8837=DIRECTION('',(0.,1.,0.));
#8838=DIRECTION('',(0.,0.,-1.));
#8839=DIRECTION('',(0.,1.,0.));
#8840=DIRECTION('',(1.,0.,0.));
#8841=DIRECTION('',(0.,-1.,0.));
#8842=DIRECTION('',(0.,1.,0.));
#8843=DIRECTION('',(0.,0.,-1.));
#8844=DIRECTION('',(0.,1.,0.));
#8845=DIRECTION('',(0.,-1.,0.));
#8846=DIRECTION('',(-1.,0.,0.));
#8847=DIRECTION('',(-1.,0.,0.));
#8848=DIRECTION('',(0.,0.,1.));
#8849=DIRECTION('',(-1.,0.,0.));
#8850=DIRECTION('',(1.,-1.19262238973406E-16,0.));
#8851=DIRECTION('',(-1.19262238973406E-16,-1.,0.));
#8852=DIRECTION('',(0.,0.,-1.));
#8853=DIRECTION('',(-1.19262238973406E-16,-1.,0.));
#8854=DIRECTION('',(0.,0.,-1.));
#8855=DIRECTION('',(0.,1.,0.));
#8856=DIRECTION('',(0.,0.,-1.));
#8857=DIRECTION('',(-1.,0.,0.));
#8858=DIRECTION('',(0.,0.,-1.));
#8859=DIRECTION('',(-1.,0.,0.));
#8860=DIRECTION('',(0.,0.,-1.));
#8861=DIRECTION('',(0.,0.,-1.));
#8862=DIRECTION('',(-1.,0.,0.));
#8863=DIRECTION('',(1.,-1.30104260698261E-16,0.));
#8864=DIRECTION('',(-1.30104260698261E-16,-1.,0.));
#8865=DIRECTION('',(-1.30104260698261E-16,-1.,0.));
#8866=DIRECTION('',(0.,0.,-1.));
#8867=DIRECTION('',(0.,1.,0.));
#8868=DIRECTION('',(1.,-1.19262238973406E-16,0.));
#8869=DIRECTION('',(-1.19262238973406E-16,-1.,0.));
#8870=DIRECTION('',(0.,0.,-1.));
#8871=DIRECTION('',(-1.19262238973406E-16,-1.,0.));
#8872=DIRECTION('',(0.,0.,-1.));
#8873=DIRECTION('',(0.,1.,0.));
#8874=DIRECTION('',(0.,0.,-1.));
#8875=DIRECTION('',(-1.,0.,0.));
#8876=DIRECTION('',(0.,0.,-1.));
#8877=DIRECTION('',(-1.,0.,0.));
#8878=DIRECTION('',(0.,0.,-1.));
#8879=DIRECTION('',(0.,0.,-1.));
#8880=DIRECTION('',(-1.,0.,0.));
#8881=DIRECTION('',(1.,-1.30104260698261E-16,0.));
#8882=DIRECTION('',(-1.30104260698261E-16,-1.,0.));
#8883=DIRECTION('',(-1.30104260698261E-16,-1.,0.));
#8884=DIRECTION('',(0.,0.,-1.));
#8885=DIRECTION('',(0.,1.,0.));
#8886=DIRECTION('',(1.,-1.19262238973406E-16,0.));
#8887=DIRECTION('',(-1.19262238973406E-16,-1.,0.));
#8888=DIRECTION('',(0.,0.,-1.));
#8889=DIRECTION('',(-1.19262238973406E-16,-1.,0.));
#8890=DIRECTION('',(0.,0.,-1.));
#8891=DIRECTION('',(0.,1.,0.));
#8892=DIRECTION('',(0.,0.,-1.));
#8893=DIRECTION('',(-1.,0.,0.));
#8894=DIRECTION('',(0.,0.,-1.));
#8895=DIRECTION('',(-1.,0.,0.));
#8896=DIRECTION('',(0.,0.,-1.));
#8897=DIRECTION('',(0.,0.,-1.));
#8898=DIRECTION('',(-1.,0.,0.));
#8899=DIRECTION('',(1.,-1.30104260698261E-16,0.));
#8900=DIRECTION('',(-1.30104260698261E-16,-1.,0.));
#8901=DIRECTION('',(-1.30104260698261E-16,-1.,0.));
#8902=DIRECTION('',(0.,0.,-1.));
#8903=DIRECTION('',(0.,1.,0.));
#8904=DIRECTION('',(1.,-1.19262238973406E-16,0.));
#8905=DIRECTION('',(-1.19262238973406E-16,-1.,0.));
#8906=DIRECTION('',(0.,0.,-1.));
#8907=DIRECTION('',(-1.19262238973406E-16,-1.,0.));
#8908=DIRECTION('',(0.,0.,-1.));
#8909=DIRECTION('',(0.,1.,0.));
#8910=DIRECTION('',(0.,0.,-1.));
#8911=DIRECTION('',(-1.,0.,0.));
#8912=DIRECTION('',(0.,0.,-1.));
#8913=DIRECTION('',(-1.,0.,0.));
#8914=DIRECTION('',(0.,0.,-1.));
#8915=DIRECTION('',(0.,0.,-1.));
#8916=DIRECTION('',(-1.,0.,0.));
#8917=DIRECTION('',(1.,-1.30104260698261E-16,0.));
#8918=DIRECTION('',(-1.30104260698261E-16,-1.,0.));
#8919=DIRECTION('',(-1.30104260698261E-16,-1.,0.));
#8920=DIRECTION('',(0.,0.,-1.));
#8921=DIRECTION('',(0.,1.,0.));
#8922=DIRECTION('',(1.,-1.19262238973406E-16,0.));
#8923=DIRECTION('',(-1.19262238973406E-16,-1.,0.));
#8924=DIRECTION('',(0.,0.,-1.));
#8925=DIRECTION('',(-1.19262238973406E-16,-1.,0.));
#8926=DIRECTION('',(0.,0.,-1.));
#8927=DIRECTION('',(0.,1.,0.));
#8928=DIRECTION('',(0.,0.,-1.));
#8929=DIRECTION('',(-1.,0.,0.));
#8930=DIRECTION('',(0.,0.,-1.));
#8931=DIRECTION('',(-1.,0.,0.));
#8932=DIRECTION('',(0.,0.,-1.));
#8933=DIRECTION('',(0.,0.,-1.));
#8934=DIRECTION('',(-1.,0.,0.));
#8935=DIRECTION('',(1.,-1.30104260698261E-16,0.));
#8936=DIRECTION('',(-1.30104260698261E-16,-1.,0.));
#8937=DIRECTION('',(-1.30104260698261E-16,-1.,0.));
#8938=DIRECTION('',(0.,0.,-1.));
#8939=DIRECTION('',(0.,1.,0.));
#8940=DIRECTION('',(1.,-1.19262238973406E-16,0.));
#8941=DIRECTION('',(-1.19262238973406E-16,-1.,0.));
#8942=DIRECTION('',(0.,0.,-1.));
#8943=DIRECTION('',(-1.19262238973406E-16,-1.,0.));
#8944=DIRECTION('',(0.,0.,-1.));
#8945=DIRECTION('',(0.,1.,0.));
#8946=DIRECTION('',(0.,0.,-1.));
#8947=DIRECTION('',(-1.,0.,0.));
#8948=DIRECTION('',(0.,0.,-1.));
#8949=DIRECTION('',(-1.,0.,0.));
#8950=DIRECTION('',(0.,0.,-1.));
#8951=DIRECTION('',(0.,0.,-1.));
#8952=DIRECTION('',(-1.,0.,0.));
#8953=DIRECTION('',(1.,-1.30104260698261E-16,0.));
#8954=DIRECTION('',(-1.30104260698261E-16,-1.,0.));
#8955=DIRECTION('',(-1.30104260698261E-16,-1.,0.));
#8956=DIRECTION('',(0.,0.,-1.));
#8957=DIRECTION('',(0.,1.,0.));
#8958=DIRECTION('',(1.,-1.19262238973406E-16,0.));
#8959=DIRECTION('',(-1.19262238973406E-16,-1.,0.));
#8960=DIRECTION('',(0.,0.,-1.));
#8961=DIRECTION('',(-1.19262238973406E-16,-1.,0.));
#8962=DIRECTION('',(0.,0.,-1.));
#8963=DIRECTION('',(0.,1.,0.));
#8964=DIRECTION('',(0.,0.,-1.));
#8965=DIRECTION('',(-1.,0.,0.));
#8966=DIRECTION('',(0.,0.,-1.));
#8967=DIRECTION('',(-1.,0.,0.));
#8968=DIRECTION('',(0.,0.,-1.));
#8969=DIRECTION('',(0.,0.,-1.));
#8970=DIRECTION('',(-1.,0.,0.));
#8971=DIRECTION('',(1.,-1.30104260698261E-16,0.));
#8972=DIRECTION('',(-1.30104260698261E-16,-1.,0.));
#8973=DIRECTION('',(-1.30104260698261E-16,-1.,0.));
#8974=DIRECTION('',(0.,0.,-1.));
#8975=DIRECTION('',(0.,1.,0.));
#8976=DIRECTION('',(1.,-1.19262238973406E-16,0.));
#8977=DIRECTION('',(-1.19262238973406E-16,-1.,0.));
#8978=DIRECTION('',(0.,0.,-1.));
#8979=DIRECTION('',(-1.19262238973406E-16,-1.,0.));
#8980=DIRECTION('',(0.,0.,-1.));
#8981=DIRECTION('',(0.,1.,0.));
#8982=DIRECTION('',(0.,0.,-1.));
#8983=DIRECTION('',(-1.,0.,0.));
#8984=DIRECTION('',(0.,0.,-1.));
#8985=DIRECTION('',(-1.,0.,0.));
#8986=DIRECTION('',(0.,0.,-1.));
#8987=DIRECTION('',(0.,0.,-1.));
#8988=DIRECTION('',(-1.,0.,0.));
#8989=DIRECTION('',(1.,-1.30104260698261E-16,0.));
#8990=DIRECTION('',(-1.30104260698261E-16,-1.,0.));
#8991=DIRECTION('',(-1.30104260698261E-16,-1.,0.));
#8992=DIRECTION('',(0.,0.,-1.));
#8993=DIRECTION('',(0.,1.,0.));
#8994=DIRECTION('',(1.,-1.19262238973406E-16,0.));
#8995=DIRECTION('',(-1.19262238973406E-16,-1.,0.));
#8996=DIRECTION('',(0.,0.,-1.));
#8997=DIRECTION('',(-1.19262238973406E-16,-1.,0.));
#8998=DIRECTION('',(0.,0.,-1.));
#8999=DIRECTION('',(0.,1.,0.));
#9000=DIRECTION('',(0.,0.,-1.));
#9001=DIRECTION('',(-1.,0.,0.));
#9002=DIRECTION('',(0.,0.,-1.));
#9003=DIRECTION('',(-1.,0.,0.));
#9004=DIRECTION('',(0.,0.,-1.));
#9005=DIRECTION('',(0.,0.,-1.));
#9006=DIRECTION('',(-1.,0.,0.));
#9007=DIRECTION('',(1.,-1.30104260698261E-16,0.));
#9008=DIRECTION('',(-1.30104260698261E-16,-1.,0.));
#9009=DIRECTION('',(-1.30104260698261E-16,-1.,0.));
#9010=DIRECTION('',(0.,0.,-1.));
#9011=DIRECTION('',(0.,1.,0.));
#9012=DIRECTION('',(1.,-1.19262238973406E-16,0.));
#9013=DIRECTION('',(-1.19262238973406E-16,-1.,0.));
#9014=DIRECTION('',(0.,0.,-1.));
#9015=DIRECTION('',(-1.19262238973406E-16,-1.,0.));
#9016=DIRECTION('',(0.,0.,-1.));
#9017=DIRECTION('',(0.,1.,0.));
#9018=DIRECTION('',(0.,0.,-1.));
#9019=DIRECTION('',(-1.,0.,0.));
#9020=DIRECTION('',(0.,0.,-1.));
#9021=DIRECTION('',(-1.,0.,0.));
#9022=DIRECTION('',(0.,0.,-1.));
#9023=DIRECTION('',(0.,0.,-1.));
#9024=DIRECTION('',(-1.,0.,0.));
#9025=DIRECTION('',(1.,-1.30104260698261E-16,0.));
#9026=DIRECTION('',(-1.30104260698261E-16,-1.,0.));
#9027=DIRECTION('',(-1.30104260698261E-16,-1.,0.));
#9028=DIRECTION('',(0.,0.,-1.));
#9029=DIRECTION('',(0.,1.,0.));
#9030=DIRECTION('',(1.,-1.19262238973406E-16,0.));
#9031=DIRECTION('',(-1.19262238973406E-16,-1.,0.));
#9032=DIRECTION('',(0.,0.,-1.));
#9033=DIRECTION('',(-1.19262238973406E-16,-1.,0.));
#9034=DIRECTION('',(0.,0.,-1.));
#9035=DIRECTION('',(0.,1.,0.));
#9036=DIRECTION('',(0.,0.,-1.));
#9037=DIRECTION('',(-1.,0.,0.));
#9038=DIRECTION('',(0.,0.,-1.));
#9039=DIRECTION('',(-1.,0.,0.));
#9040=DIRECTION('',(0.,0.,-1.));
#9041=DIRECTION('',(0.,0.,-1.));
#9042=DIRECTION('',(-1.,0.,0.));
#9043=DIRECTION('',(1.,-1.30104260698261E-16,0.));
#9044=DIRECTION('',(-1.30104260698261E-16,-1.,0.));
#9045=DIRECTION('',(-1.30104260698261E-16,-1.,0.));
#9046=DIRECTION('',(0.,0.,-1.));
#9047=DIRECTION('',(0.,1.,0.));
#9048=DIRECTION('',(1.,-1.19262238973406E-16,0.));
#9049=DIRECTION('',(-1.19262238973406E-16,-1.,0.));
#9050=DIRECTION('',(0.,0.,-1.));
#9051=DIRECTION('',(-1.19262238973406E-16,-1.,0.));
#9052=DIRECTION('',(0.,0.,-1.));
#9053=DIRECTION('',(0.,1.,0.));
#9054=DIRECTION('',(0.,0.,-1.));
#9055=DIRECTION('',(-1.,0.,0.));
#9056=DIRECTION('',(0.,0.,-1.));
#9057=DIRECTION('',(-1.,0.,0.));
#9058=DIRECTION('',(0.,0.,-1.));
#9059=DIRECTION('',(0.,0.,-1.));
#9060=DIRECTION('',(-1.,0.,0.));
#9061=DIRECTION('',(1.,-1.30104260698261E-16,0.));
#9062=DIRECTION('',(-1.30104260698261E-16,-1.,0.));
#9063=DIRECTION('',(-1.30104260698261E-16,-1.,0.));
#9064=DIRECTION('',(0.,0.,-1.));
#9065=DIRECTION('',(0.,1.,0.));
#9066=DIRECTION('',(1.,-1.19262238973406E-16,0.));
#9067=DIRECTION('',(-1.19262238973406E-16,-1.,0.));
#9068=DIRECTION('',(0.,0.,-1.));
#9069=DIRECTION('',(-1.19262238973406E-16,-1.,0.));
#9070=DIRECTION('',(0.,0.,-1.));
#9071=DIRECTION('',(0.,1.,0.));
#9072=DIRECTION('',(0.,0.,-1.));
#9073=DIRECTION('',(-1.,0.,0.));
#9074=DIRECTION('',(0.,0.,-1.));
#9075=DIRECTION('',(-1.,0.,0.));
#9076=DIRECTION('',(0.,0.,-1.));
#9077=DIRECTION('',(0.,0.,-1.));
#9078=DIRECTION('',(-1.,0.,0.));
#9079=DIRECTION('',(1.,-1.30104260698261E-16,0.));
#9080=DIRECTION('',(-1.30104260698261E-16,-1.,0.));
#9081=DIRECTION('',(-1.30104260698261E-16,-1.,0.));
#9082=DIRECTION('',(0.,0.,-1.));
#9083=DIRECTION('',(0.,1.,0.));
#9084=DIRECTION('',(1.,-1.19262238973406E-16,0.));
#9085=DIRECTION('',(-1.19262238973406E-16,-1.,0.));
#9086=DIRECTION('',(0.,0.,-1.));
#9087=DIRECTION('',(-1.19262238973406E-16,-1.,0.));
#9088=DIRECTION('',(0.,0.,-1.));
#9089=DIRECTION('',(0.,1.,0.));
#9090=DIRECTION('',(0.,0.,-1.));
#9091=DIRECTION('',(-1.,0.,0.));
#9092=DIRECTION('',(0.,0.,-1.));
#9093=DIRECTION('',(-1.,0.,0.));
#9094=DIRECTION('',(0.,0.,-1.));
#9095=DIRECTION('',(0.,0.,-1.));
#9096=DIRECTION('',(-1.,0.,0.));
#9097=DIRECTION('',(1.,-1.30104260698261E-16,0.));
#9098=DIRECTION('',(-1.30104260698261E-16,-1.,0.));
#9099=DIRECTION('',(-1.30104260698261E-16,-1.,0.));
#9100=DIRECTION('',(0.,0.,-1.));
#9101=DIRECTION('',(0.,1.,0.));
#9102=DIRECTION('',(1.,-1.19262238973406E-16,0.));
#9103=DIRECTION('',(-1.19262238973406E-16,-1.,0.));
#9104=DIRECTION('',(0.,0.,-1.));
#9105=DIRECTION('',(-1.19262238973406E-16,-1.,0.));
#9106=DIRECTION('',(0.,0.,-1.));
#9107=DIRECTION('',(0.,1.,0.));
#9108=DIRECTION('',(0.,0.,-1.));
#9109=DIRECTION('',(-1.,0.,0.));
#9110=DIRECTION('',(0.,0.,-1.));
#9111=DIRECTION('',(-1.,0.,0.));
#9112=DIRECTION('',(0.,0.,-1.));
#9113=DIRECTION('',(0.,0.,-1.));
#9114=DIRECTION('',(-1.,0.,0.));
#9115=DIRECTION('',(1.,-1.30104260698261E-16,0.));
#9116=DIRECTION('',(-1.30104260698261E-16,-1.,0.));
#9117=DIRECTION('',(-1.30104260698261E-16,-1.,0.));
#9118=DIRECTION('',(0.,0.,-1.));
#9119=DIRECTION('',(0.,1.,0.));
#9120=DIRECTION('',(0.,0.,-1.));
#9121=DIRECTION('',(-1.,0.,0.));
#9122=DIRECTION('',(0.,0.,-1.));
#9123=DIRECTION('',(-1.,0.,0.));
#9124=DIRECTION('',(0.,0.,-1.));
#9125=DIRECTION('',(-1.,0.,0.));
#9126=DIRECTION('',(0.,0.,-1.));
#9127=DIRECTION('',(-1.,0.,0.));
#9128=DIRECTION('',(0.,0.,-1.));
#9129=DIRECTION('',(-1.,0.,0.));
#9130=DIRECTION('',(0.,0.,-1.));
#9131=DIRECTION('',(-1.,0.,0.));
#9132=DIRECTION('',(0.,0.,-1.));
#9133=DIRECTION('',(-1.,0.,0.));
#9134=DIRECTION('',(0.,0.,-1.));
#9135=DIRECTION('',(-1.,0.,0.));
#9136=DIRECTION('',(0.,0.,-1.));
#9137=DIRECTION('',(-1.,0.,0.));
#9138=DIRECTION('',(0.,0.,-1.));
#9139=DIRECTION('',(-1.,0.,0.));
#9140=DIRECTION('',(0.,0.,-1.));
#9141=DIRECTION('',(-1.,0.,0.));
#9142=DIRECTION('',(0.,0.,-1.));
#9143=DIRECTION('',(-1.,0.,0.));
#9144=DIRECTION('',(0.,0.,-1.));
#9145=DIRECTION('',(-1.,0.,0.));
#9146=DIRECTION('',(0.,0.,-1.));
#9147=DIRECTION('',(-1.,0.,0.));
#9148=DIRECTION('',(0.,0.,-1.));
#9149=DIRECTION('',(-1.,0.,0.));
#9150=DIRECTION('',(0.,0.,-1.));
#9151=DIRECTION('',(-1.,0.,0.));
#9152=DIRECTION('',(0.,0.,-1.));
#9153=DIRECTION('',(-1.,0.,0.));
#9154=DIRECTION('',(0.,0.,-1.));
#9155=DIRECTION('',(-1.,0.,0.));
#9156=DIRECTION('',(0.,0.,-1.));
#9157=DIRECTION('',(-1.,0.,0.));
#9158=DIRECTION('',(0.,0.,-1.));
#9159=DIRECTION('',(-1.,0.,0.));
#9160=DIRECTION('',(0.,0.,-1.));
#9161=DIRECTION('',(-1.,0.,0.));
#9162=DIRECTION('',(0.,0.,-1.));
#9163=DIRECTION('',(-1.,0.,0.));
#9164=DIRECTION('',(0.,0.,-1.));
#9165=DIRECTION('',(-1.,0.,0.));
#9166=DIRECTION('',(0.,0.,-1.));
#9167=DIRECTION('',(-1.,0.,0.));
#9168=DIRECTION('',(0.,0.,-1.));
#9169=DIRECTION('',(-1.,0.,0.));
#9170=DIRECTION('',(0.,0.,-1.));
#9171=DIRECTION('',(-1.,0.,0.));
#9172=DIRECTION('',(0.,0.,-1.));
#9173=DIRECTION('',(-1.,0.,0.));
#9174=DIRECTION('',(0.,0.,-1.));
#9175=DIRECTION('',(-1.,0.,0.));
#9176=DIRECTION('',(0.,0.,-1.));
#9177=DIRECTION('',(-1.,0.,0.));
#9178=DIRECTION('',(0.,0.,-1.));
#9179=DIRECTION('',(-1.,0.,0.));
#9180=DIRECTION('',(0.,0.,-1.));
#9181=DIRECTION('',(-1.,0.,0.));
#9182=DIRECTION('',(0.,0.,-1.));
#9183=DIRECTION('',(-1.,0.,0.));
#9184=DIRECTION('',(0.,0.,-1.));
#9185=DIRECTION('',(-1.,0.,0.));
#9186=DIRECTION('',(0.,0.,-1.));
#9187=DIRECTION('',(-1.,0.,0.));
#9188=DIRECTION('',(0.,0.,-1.));
#9189=DIRECTION('',(-1.,0.,0.));
#9190=DIRECTION('',(0.,0.,-1.));
#9191=DIRECTION('',(-1.,0.,0.));
#9192=DIRECTION('',(0.,0.,-1.));
#9193=DIRECTION('',(-1.,0.,0.));
#9194=DIRECTION('',(0.,0.,-1.));
#9195=DIRECTION('',(-1.,0.,0.));
#9196=DIRECTION('',(0.,0.,-1.));
#9197=DIRECTION('',(-1.,0.,0.));
#9198=DIRECTION('',(0.,0.,-1.));
#9199=DIRECTION('',(-1.,0.,0.));
#9200=DIRECTION('',(0.,0.,-1.));
#9201=DIRECTION('',(-1.,0.,0.));
#9202=DIRECTION('',(0.,0.,-1.));
#9203=DIRECTION('',(-1.,0.,0.));
#9204=DIRECTION('',(0.,0.,-1.));
#9205=DIRECTION('',(-1.,0.,0.));
#9206=DIRECTION('',(0.,0.,-1.));
#9207=DIRECTION('',(-1.,0.,0.));
#9208=DIRECTION('',(0.,0.,-1.));
#9209=DIRECTION('',(-1.,0.,0.));
#9210=DIRECTION('',(1.,0.,0.));
#9211=DIRECTION('',(0.,-1.,0.));
#9212=DIRECTION('',(0.,-1.,0.));
#9213=DIRECTION('',(0.,-1.,0.));
#9214=DIRECTION('',(0.,-1.,0.));
#9215=DIRECTION('',(-1.,0.,0.));
#9216=DIRECTION('',(-1.,0.,0.));
#9217=DIRECTION('',(-1.,0.,0.));
#9218=DIRECTION('',(0.,0.,-1.));
#9219=DIRECTION('',(-1.,0.,0.));
#9220=DIRECTION('',(0.,0.,-1.));
#9221=DIRECTION('',(-1.,0.,0.));
#9222=DIRECTION('',(0.,0.,-1.));
#9223=DIRECTION('',(-1.,0.,0.));
#9224=DIRECTION('',(0.,0.,-1.));
#9225=DIRECTION('',(-1.,0.,0.));
#9226=DIRECTION('',(0.,0.,-1.));
#9227=DIRECTION('',(-1.,0.,0.));
#9228=DIRECTION('',(0.,0.,-1.));
#9229=DIRECTION('',(-1.,0.,0.));
#9230=DIRECTION('',(0.,0.,-1.));
#9231=DIRECTION('',(-1.,0.,0.));
#9232=DIRECTION('',(0.,0.,-1.));
#9233=DIRECTION('',(-1.,0.,0.));
#9234=DIRECTION('',(0.,0.,-1.));
#9235=DIRECTION('',(-1.,0.,0.));
#9236=DIRECTION('',(0.,0.,-1.));
#9237=DIRECTION('',(-1.,0.,0.));
#9238=DIRECTION('',(0.,0.,-1.));
#9239=DIRECTION('',(-1.,0.,0.));
#9240=DIRECTION('',(0.,0.,-1.));
#9241=DIRECTION('',(-1.,0.,0.));
#9242=DIRECTION('',(-1.,0.,0.));
#9243=DIRECTION('',(0.,0.,-1.));
#9244=DIRECTION('',(-1.,0.,0.));
#9245=DIRECTION('',(-1.,0.,0.));
#9246=DIRECTION('',(0.,-0.987839874683022,-0.155474698862004));
#9247=DIRECTION('',(0.,0.155474698862004,-0.987839874683022));
#9248=DIRECTION('',(0.,0.155474698862004,-0.987839874683022));
#9249=DIRECTION('',(0.669218638268037,0.115527892892761,-0.734029781520091));
#9250=DIRECTION('',(1.,0.,0.));
#9251=DIRECTION('',(0.669218638267969,-0.11552789289277,0.734029781520152));
#9252=DIRECTION('',(-0.66698953420603,-0.115839080683762,0.736006975949253));
#9253=DIRECTION('',(-1.,0.,0.));
#9254=DIRECTION('',(-0.666989534206204,0.115839080683738,-0.736006975949099));
#9255=DIRECTION('',(0.,-0.987839874683022,-0.155474698862004));
#9256=DIRECTION('',(0.,0.155474698862004,-0.987839874683022));
#9257=DIRECTION('',(1.,0.,0.));
#9258=DIRECTION('',(-0.669218638268037,-0.115527892892761,0.734029781520091));
#9259=DIRECTION('',(0.,0.155474698862004,-0.987839874683022));
#9260=DIRECTION('',(0.666989534206204,-0.115839080683738,0.736006975949099));
#9261=DIRECTION('',(-1.,0.,0.));
#9262=DIRECTION('',(0.666989534206031,0.115839080683762,-0.736006975949253));
#9263=DIRECTION('',(-0.669218638267969,0.11552789289277,-0.734029781520152));
#9264=DIRECTION('',(-0.743065551748138,-0.104046566257552,0.661080855762174));
#9265=DIRECTION('',(0.669218638267969,-0.11552789289277,0.734029781520152));
#9266=DIRECTION('',(-0.745067085073299,0.10369999697479,-0.658878857884973));
#9267=DIRECTION('',(-0.66698953420603,-0.115839080683762,0.736006975949253));
#9268=DIRECTION('',(0.745067085073144,0.103699996974817,-0.658878857885144));
#9269=DIRECTION('',(-0.666989534206204,0.115839080683738,-0.736006975949099));
#9270=DIRECTION('',(0.743065551748077,-0.104046566257563,0.661080855762241));
#9271=DIRECTION('',(0.669218638268037,0.115527892892761,-0.734029781520091));
#9272=DIRECTION('',(-1.,0.,0.));
#9273=DIRECTION('',(0.,-0.649817397865738,-0.760090356096564));
#9274=DIRECTION('',(-1.,0.,0.));
#9275=DIRECTION('',(0.,-0.649817397865738,-0.760090356096564));
#9276=DIRECTION('',(0.,-0.94900998295058,-0.315246018626945));
#9277=DIRECTION('',(-1.,0.,0.));
#9278=DIRECTION('',(1.,0.,0.));
#9279=DIRECTION('',(0.,-0.315246018626957,0.949009982950576));
#9280=DIRECTION('',(1.,0.,0.));
#9281=DIRECTION('',(0.,0.315246018626945,-0.94900998295058));
#9282=DIRECTION('',(0.,0.94900998295058,0.315246018626945));
#9283=DIRECTION('',(1.,0.,0.));
#9284=DIRECTION('',(0.,-0.315246018626945,0.94900998295058));
#9285=DIRECTION('',(1.,0.,0.));
#9286=DIRECTION('',(0.,-0.315246018626945,0.94900998295058));
#9287=DIRECTION('',(1.,0.,0.));
#9288=DIRECTION('',(1.,-7.23635119279436E-17,-2.40380074382585E-17));
#9289=DIRECTION('',(-7.62515813616178E-17,-0.94900998295058,-0.315246018626945));
#9290=DIRECTION('',(-7.62515813616178E-17,-0.94900998295058,-0.315246018626945));
#9291=DIRECTION('',(0.,-0.315246018626945,0.94900998295058));
#9292=DIRECTION('',(0.,0.94900998295058,0.315246018626945));
#9293=DIRECTION('',(0.,0.94900998295058,0.315246018626945));
#9294=DIRECTION('',(1.,0.,0.));
#9295=DIRECTION('',(1.,0.,0.));
#9296=DIRECTION('',(0.,-0.315246018626945,0.94900998295058));
#9297=DIRECTION('',(1.,0.,0.));
#9298=DIRECTION('',(0.,-0.94900998295058,-0.315246018626945));
#9299=DIRECTION('',(-1.,0.,0.));
#9300=DIRECTION('',(0.,-0.315246018626932,0.949009982950584));
#9301=DIRECTION('',(1.,0.,0.));
#9302=DIRECTION('',(0.,-0.315246018626945,0.94900998295058));
#9303=DIRECTION('',(1.,0.,0.));
#9304=DIRECTION('',(1.,0.,0.));
#9305=DIRECTION('',(0.,-0.94900998295058,-0.315246018626945));
#9306=DIRECTION('',(0.,0.94900998295058,0.315246018626945));
#9307=DIRECTION('',(0.,0.94900998295058,0.315246018626945));
#9308=DIRECTION('',(1.,0.,0.));
#9309=DIRECTION('',(0.,-0.94900998295058,-0.315246018626945));
#9310=DIRECTION('',(0.,-0.94900998295058,-0.315246018626945));
#9311=DIRECTION('',(0.,-0.94900998295058,-0.315246018626945));
#9312=DIRECTION('',(1.,-7.23635119279436E-17,-2.40380074382585E-17));
#9313=DIRECTION('',(-7.62515813616178E-17,-0.94900998295058,-0.315246018626945));
#9314=DIRECTION('',(-7.62515813616178E-17,-0.94900998295058,-0.315246018626945));
#9315=DIRECTION('',(0.,0.94900998295058,0.315246018626945));
#9316=DIRECTION('',(0.,0.315246018626945,-0.94900998295058));
#9317=DIRECTION('',(0.,0.94900998295058,0.315246018626945));
#9318=DIRECTION('',(-1.,0.,0.));
#9319=DIRECTION('',(-1.,-1.7347234759768E-16,2.31296463463574E-16));
#9320=DIRECTION('',(0.,0.315246018626945,-0.94900998295058));
#9321=DIRECTION('',(0.,0.94900998295058,0.315246018626945));
#9322=DIRECTION('',(-1.,0.,0.));
#9323=DIRECTION('',(-1.,-1.7347234759768E-16,2.31296463463574E-16));
#9324=DIRECTION('',(1.,0.,0.));
#9325=DIRECTION('',(0.,0.,-1.));
#9326=DIRECTION('',(0.,1.,0.));
#9327=DIRECTION('',(0.,0.,-1.));
#9328=DIRECTION('',(0.,1.,0.));
#9329=DIRECTION('',(0.,0.,1.));
#9330=DIRECTION('',(2.66880534765662E-16,0.,1.));
#9331=DIRECTION('',(1.,0.,-2.66880534765662E-16));
#9332=DIRECTION('',(1.,0.,-2.66880534765662E-16));
#9333=DIRECTION('',(0.,1.,0.));
#9334=DIRECTION('',(1.,0.,0.));
#9335=DIRECTION('',(1.,0.,0.));
#9336=DIRECTION('',(0.,0.,-1.));
#9337=DIRECTION('',(0.,0.,-1.));
#9338=DIRECTION('',(0.,1.,0.));
#9339=DIRECTION('',(0.,0.,1.));
#9340=DIRECTION('',(0.,1.,0.));
#9341=DIRECTION('',(0.,0.,1.));
#9342=DIRECTION('',(0.,1.,0.));
#9343=DIRECTION('',(0.,0.,1.));
#9344=DIRECTION('',(0.,1.,0.));
#9345=DIRECTION('',(0.,1.,0.));
#9346=DIRECTION('',(0.,0.,1.));
#9347=DIRECTION('',(1.,0.,0.));
#9348=DIRECTION('',(0.,0.,-1.));
#9349=DIRECTION('',(0.,0.,-1.));
#9350=DIRECTION('',(0.,1.,0.));
#9351=DIRECTION('',(0.,0.,1.));
#9352=DIRECTION('',(2.66880534765662E-16,0.,1.));
#9353=DIRECTION('',(1.,0.,-2.66880534765662E-16));
#9354=DIRECTION('',(1.,0.,-2.66880534765662E-16));
#9355=DIRECTION('',(0.,1.,0.));
#9356=DIRECTION('',(1.,0.,0.));
#9357=DIRECTION('',(0.698423079946548,0.,0.715685127271748));
#9358=DIRECTION('',(0.715685127271748,0.,-0.698423079946548));
#9359=DIRECTION('',(-0.715685127271748,0.,0.698423079946548));
#9360=DIRECTION('',(0.,1.,0.));
#9361=DIRECTION('',(-0.715685127271748,0.,0.698423079946548));
#9362=DIRECTION('',(0.698423079946546,0.,-0.71568512727175));
#9363=DIRECTION('',(-0.71568512727175,0.,-0.698423079946546));
#9364=DIRECTION('',(0.,-1.,0.));
#9365=DIRECTION('',(-0.71568512727175,0.,-0.698423079946546));
#9366=DIRECTION('',(0.,-1.,0.));
#9367=DIRECTION('',(-0.71568512727175,0.,-0.698423079946546));
#9368=DIRECTION('',(2.66880534765662E-16,0.,1.));
#9369=DIRECTION('',(1.,0.,-2.66880534765662E-16));
#9370=DIRECTION('',(1.,0.,-2.66880534765662E-16));
#9371=DIRECTION('',(0.,1.,0.));
#9372=DIRECTION('',(1.,0.,0.));
#9373=DIRECTION('',(1.,0.,0.));
#9374=DIRECTION('',(0.,0.,-1.));
#9375=DIRECTION('',(0.,0.,-1.));
#9376=DIRECTION('',(0.,1.,0.));
#9377=DIRECTION('',(0.,0.,1.));
#9378=DIRECTION('',(0.,1.,0.));
#9379=DIRECTION('',(0.,0.,1.));
#9380=DIRECTION('',(0.,1.,0.));
#9381=DIRECTION('',(0.,0.,1.));
#9382=DIRECTION('',(0.,1.,0.));
#9383=DIRECTION('',(0.,0.,1.));
#9384=DIRECTION('',(0.,1.,0.));
#9385=DIRECTION('',(0.,0.,1.));
#9386=DIRECTION('',(1.,0.,0.));
#9387=DIRECTION('',(0.,1.,0.));
#9388=DIRECTION('',(0.,0.,1.));
#9389=DIRECTION('',(1.,0.,0.));
#9390=DIRECTION('',(1.,1.7347234759768E-16,-2.31296463463574E-16));
#9391=DIRECTION('',(-2.31296463463574E-16,0.,-1.));
#9392=DIRECTION('',(-1.,-1.7347234759768E-16,2.31296463463574E-16));
#9393=DIRECTION('',(2.31296463463574E-16,0.,1.));
#9394=DIRECTION('',(-1.,-1.7347234759768E-16,2.31296463463574E-16));
#9395=DIRECTION('',(2.31296463463574E-16,0.,1.));
#9396=DIRECTION('',(1.,1.7347234759768E-16,-2.31296463463574E-16));
#9397=DIRECTION('',(-2.31296463463574E-16,0.,-1.));
#9398=DIRECTION('',(-1.,-1.7347234759768E-16,2.31296463463574E-16));
#9399=DIRECTION('',(2.31296463463574E-16,0.,1.));
#9400=DIRECTION('',(-1.,-1.7347234759768E-16,2.31296463463574E-16));
#9401=DIRECTION('',(2.31296463463574E-16,0.,1.));
#9402=DIRECTION('',(-1.,-1.7347234759768E-16,2.31296463463574E-16));
#9403=DIRECTION('',(8.6063601880361E-17,0.585129892149194,0.81093958425611));
#9404=DIRECTION('',(-1.,-1.7347234759768E-16,2.31296463463574E-16));
#9405=DIRECTION('',(8.6063601880361E-17,0.585129892149194,0.81093958425611));
#9406=DIRECTION('',(-1.,0.,0.));
#9407=DIRECTION('',(0.,-0.854095904700122,0.520115550214066));
#9408=DIRECTION('',(-1.,0.,0.));
#9409=DIRECTION('',(0.,-0.854095904700122,0.520115550214066));
#9410=DIRECTION('',(0.,-0.155474698862004,0.987839874683022));
#9411=DIRECTION('',(-0.707106781186548,-0.698508274114835,-0.109937213868259));
#9412=DIRECTION('',(0.,0.155474698862004,-0.987839874683022));
#9413=DIRECTION('',(0.,-0.155474698862004,0.987839874683022));
#9414=DIRECTION('',(-0.707106781186548,-0.698508274114835,-0.109937213868259));
#9415=DIRECTION('',(0.,0.155474698862004,-0.987839874683022));
#9416=DIRECTION('',(0.,-1.,-2.41352831440252E-16));
#9417=DIRECTION('',(0.,2.41352831440252E-16,-1.));
#9418=DIRECTION('',(0.,-2.41352831440252E-16,1.));
#9419=DIRECTION('',(-1.,6.82426036054716E-15,0.));
#9420=DIRECTION('',(0.,-2.41352831440252E-16,1.));
#9421=DIRECTION('',(1.,0.,0.));
#9422=DIRECTION('',(0.,0.,1.));
#9423=DIRECTION('',(0.,-1.,0.));
#9424=DIRECTION('',(-1.,0.,0.));
#9425=DIRECTION('',(0.,1.,0.));
#9426=DIRECTION('',(0.,1.,0.));
#9427=DIRECTION('',(0.,-0.315246018626945,0.94900998295058));
#9428=DIRECTION('',(0.,-0.94900998295058,-0.315246018626945));
#9429=DIRECTION('',(0.,-0.94900998295058,-0.315246018626945));
#9430=DIRECTION('',(0.,-0.94900998295058,-0.315246018626945));
#9431=DIRECTION('',(0.,-0.585129892149195,-0.810939584256109));
#9432=DIRECTION('',(0.,0.810939584256109,-0.585129892149195));
#9433=DIRECTION('',(-1.,0.,0.));
#9434=DIRECTION('',(0.,0.810939584256109,-0.585129892149195));
#9435=DIRECTION('',(-1.,0.,0.));
#9436=DIRECTION('',(0.,0.810939584256109,-0.585129892149195));
#9437=DIRECTION('',(1.,0.,0.));
#9438=DIRECTION('',(0.,0.,-1.));
#9439=DIRECTION('',(1.,0.,0.));
#9440=DIRECTION('',(0.,0.,-1.));
#9441=DIRECTION('',(-1.,0.,0.));
#9442=DIRECTION('',(1.,0.,0.));
#9443=DIRECTION('',(0.,0.,-1.));
#9444=DIRECTION('',(0.,-0.585129892149194,-0.81093958425611));
#9445=DIRECTION('',(0.,0.81093958425611,-0.585129892149194));
#9446=DIRECTION('',(0.,0.81093958425611,-0.585129892149194));
#9447=DIRECTION('',(-1.,0.,0.));
#9448=DIRECTION('',(0.,0.81093958425611,-0.585129892149194));
#9449=DIRECTION('',(0.,-0.585129892149194,-0.81093958425611));
#9450=DIRECTION('',(0.,0.81093958425611,-0.585129892149194));
#9451=DIRECTION('',(-1.,0.,0.));
#9452=DIRECTION('',(0.,0.81093958425611,-0.585129892149194));
#9453=DIRECTION('',(-1.,0.,0.));
#9454=DIRECTION('',(0.,0.81093958425611,-0.585129892149194));
#9455=DIRECTION('',(1.,0.,0.));
#9456=DIRECTION('',(0.,0.,-1.));
#9457=DIRECTION('',(1.,0.,0.));
#9458=DIRECTION('',(0.,0.,-1.));
#9459=DIRECTION('',(-1.,0.,0.));
#9460=DIRECTION('',(1.,0.,0.));
#9461=DIRECTION('',(0.,0.,-1.));
#9462=DIRECTION('',(0.,-0.585129892149194,-0.81093958425611));
#9463=DIRECTION('',(0.,0.81093958425611,-0.585129892149194));
#9464=DIRECTION('',(0.,0.81093958425611,-0.585129892149194));
#9465=DIRECTION('',(-1.,0.,0.));
#9466=DIRECTION('',(0.,0.81093958425611,-0.585129892149194));
#9467=DIRECTION('',(0.,-0.585129892149194,-0.81093958425611));
#9468=DIRECTION('',(0.,0.81093958425611,-0.585129892149194));
#9469=DIRECTION('',(-1.,0.,0.));
#9470=DIRECTION('',(0.,0.81093958425611,-0.585129892149194));
#9471=DIRECTION('',(-1.,0.,0.));
#9472=DIRECTION('',(0.,0.81093958425611,-0.585129892149194));
#9473=DIRECTION('',(1.,0.,0.));
#9474=DIRECTION('',(0.,0.,-1.));
#9475=DIRECTION('',(1.,0.,0.));
#9476=DIRECTION('',(0.,0.,-1.));
#9477=DIRECTION('',(-1.,0.,0.));
#9478=DIRECTION('',(1.,0.,0.));
#9479=DIRECTION('',(0.,0.,-1.));
#9480=DIRECTION('',(0.,-0.585129892149193,-0.810939584256111));
#9481=DIRECTION('',(0.,0.810939584256111,-0.585129892149193));
#9482=DIRECTION('',(0.,0.810939584256111,-0.585129892149193));
#9483=DIRECTION('',(-1.,0.,0.));
#9484=DIRECTION('',(0.,0.810939584256111,-0.585129892149193));
#9485=DIRECTION('',(0.,-0.585129892149194,-0.81093958425611));
#9486=DIRECTION('',(0.,0.81093958425611,-0.585129892149194));
#9487=DIRECTION('',(-1.,0.,0.));
#9488=DIRECTION('',(0.,0.81093958425611,-0.585129892149194));
#9489=DIRECTION('',(-1.,0.,0.));
#9490=DIRECTION('',(0.,0.81093958425611,-0.585129892149194));
#9491=DIRECTION('',(1.,0.,0.));
#9492=DIRECTION('',(0.,0.,-1.));
#9493=DIRECTION('',(1.,0.,0.));
#9494=DIRECTION('',(0.,0.,-1.));
#9495=DIRECTION('',(-1.,0.,0.));
#9496=DIRECTION('',(1.,0.,0.));
#9497=DIRECTION('',(0.,0.,-1.));
#9498=DIRECTION('',(0.,-0.585129892149194,-0.81093958425611));
#9499=DIRECTION('',(0.,0.81093958425611,-0.585129892149194));
#9500=DIRECTION('',(0.,0.81093958425611,-0.585129892149194));
#9501=DIRECTION('',(-1.,0.,0.));
#9502=DIRECTION('',(0.,0.81093958425611,-0.585129892149194));
#9503=DIRECTION('',(0.,-0.585129892149193,-0.810939584256111));
#9504=DIRECTION('',(0.,0.810939584256111,-0.585129892149193));
#9505=DIRECTION('',(-1.,0.,0.));
#9506=DIRECTION('',(0.,0.810939584256111,-0.585129892149193));
#9507=DIRECTION('',(-1.,0.,0.));
#9508=DIRECTION('',(0.,0.810939584256111,-0.585129892149193));
#9509=DIRECTION('',(1.,0.,0.));
#9510=DIRECTION('',(0.,0.,-1.));
#9511=DIRECTION('',(1.,0.,0.));
#9512=DIRECTION('',(0.,0.,-1.));
#9513=DIRECTION('',(-1.,0.,0.));
#9514=DIRECTION('',(1.,0.,0.));
#9515=DIRECTION('',(0.,0.,-1.));
#9516=DIRECTION('',(0.,-0.585129892149194,-0.81093958425611));
#9517=DIRECTION('',(0.,0.81093958425611,-0.585129892149194));
#9518=DIRECTION('',(0.,0.81093958425611,-0.585129892149194));
#9519=DIRECTION('',(-1.,0.,0.));
#9520=DIRECTION('',(0.,0.81093958425611,-0.585129892149194));
#9521=DIRECTION('',(1.,0.,0.));
#9522=DIRECTION('',(0.,0.,-1.));
#9523=DIRECTION('',(1.,0.,0.));
#9524=DIRECTION('',(0.,0.,-1.));
#9525=DIRECTION('',(1.,0.,0.));
#9526=DIRECTION('',(0.,0.,-1.));
#9527=DIRECTION('',(1.,0.,0.));
#9528=DIRECTION('',(0.,0.,-1.));
#9529=DIRECTION('',(1.,0.,0.));
#9530=DIRECTION('',(0.,0.,-1.));
#9531=DIRECTION('',(1.,0.,0.));
#9532=DIRECTION('',(0.,0.,-1.));
#9533=DIRECTION('',(1.,0.,0.));
#9534=DIRECTION('',(0.,0.,-1.));
#9535=DIRECTION('',(1.,0.,0.));
#9536=DIRECTION('',(0.,0.,-1.));
#9537=DIRECTION('',(1.,0.,0.));
#9538=DIRECTION('',(0.,0.,-1.));
#9539=DIRECTION('',(1.,0.,0.));
#9540=DIRECTION('',(0.,0.,-1.));
#9541=DIRECTION('',(1.,0.,0.));
#9542=DIRECTION('',(0.,0.,-1.));
#9543=DIRECTION('',(1.,0.,0.));
#9544=DIRECTION('',(0.,0.,-1.));
#9545=DIRECTION('',(1.,0.,0.));
#9546=DIRECTION('',(0.,0.,-1.));
#9547=DIRECTION('',(1.,0.,0.));
#9548=DIRECTION('',(0.,0.,-1.));
#9549=DIRECTION('',(1.,0.,0.));
#9550=DIRECTION('',(0.,0.,-1.));
#9551=DIRECTION('',(1.,0.,0.));
#9552=DIRECTION('',(0.,1.,0.));
#9553=DIRECTION('',(0.,2.19238353993909E-16,-1.));
#9554=DIRECTION('',(1.,0.,0.));
#9555=DIRECTION('',(0.,1.,0.));
#9556=DIRECTION('',(0.,2.19238353993909E-16,-1.));
#9557=DIRECTION('',(-1.,0.,0.));
#9558=DIRECTION('',(0.,0.,1.));
#9559=DIRECTION('',(0.,-1.,0.));
#9560=DIRECTION('',(0.,0.,1.));
#9561=DIRECTION('',(0.,1.,0.));
#9562=DIRECTION('',(0.,0.,1.));
#9563=DIRECTION('',(0.,0.,1.));
#9564=DIRECTION('',(1.,0.,0.));
#9565=DIRECTION('',(1.,0.,0.));
#9566=DIRECTION('',(0.,1.,0.));
#9567=DIRECTION('',(1.,0.,0.));
#9568=DIRECTION('',(0.698423079946548,0.,0.715685127271748));
#9569=DIRECTION('',(0.715685127271748,0.,-0.698423079946548));
#9570=DIRECTION('',(0.715685127271748,0.,-0.698423079946548));
#9571=DIRECTION('',(0.715685127271748,0.,-0.698423079946548));
#9572=DIRECTION('',(0.,-1.,0.));
#9573=DIRECTION('',(0.,1.,0.));
#9574=DIRECTION('',(0.,0.,1.));
#9575=DIRECTION('',(0.,0.,1.));
#9576=DIRECTION('',(0.,1.,0.));
#9577=DIRECTION('',(0.,0.,1.));
#9578=DIRECTION('',(0.,0.,1.));
#9579=DIRECTION('',(0.,-2.19238353993909E-16,1.));
#9580=DIRECTION('',(0.,-1.,-2.19238353993909E-16));
#9581=DIRECTION('',(0.,2.19238353993909E-16,-1.));
#9582=DIRECTION('',(0.,1.,2.19238353993909E-16));
#9583=DIRECTION('',(0.,2.19238353993909E-16,-1.));
#9584=DIRECTION('',(0.,1.,2.19238353993909E-16));
#9585=DIRECTION('',(0.,-2.19238353993909E-16,1.));
#9586=DIRECTION('',(0.,-1.,-2.19238353993909E-16));
#9587=DIRECTION('',(0.,2.19238353993909E-16,-1.));
#9588=DIRECTION('',(0.,1.,2.19238353993909E-16));
#9589=DIRECTION('',(0.,2.19238353993909E-16,-1.));
#9590=DIRECTION('',(0.,1.,2.19238353993909E-16));
#9591=DIRECTION('',(0.,2.19238353993909E-16,-1.));
#9592=DIRECTION('',(-0.707106781186548,0.707106781186548,1.5502492680527E-16));
#9593=DIRECTION('',(0.,2.19238353993909E-16,-1.));
#9594=DIRECTION('',(-0.707106781186548,0.707106781186548,1.5502492680527E-16));
#9595=DIRECTION('',(0.,0.,-1.));
#9596=DIRECTION('',(-1.,0.,0.));
#9597=DIRECTION('',(0.,0.,1.));
#9598=DIRECTION('',(1.,0.,0.));
#9599=DIRECTION('',(0.,0.,1.));
#9600=DIRECTION('',(1.,0.,0.));
#9601=DIRECTION('',(0.,0.,-1.));
#9602=DIRECTION('',(-1.,0.,0.));
#9603=DIRECTION('',(0.,0.,1.));
#9604=DIRECTION('',(1.,0.,0.));
#9605=DIRECTION('',(0.,0.,1.));
#9606=DIRECTION('',(1.,0.,0.));
#9607=CARTESIAN_POINT('',(0.,0.,0.));
#9608=CARTESIAN_POINT('',(-0.024,-0.1783073214829,0.170881369723934));
#9609=CARTESIAN_POINT('',(-0.024,-0.1783073214829,0.170881369723934));
#9610=CARTESIAN_POINT('',(-0.0225,-0.1783073214829,0.170881369723934));
#9611=CARTESIAN_POINT('',(0.0225,-0.1783073214829,0.170881369723934));
#9612=CARTESIAN_POINT('',(0.0225,-0.1783073214829,0.170881369723934));
#9613=CARTESIAN_POINT('',(0.0225,-0.179158485733193,0.1734436966779));
#9614=CARTESIAN_POINT('',(-0.024,-0.179158485733193,0.1734436966779));
#9615=CARTESIAN_POINT('',(-0.0225,-0.179158485733193,0.1734436966779));
#9616=CARTESIAN_POINT('',(-0.0225,-0.1783073214829,0.170881369723934));
#9617=CARTESIAN_POINT('',(-0.0225,-0.176883806508474,0.171354238751874));
#9618=CARTESIAN_POINT('',(-0.0225,-0.177734970758767,0.17391656570584));
#9619=CARTESIAN_POINT('',(-0.024,-0.177734970758767,0.17391656570584));
#9620=CARTESIAN_POINT('',(-0.024,-0.176883806508474,0.171354238751874));
#9621=CARTESIAN_POINT('',(-0.024,-0.176883806508474,0.171354238751874));
#9622=CARTESIAN_POINT('',(-0.0225,-0.176883806508474,0.171354238751874));
#9623=CARTESIAN_POINT('',(0.0225,-0.178968356543896,0.173822973478373));
#9624=CARTESIAN_POINT('',(0.0225,-0.178778227354599,0.174202250278847));
#9625=CARTESIAN_POINT('',(0.0225,-0.178778227354599,0.174202250278847));
#9626=CARTESIAN_POINT('',(-0.0225,-0.178778227354599,0.174202250278847));
#9627=CARTESIAN_POINT('',(-0.0225,-0.179158485733193,0.1734436966779));
#9628=CARTESIAN_POINT('',(0.0225,-0.178968356543896,0.173822973478373));
#9629=CARTESIAN_POINT('',(-6.93889390390723E-17,-0.155531081892086,0.17844727417098));
#9630=CARTESIAN_POINT('',(-0.024,-0.132754842301272,0.186013178618027));
#9631=CARTESIAN_POINT('',(-0.024,-0.134178357275698,0.185540309590086));
#9632=CARTESIAN_POINT('',(-0.0225,-0.134178357275698,0.185540309590086));
#9633=CARTESIAN_POINT('',(-0.0225,-0.132754842301272,0.186013178618027));
#9634=CARTESIAN_POINT('',(0.024,-0.132754842301272,0.186013178618027));
#9635=CARTESIAN_POINT('',(0.0225,-0.132754842301272,0.186013178618027));
#9636=CARTESIAN_POINT('',(0.0225,-0.134178357275698,0.185540309590086));
#9637=CARTESIAN_POINT('',(0.024,-0.134178357275698,0.185540309590086));
#9638=CARTESIAN_POINT('',(0.024,-0.1783073214829,0.170881369723934));
#9639=CARTESIAN_POINT('',(0.024,-0.176883806508474,0.171354238751874));
#9640=CARTESIAN_POINT('',(0.0225,-0.176883806508474,0.171354238751874));
#9641=CARTESIAN_POINT('',(0.0225,-0.176883806508474,0.171354238751874));
#9642=CARTESIAN_POINT('',(0.024,-0.176883806508474,0.171354238751874));
#9643=CARTESIAN_POINT('',(0.024,-0.177734970758767,0.17391656570584));
#9644=CARTESIAN_POINT('',(0.0225,-0.177734970758767,0.17391656570584));
#9645=CARTESIAN_POINT('',(-0.0225,-0.177734970758767,0.17391656570584));
#9646=CARTESIAN_POINT('',(-0.0225,-0.177924118369943,0.174485971695611));
#9647=CARTESIAN_POINT('',(-0.0234,-0.177924118369943,0.174485971695611));
#9648=CARTESIAN_POINT('',(-0.0237,-0.177829544564355,0.174201268700726));
#9649=CARTESIAN_POINT('',(-0.024,-0.132754842301272,0.186013178618027));
#9650=CARTESIAN_POINT('',(-0.024,-0.133606006551565,0.188575505571993));
#9651=CARTESIAN_POINT('',(-0.024,-0.135029521525991,0.188102636544053));
#9652=CARTESIAN_POINT('',(-0.024,-0.134178357275698,0.185540309590086));
#9653=CARTESIAN_POINT('',(0.0225,-0.177734970758767,0.17391656570584));
#9654=CARTESIAN_POINT('',(0.0225,-0.177924118369943,0.174485971695611));
#9655=CARTESIAN_POINT('',(0.0234,-0.177924118369943,0.174485971695611));
#9656=CARTESIAN_POINT('',(0.024,-0.177734970758767,0.17391656570584));
#9657=CARTESIAN_POINT('',(-6.93889390390723E-17,-0.156571393753555,0.181579007114717));
#9658=CARTESIAN_POINT('',(0.0234,-0.135218669137167,0.188672042533823));
#9659=CARTESIAN_POINT('',(0.0234,-0.135218669137167,0.188672042533823));
#9660=CARTESIAN_POINT('',(0.0225,-0.135218669137167,0.188672042533823));
#9661=CARTESIAN_POINT('',(0.0225,-0.134364560152512,0.188955763950588));
#9662=CARTESIAN_POINT('',(-0.0225,-0.134364560152511,0.188955763950587));
#9663=CARTESIAN_POINT('',(-0.0225,-0.134364560152511,0.188955763950588));
#9664=CARTESIAN_POINT('',(-0.0225,-0.135218669137167,0.188672042533823));
#9665=CARTESIAN_POINT('',(-0.0234,-0.135218669137167,0.188672042533823));
#9666=CARTESIAN_POINT('',(-0.0234,-0.177924118369943,0.174485971695611));
#9667=CARTESIAN_POINT('',(-0.013,-0.156571393753555,0.181579007114717));
#9668=CARTESIAN_POINT('',(-0.013,-0.167010503566011,0.178111300909821));
#9669=CARTESIAN_POINT('',(-0.013,-0.171755553480765,0.176535070816686));
#9670=CARTESIAN_POINT('',(-6.93889390390723E-17,-0.171755553480765,0.176535070816686));
#9671=CARTESIAN_POINT('',(-0.02,-0.171755553480765,0.176535070816686));
#9672=CARTESIAN_POINT('',(-0.02,-0.156571393753555,0.181579007114717));
#9673=CARTESIAN_POINT('',(-0.02,-0.167010503566011,0.178111300909821));
#9674=CARTESIAN_POINT('',(-6.93889390390723E-17,-0.167010503566011,0.178111300909821));
#9675=CARTESIAN_POINT('',(-0.00200000000000007,-0.156571393753555,0.181579007114717));
#9676=CARTESIAN_POINT('',(-0.00200000000000007,-0.167010503566011,0.178111300909821));
#9677=CARTESIAN_POINT('',(-0.00200000000000007,-0.171755553480765,0.176535070816686));
#9678=CARTESIAN_POINT('',(-6.93889390390723E-17,-0.171755553480765,0.176535070816686));
#9679=CARTESIAN_POINT('',(-0.009,-0.171755553480765,0.176535070816686));
#9680=CARTESIAN_POINT('',(-0.009,-0.156571393753555,0.181579007114717));
#9681=CARTESIAN_POINT('',(-0.009,-0.167010503566011,0.178111300909821));
#9682=CARTESIAN_POINT('',(-6.93889390390723E-17,-0.167010503566011,0.178111300909821));
#9683=CARTESIAN_POINT('',(0.009,-0.156571393753555,0.181579007114717));
#9684=CARTESIAN_POINT('',(0.009,-0.167010503566011,0.178111300909821));
#9685=CARTESIAN_POINT('',(0.009,-0.171755553480765,0.176535070816686));
#9686=CARTESIAN_POINT('',(-6.93889390390723E-17,-0.171755553480765,0.176535070816686));
#9687=CARTESIAN_POINT('',(0.00199999999999993,-0.171755553480765,0.176535070816686));
#9688=CARTESIAN_POINT('',(0.00199999999999993,-0.156571393753555,0.181579007114717));
#9689=CARTESIAN_POINT('',(0.00199999999999993,-0.167010503566011,0.178111300909821));
#9690=CARTESIAN_POINT('',(-6.93889390390723E-17,-0.167010503566011,0.178111300909821));
#9691=CARTESIAN_POINT('',(0.02,-0.156571393753555,0.181579007114717));
#9692=CARTESIAN_POINT('',(0.02,-0.167010503566011,0.178111300909821));
#9693=CARTESIAN_POINT('',(0.02,-0.171755553480765,0.176535070816686));
#9694=CARTESIAN_POINT('',(-6.93889390390723E-17,-0.171755553480765,0.176535070816686));
#9695=CARTESIAN_POINT('',(0.013,-0.171755553480765,0.176535070816686));
#9696=CARTESIAN_POINT('',(0.013,-0.156571393753555,0.181579007114717));
#9697=CARTESIAN_POINT('',(0.013,-0.167010503566011,0.178111300909821));
#9698=CARTESIAN_POINT('',(-6.93889390390723E-17,-0.167010503566011,0.178111300909821));
#9699=CARTESIAN_POINT('',(0.017,-0.156571393753555,0.181579007114717));
#9700=CARTESIAN_POINT('',(0.017,-0.141387234026346,0.186622943412748));
#9701=CARTESIAN_POINT('',(0.017,-0.156571393753555,0.181579007114717));
#9702=CARTESIAN_POINT('',(-6.93889390390723E-17,-0.156571393753555,0.181579007114717));
#9703=CARTESIAN_POINT('',(-0.017,-0.156571393753555,0.181579007114717));
#9704=CARTESIAN_POINT('',(-0.017,-0.156571393753555,0.181579007114717));
#9705=CARTESIAN_POINT('',(-0.017,-0.141387234026346,0.186622943412748));
#9706=CARTESIAN_POINT('',(-6.93889390390723E-17,-0.141387234026346,0.186622943412748));
#9707=CARTESIAN_POINT('',(0.024,-0.1783073214829,0.170881369723934));
#9708=CARTESIAN_POINT('',(0.024,-0.134178357275698,0.185540309590086));
#9709=CARTESIAN_POINT('',(0.024,-0.135029521525991,0.188102636544053));
#9710=CARTESIAN_POINT('',(0.024,-0.179158485733193,0.1734436966779));
#9711=CARTESIAN_POINT('',(-0.0225,-0.134178357275698,0.185540309590086));
#9712=CARTESIAN_POINT('',(-0.0225,-0.132754842301272,0.186013178618027));
#9713=CARTESIAN_POINT('',(-0.0225,-0.133606006551565,0.188575505571993));
#9714=CARTESIAN_POINT('',(-0.0225,-0.135029521525991,0.188102636544053));
#9715=CARTESIAN_POINT('',(0.0225,-0.134178357275698,0.185540309590086));
#9716=CARTESIAN_POINT('',(0.0225,-0.132754842301272,0.186013178618027));
#9717=CARTESIAN_POINT('',(0.0225,-0.133606006551565,0.188575505571993));
#9718=CARTESIAN_POINT('',(0.0225,-0.135029521525991,0.188102636544053));
#9719=CARTESIAN_POINT('',(0.024,-0.132754842301272,0.186013178618027));
#9720=CARTESIAN_POINT('',(0.024,-0.133606006551565,0.188575505571993));
#9721=CARTESIAN_POINT('',(-0.0237,-0.177829544564355,0.174201268700726));
#9722=CARTESIAN_POINT('',(-0.024,-0.135029521525991,0.188102636544053));
#9723=CARTESIAN_POINT('',(0.0237,-0.135124095331579,0.188387339538938));
#9724=CARTESIAN_POINT('',(0.0237,-0.135124095331579,0.188387339538938));
#9725=CARTESIAN_POINT('',(-0.0225,-0.135029521525991,0.188102636544053));
#9726=CARTESIAN_POINT('',(-0.0225,-0.133985283352038,0.18876563476129));
#9727=CARTESIAN_POINT('',(-0.0225,-0.133985283352038,0.18876563476129));
#9728=CARTESIAN_POINT('',(0.0225,-0.133606006551565,0.188575505571993));
#9729=CARTESIAN_POINT('',(0.0225,-0.135029521525991,0.188102636544053));
#9730=CARTESIAN_POINT('',(-0.013,-0.171692504277039,0.176345268820096));
#9731=CARTESIAN_POINT('',(-0.013,-0.166947454362286,0.177921498913231));
#9732=CARTESIAN_POINT('',(-0.013,-0.167262700380913,0.178870508896182));
#9733=CARTESIAN_POINT('',(-0.013,-0.16963522533829,0.178082393849614));
#9734=CARTESIAN_POINT('',(-0.013,-0.172007750295666,0.177294278803047));
#9735=CARTESIAN_POINT('',(-0.013,-0.171692504277039,0.176345268820096));
#9736=CARTESIAN_POINT('',(-0.013,-0.166947454362286,0.177921498913231));
#9737=CARTESIAN_POINT('',(-0.02,-0.166947454362286,0.177921498913231));
#9738=CARTESIAN_POINT('',(-0.02,-0.167262700380913,0.178870508896182));
#9739=CARTESIAN_POINT('',(-0.0165,-0.167262700380913,0.178870508896182));
#9740=CARTESIAN_POINT('',(-0.02,-0.171692504277039,0.176345268820096));
#9741=CARTESIAN_POINT('',(-0.0165,-0.172007750295666,0.177294278803047));
#9742=CARTESIAN_POINT('',(-0.02,-0.172007750295666,0.177294278803047));
#9743=CARTESIAN_POINT('',(-0.02,-0.171692504277039,0.176345268820096));
#9744=CARTESIAN_POINT('',(-0.02,-0.166947454362286,0.177921498913231));
#9745=CARTESIAN_POINT('',(-0.02,-0.16963522533829,0.178082393849614));
#9746=CARTESIAN_POINT('',(-0.00200000000000007,-0.171692504277039,0.176345268820096));
#9747=CARTESIAN_POINT('',(-0.00200000000000007,-0.166947454362286,0.177921498913231));
#9748=CARTESIAN_POINT('',(-0.00200000000000007,-0.167262700380913,0.178870508896182));
#9749=CARTESIAN_POINT('',(-0.00200000000000007,-0.16963522533829,0.178082393849614));
#9750=CARTESIAN_POINT('',(-0.00200000000000007,-0.172007750295666,0.177294278803047));
#9751=CARTESIAN_POINT('',(-0.00200000000000007,-0.171692504277039,0.176345268820096));
#9752=CARTESIAN_POINT('',(-0.00200000000000007,-0.166947454362286,0.177921498913231));
#9753=CARTESIAN_POINT('',(-0.009,-0.166947454362286,0.177921498913231));
#9754=CARTESIAN_POINT('',(-0.009,-0.167262700380913,0.178870508896182));
#9755=CARTESIAN_POINT('',(-0.00550000000000007,-0.167262700380913,0.178870508896182));
#9756=CARTESIAN_POINT('',(-0.009,-0.171692504277039,0.176345268820096));
#9757=CARTESIAN_POINT('',(-0.00550000000000007,-0.172007750295666,0.177294278803047));
#9758=CARTESIAN_POINT('',(-0.009,-0.172007750295666,0.177294278803047));
#9759=CARTESIAN_POINT('',(-0.009,-0.171692504277039,0.176345268820096));
#9760=CARTESIAN_POINT('',(-0.009,-0.166947454362286,0.177921498913231));
#9761=CARTESIAN_POINT('',(-0.009,-0.16963522533829,0.178082393849614));
#9762=CARTESIAN_POINT('',(0.009,-0.171692504277039,0.176345268820096));
#9763=CARTESIAN_POINT('',(0.009,-0.166947454362286,0.177921498913231));
#9764=CARTESIAN_POINT('',(0.009,-0.167262700380913,0.178870508896182));
#9765=CARTESIAN_POINT('',(0.009,-0.16963522533829,0.178082393849614));
#9766=CARTESIAN_POINT('',(0.009,-0.172007750295666,0.177294278803047));
#9767=CARTESIAN_POINT('',(0.009,-0.171692504277039,0.176345268820096));
#9768=CARTESIAN_POINT('',(0.009,-0.166947454362286,0.177921498913231));
#9769=CARTESIAN_POINT('',(0.00199999999999993,-0.166947454362286,0.177921498913231));
#9770=CARTESIAN_POINT('',(0.00199999999999993,-0.167262700380913,0.178870508896182));
#9771=CARTESIAN_POINT('',(0.00549999999999993,-0.167262700380913,0.178870508896182));
#9772=CARTESIAN_POINT('',(0.00199999999999993,-0.171692504277039,0.176345268820096));
#9773=CARTESIAN_POINT('',(0.00549999999999993,-0.172007750295666,0.177294278803047));
#9774=CARTESIAN_POINT('',(0.00199999999999993,-0.172007750295666,0.177294278803047));
#9775=CARTESIAN_POINT('',(0.00199999999999993,-0.171692504277039,0.176345268820096));
#9776=CARTESIAN_POINT('',(0.00199999999999993,-0.166947454362286,0.177921498913231));
#9777=CARTESIAN_POINT('',(0.00199999999999993,-0.16963522533829,0.178082393849614));
#9778=CARTESIAN_POINT('',(0.02,-0.171692504277039,0.176345268820096));
#9779=CARTESIAN_POINT('',(0.02,-0.166947454362286,0.177921498913231));
#9780=CARTESIAN_POINT('',(0.02,-0.167262700380913,0.178870508896182));
#9781=CARTESIAN_POINT('',(0.02,-0.16963522533829,0.178082393849614));
#9782=CARTESIAN_POINT('',(0.02,-0.172007750295666,0.177294278803047));
#9783=CARTESIAN_POINT('',(0.02,-0.171692504277039,0.176345268820096));
#9784=CARTESIAN_POINT('',(0.02,-0.166947454362286,0.177921498913231));
#9785=CARTESIAN_POINT('',(0.013,-0.166947454362286,0.177921498913231));
#9786=CARTESIAN_POINT('',(0.013,-0.167262700380913,0.178870508896182));
#9787=CARTESIAN_POINT('',(0.0165,-0.167262700380913,0.178870508896182));
#9788=CARTESIAN_POINT('',(0.013,-0.166947454362286,0.177921498913231));
#9789=CARTESIAN_POINT('',(0.013,-0.171692504277039,0.176345268820096));
#9790=CARTESIAN_POINT('',(0.013,-0.172007750295666,0.177294278803047));
#9791=CARTESIAN_POINT('',(0.013,-0.16963522533829,0.178082393849614));
#9792=CARTESIAN_POINT('',(0.013,-0.171692504277039,0.176345268820096));
#9793=CARTESIAN_POINT('',(0.0165,-0.172007750295666,0.177294278803047));
#9794=CARTESIAN_POINT('',(0.017,-0.156445295346105,0.181199403121537));
#9795=CARTESIAN_POINT('',(0.017,-0.1488532154825,0.183721371270553));
#9796=CARTESIAN_POINT('',(0.017,-0.156445295346105,0.181199403121537));
#9797=CARTESIAN_POINT('',(0.017,-0.141261135618895,0.186243339419568));
#9798=CARTESIAN_POINT('',(0.017,-0.156445295346105,0.181199403121537));
#9799=CARTESIAN_POINT('',(0.017,-0.141261135618895,0.186243339419568));
#9800=CARTESIAN_POINT('',(0.017,-0.141261135618895,0.186243339419568));
#9801=CARTESIAN_POINT('',(-6.93889390390723E-17,-0.141261135618895,0.186243339419568));
#9802=CARTESIAN_POINT('',(-0.017,-0.141261135618895,0.186243339419568));
#9803=CARTESIAN_POINT('',(-0.017,-0.141261135618895,0.186243339419568));
#9804=CARTESIAN_POINT('',(-0.017,-0.156445295346105,0.181199403121537));
#9805=CARTESIAN_POINT('',(-6.93889390390723E-17,-0.156445295346105,0.181199403121537));
#9806=CARTESIAN_POINT('',(-0.017,-0.156445295346105,0.181199403121537));
#9807=CARTESIAN_POINT('',(-0.017,-0.156445295346105,0.181199403121537));
#9808=CARTESIAN_POINT('',(-0.017,-0.141261135618895,0.186243339419568));
#9809=CARTESIAN_POINT('',(-0.017,-0.1488532154825,0.183721371270553));
#9810=CARTESIAN_POINT('',(-0.0165,-0.16963522533829,0.178082393849614));
#9811=CARTESIAN_POINT('',(-0.00550000000000007,-0.16963522533829,0.178082393849614));
#9812=CARTESIAN_POINT('',(0.00549999999999993,-0.16963522533829,0.178082393849614));
#9813=CARTESIAN_POINT('',(0.0165,-0.16963522533829,0.178082393849614));
#9814=CARTESIAN_POINT('',(-6.93889390390723E-17,-0.1488532154825,0.183721371270553));
#9815=CARTESIAN_POINT('',(0.,0.,0.));
#9816=CARTESIAN_POINT('',(0.118,-0.035,-0.001));
#9817=CARTESIAN_POINT('',(0.118,-0.035,-0.002));
#9818=CARTESIAN_POINT('',(0.118,-0.119,-0.002));
#9819=CARTESIAN_POINT('',(0.118,0.108,-0.002));
#9820=CARTESIAN_POINT('',(0.118,0.108,-0.001));
#9821=CARTESIAN_POINT('',(0.118,0.108,-0.001));
#9822=CARTESIAN_POINT('',(0.118,-0.035,-0.001));
#9823=CARTESIAN_POINT('',(0.118,-0.119,-0.001));
#9824=CARTESIAN_POINT('',(0.118,-0.119,-0.001));
#9825=CARTESIAN_POINT('',(-3.4231876592609E-17,0.113,-0.001));
#9826=CARTESIAN_POINT('',(0.,0.113,-0.002));
#9827=CARTESIAN_POINT('',(0.113,0.113,-0.002));
#9828=CARTESIAN_POINT('',(-0.113,0.113,-0.002));
#9829=CARTESIAN_POINT('',(-0.113,0.113,-0.001));
#9830=CARTESIAN_POINT('',(-0.113,0.113,-0.001));
#9831=CARTESIAN_POINT('',(-3.4231876592609E-17,0.113,-0.001));
#9832=CARTESIAN_POINT('',(0.113,0.113,-0.001));
#9833=CARTESIAN_POINT('',(0.113,0.113,-0.001));
#9834=CARTESIAN_POINT('',(-0.118,-4.11506577605628E-17,-0.001));
#9835=CARTESIAN_POINT('',(-0.118,-4.11506577605628E-17,-0.001));
#9836=CARTESIAN_POINT('',(-0.118,-0.119,-0.001));
#9837=CARTESIAN_POINT('',(-0.118,0.108,-0.001));
#9838=CARTESIAN_POINT('',(-0.118,0.108,-0.001));
#9839=CARTESIAN_POINT('',(-0.118,0.108,-0.002));
#9840=CARTESIAN_POINT('',(-0.118,-0.035,-0.002));
#9841=CARTESIAN_POINT('',(-0.118,-0.119,-0.002));
#9842=CARTESIAN_POINT('',(-0.118,-0.119,-0.001));
#9843=CARTESIAN_POINT('',(-0.07,-0.12,-0.001));
#9844=CARTESIAN_POINT('',(-0.07,-0.12,-0.001));
#9845=CARTESIAN_POINT('',(-0.0685,-0.12,-0.001));
#9846=CARTESIAN_POINT('',(-0.07,-0.12,-0.002));
#9847=CARTESIAN_POINT('',(-0.0685,-0.12,-0.002));
#9848=CARTESIAN_POINT('',(0.113,0.,-0.001));
#9849=CARTESIAN_POINT('',(0.113,0.,-0.001));
#9850=CARTESIAN_POINT('',(0.1145,0.,-0.001));
#9851=CARTESIAN_POINT('',(0.113,0.,-0.002));
#9852=CARTESIAN_POINT('',(0.1145,0.,-0.002));
#9853=CARTESIAN_POINT('',(-0.113,0.,-0.001));
#9854=CARTESIAN_POINT('',(-0.113,0.,-0.001));
#9855=CARTESIAN_POINT('',(-0.1115,0.,-0.001));
#9856=CARTESIAN_POINT('',(-0.113,0.,-0.002));
#9857=CARTESIAN_POINT('',(-0.1115,0.,-0.002));
#9858=CARTESIAN_POINT('',(-0.099,0.108,-0.001));
#9859=CARTESIAN_POINT('',(-0.099,0.108,-0.001));
#9860=CARTESIAN_POINT('',(-0.0975,0.108,-0.001));
#9861=CARTESIAN_POINT('',(-0.099,0.108,-0.002));
#9862=CARTESIAN_POINT('',(-0.0975,0.108,-0.002));
#9863=CARTESIAN_POINT('',(-4.16333634234433E-17,0.108,-0.001));
#9864=CARTESIAN_POINT('',(-4.16333634234433E-17,0.108,-0.001));
#9865=CARTESIAN_POINT('',(0.00149999999999996,0.108,-0.001));
#9866=CARTESIAN_POINT('',(-4.16333634234433E-17,0.108,-0.002));
#9867=CARTESIAN_POINT('',(0.00149999999999996,0.108,-0.002));
#9868=CARTESIAN_POINT('',(0.099,0.108,-0.001));
#9869=CARTESIAN_POINT('',(0.099,0.108,-0.001));
#9870=CARTESIAN_POINT('',(0.1005,0.108,-0.001));
#9871=CARTESIAN_POINT('',(0.099,0.108,-0.002));
#9872=CARTESIAN_POINT('',(0.1005,0.108,-0.002));
#9873=CARTESIAN_POINT('',(0.099,-0.108,-0.001));
#9874=CARTESIAN_POINT('',(0.099,-0.108,-0.001));
#9875=CARTESIAN_POINT('',(0.1005,-0.108,-0.001));
#9876=CARTESIAN_POINT('',(0.099,-0.108,-0.002));
#9877=CARTESIAN_POINT('',(0.1005,-0.108,-0.002));
#9878=CARTESIAN_POINT('',(1.38777878078145E-17,-0.108,-0.001));
#9879=CARTESIAN_POINT('',(1.38777878078145E-17,-0.108,-0.001));
#9880=CARTESIAN_POINT('',(0.00150000000000001,-0.108,-0.001));
#9881=CARTESIAN_POINT('',(1.38777878078145E-17,-0.108,-0.002));
#9882=CARTESIAN_POINT('',(0.00150000000000001,-0.108,-0.002));
#9883=CARTESIAN_POINT('',(0.07,-0.12,-0.001));
#9884=CARTESIAN_POINT('',(0.07,-0.12,-0.001));
#9885=CARTESIAN_POINT('',(0.0715,-0.12,-0.001));
#9886=CARTESIAN_POINT('',(0.07,-0.12,-0.002));
#9887=CARTESIAN_POINT('',(0.0715,-0.12,-0.002));
#9888=CARTESIAN_POINT('',(-0.099,-0.108,-0.001));
#9889=CARTESIAN_POINT('',(-0.099,-0.108,-0.001));
#9890=CARTESIAN_POINT('',(-0.0975,-0.108,-0.001));
#9891=CARTESIAN_POINT('',(-0.099,-0.108,-0.002));
#9892=CARTESIAN_POINT('',(-0.0975,-0.108,-0.002));
#9893=CARTESIAN_POINT('',(0.,-0.124,-0.001));
#9894=CARTESIAN_POINT('',(0.,-0.124,-0.001));
#9895=CARTESIAN_POINT('',(-0.113,-0.124,-0.001));
#9896=CARTESIAN_POINT('',(0.113,-0.124,-0.001));
#9897=CARTESIAN_POINT('',(-0.113,-0.124,-0.001));
#9898=CARTESIAN_POINT('',(-0.113,-0.124,-0.002));
#9899=CARTESIAN_POINT('',(0.,-0.124,-0.002));
#9900=CARTESIAN_POINT('',(0.113,-0.124,-0.002));
#9901=CARTESIAN_POINT('',(0.113,-0.124,-0.001));
#9902=CARTESIAN_POINT('',(0.,-0.035,-0.001));
#9903=CARTESIAN_POINT('',(-0.095,0.09,-0.001));
#9904=CARTESIAN_POINT('',(-0.0925,0.09,-0.001));
#9905=CARTESIAN_POINT('',(0.095,0.09,-0.001));
#9906=CARTESIAN_POINT('',(0.0975,0.09,-0.001));
#9907=CARTESIAN_POINT('',(0.095,-0.09,-0.001));
#9908=CARTESIAN_POINT('',(0.0975,-0.09,-0.001));
#9909=CARTESIAN_POINT('',(-0.095,-0.09,-0.001));
#9910=CARTESIAN_POINT('',(-0.0925,-0.09,-0.001));
#9911=CARTESIAN_POINT('',(-0.113,0.108,-0.001));
#9912=CARTESIAN_POINT('',(-0.113,-0.119,-0.001));
#9913=CARTESIAN_POINT('',(0.113,-0.119,-0.001));
#9914=CARTESIAN_POINT('',(0.113,0.108,-0.001));
#9915=CARTESIAN_POINT('',(0.,-0.035,-0.002));
#9916=CARTESIAN_POINT('',(-0.095,0.09,-0.002));
#9917=CARTESIAN_POINT('',(-0.0925,0.09,-0.002));
#9918=CARTESIAN_POINT('',(0.095,0.09,-0.002));
#9919=CARTESIAN_POINT('',(0.0975,0.09,-0.002));
#9920=CARTESIAN_POINT('',(0.095,-0.09,-0.002));
#9921=CARTESIAN_POINT('',(0.0975,-0.09,-0.002));
#9922=CARTESIAN_POINT('',(-0.095,-0.09,-0.002));
#9923=CARTESIAN_POINT('',(-0.0925,-0.09,-0.002));
#9924=CARTESIAN_POINT('',(-0.113,0.108,-0.002));
#9925=CARTESIAN_POINT('',(0.113,0.108,-0.002));
#9926=CARTESIAN_POINT('',(0.113,-0.119,-0.002));
#9927=CARTESIAN_POINT('',(-0.113,-0.119,-0.002));
#9928=CARTESIAN_POINT('',(-0.095,-0.09,0.));
#9929=CARTESIAN_POINT('',(0.095,-0.09,0.));
#9930=CARTESIAN_POINT('',(0.095,0.09,0.));
#9931=CARTESIAN_POINT('',(-0.095,0.09,0.));
#9932=CARTESIAN_POINT('',(-0.113,0.108,-0.001));
#9933=CARTESIAN_POINT('',(0.113,0.108,-0.001));
#9934=CARTESIAN_POINT('',(-0.113,-0.119,-0.001));
#9935=CARTESIAN_POINT('',(0.113,-0.119,-0.001));
#9936=CARTESIAN_POINT('',(0.,0.,0.));
#9937=CARTESIAN_POINT('',(-0.019,-0.153038561086698,0.142394710600067));
#9938=CARTESIAN_POINT('',(-6.93889390390723E-17,-0.153038561086698,0.142394710600067));
#9939=CARTESIAN_POINT('',(-0.018,-0.153038561086698,0.142394710600067));
#9940=CARTESIAN_POINT('',(0.018,-0.153038561086698,0.142394710600067));
#9941=CARTESIAN_POINT('',(-0.018,-0.153038561086698,0.142394710600067));
#9942=CARTESIAN_POINT('',(-0.018,-0.149886100900429,0.132904610770562));
#9943=CARTESIAN_POINT('',(-0.019,-0.149886100900429,0.132904610770562));
#9944=CARTESIAN_POINT('',(0.018,-0.149886100900429,0.132904610770562));
#9945=CARTESIAN_POINT('',(0.018,-0.153038561086698,0.142394710600067));
#9946=CARTESIAN_POINT('',(-6.93889390390723E-17,-0.144497471240143,0.14523192476771));
#9947=CARTESIAN_POINT('',(0.018,-0.152089551103748,0.142709956618694));
#9948=CARTESIAN_POINT('',(0.019,-0.152089551103748,0.142709956618694));
#9949=CARTESIAN_POINT('',(0.019,-0.144497471240143,0.14523192476771));
#9950=CARTESIAN_POINT('',(0.019,-0.136905391376538,0.147753892916725));
#9951=CARTESIAN_POINT('',(0.018,-0.136905391376538,0.147753892916725));
#9952=CARTESIAN_POINT('',(0.018,-0.135956381393588,0.148069138935352));
#9953=CARTESIAN_POINT('',(-6.93889390390723E-17,-0.135956381393588,0.148069138935352));
#9954=CARTESIAN_POINT('',(-0.018,-0.135956381393588,0.148069138935352));
#9955=CARTESIAN_POINT('',(-0.018,-0.136905391376538,0.147753892916725));
#9956=CARTESIAN_POINT('',(-0.019,-0.136905391376538,0.147753892916725));
#9957=CARTESIAN_POINT('',(-0.019,-0.144497471240143,0.14523192476771));
#9958=CARTESIAN_POINT('',(-0.019,-0.152089551103748,0.142709956618694));
#9959=CARTESIAN_POINT('',(-0.018,-0.152089551103748,0.142709956618694));
#9960=CARTESIAN_POINT('',(-0.018,-0.152089551103748,0.142709956618694));
#9961=CARTESIAN_POINT('',(-0.019,-0.152089551103748,0.142709956618694));
#9962=CARTESIAN_POINT('',(-0.019,-0.148937090917478,0.133219856789189));
#9963=CARTESIAN_POINT('',(-0.018,-0.148937090917478,0.133219856789189));
#9964=CARTESIAN_POINT('',(0.018,-0.152089551103748,0.142709956618694));
#9965=CARTESIAN_POINT('',(0.018,-0.148937090917478,0.133219856789189));
#9966=CARTESIAN_POINT('',(0.019,-0.148937090917478,0.133219856789189));
#9967=CARTESIAN_POINT('',(0.019,-0.152089551103748,0.142709956618694));
#9968=CARTESIAN_POINT('',(-6.93889390390723E-17,-0.141345011053874,0.135741824938204));
#9969=CARTESIAN_POINT('',(-0.019,-0.132803921207318,0.138579039105847));
#9970=CARTESIAN_POINT('',(-0.019,-0.133752931190269,0.13826379308722));
#9971=CARTESIAN_POINT('',(-0.018,-0.133752931190269,0.13826379308722));
#9972=CARTESIAN_POINT('',(-0.018,-0.132803921207318,0.138579039105847));
#9973=CARTESIAN_POINT('',(0.019,-0.132803921207318,0.138579039105847));
#9974=CARTESIAN_POINT('',(0.018,-0.132803921207318,0.138579039105847));
#9975=CARTESIAN_POINT('',(0.018,-0.133752931190269,0.13826379308722));
#9976=CARTESIAN_POINT('',(0.019,-0.133752931190269,0.13826379308722));
#9977=CARTESIAN_POINT('',(0.019,-0.149886100900429,0.132904610770562));
#9978=CARTESIAN_POINT('',(-0.019,-0.135956381393588,0.148069138935352));
#9979=CARTESIAN_POINT('',(-0.019,-0.136905391376538,0.147753892916725));
#9980=CARTESIAN_POINT('',(0.019,-0.153038561086698,0.142394710600067));
#9981=CARTESIAN_POINT('',(0.019,-0.136905391376538,0.147753892916725));
#9982=CARTESIAN_POINT('',(-0.018,-0.136905391376538,0.147753892916725));
#9983=CARTESIAN_POINT('',(-0.018,-0.135956381393588,0.148069138935352));
#9984=CARTESIAN_POINT('',(0.018,-0.136905391376538,0.147753892916725));
#9985=CARTESIAN_POINT('',(0.018,-0.135956381393588,0.148069138935352));
#9986=CARTESIAN_POINT('',(0.019,-0.135956381393588,0.148069138935352));
#9987=CARTESIAN_POINT('',(0.,0.,0.));
#9988=CARTESIAN_POINT('',(-0.024,-0.177046337408393,0.167085329792132));
#9989=CARTESIAN_POINT('',(-6.93889390390723E-17,-0.177046337408393,0.167085329792132));
#9990=CARTESIAN_POINT('',(-0.0225,-0.177046337408393,0.167085329792132));
#9991=CARTESIAN_POINT('',(0.0225,-0.177046337408393,0.167085329792132));
#9992=CARTESIAN_POINT('',(-0.0225,-0.177046337408393,0.167085329792132));
#9993=CARTESIAN_POINT('',(-0.0225,-0.169480432961346,0.144309090201317));
#9994=CARTESIAN_POINT('',(-0.024,-0.169480432961346,0.144309090201317));
#9995=CARTESIAN_POINT('',(0.0225,-0.169480432961346,0.144309090201317));
#9996=CARTESIAN_POINT('',(0.0225,-0.177046337408393,0.167085329792132));
#9997=CARTESIAN_POINT('',(-6.93889390390723E-17,-0.154270097817578,0.174651234239178));
#9998=CARTESIAN_POINT('',(0.0225,-0.175622822433966,0.167558198820072));
#9999=CARTESIAN_POINT('',(0.024,-0.175622822433966,0.167558198820072));
#10000=CARTESIAN_POINT('',(0.024,-0.154270097817578,0.174651234239178));
#10001=CARTESIAN_POINT('',(0.024,-0.13291737320119,0.181744269658284));
#10002=CARTESIAN_POINT('',(0.0225,-0.13291737320119,0.181744269658284));
#10003=CARTESIAN_POINT('',(0.0225,-0.131493858226764,0.182217138686224));
#10004=CARTESIAN_POINT('',(-6.93889390390723E-17,-0.131493858226764,0.182217138686224));
#10005=CARTESIAN_POINT('',(-0.0225,-0.131493858226764,0.182217138686224));
#10006=CARTESIAN_POINT('',(-0.0225,-0.13291737320119,0.181744269658284));
#10007=CARTESIAN_POINT('',(-0.024,-0.13291737320119,0.181744269658284));
#10008=CARTESIAN_POINT('',(-0.024,-0.154270097817578,0.174651234239178));
#10009=CARTESIAN_POINT('',(-0.024,-0.175622822433966,0.167558198820072));
#10010=CARTESIAN_POINT('',(-0.0225,-0.175622822433966,0.167558198820072));
#10011=CARTESIAN_POINT('',(-0.0223,-0.175433020437376,0.167621248023797));
#10012=CARTESIAN_POINT('',(-0.0208,-0.175433020437376,0.167621248023797));
#10013=CARTESIAN_POINT('',(0.0208,-0.175433020437376,0.167621248023797));
#10014=CARTESIAN_POINT('',(-0.0208,-0.17400950546295,0.168094117051737));
#10015=CARTESIAN_POINT('',(-0.0223,-0.17400950546295,0.168094117051737));
#10016=CARTESIAN_POINT('',(-0.0223,-0.13310717519778,0.181681220454559));
#10017=CARTESIAN_POINT('',(-0.0223,-0.134530690172206,0.181208351426619));
#10018=CARTESIAN_POINT('',(-0.0208,-0.134530690172206,0.181208351426619));
#10019=CARTESIAN_POINT('',(-0.0208,-0.13310717519778,0.181681220454559));
#10020=CARTESIAN_POINT('',(0.0223,-0.13310717519778,0.181681220454559));
#10021=CARTESIAN_POINT('',(0.0208,-0.13310717519778,0.181681220454559));
#10022=CARTESIAN_POINT('',(0.0208,-0.134530690172206,0.181208351426619));
#10023=CARTESIAN_POINT('',(0.0223,-0.134530690172206,0.181208351426619));
#10024=CARTESIAN_POINT('',(0.0223,-0.175433020437376,0.167621248023797));
#10025=CARTESIAN_POINT('',(0.0223,-0.17400950546295,0.168094117051737));
#10026=CARTESIAN_POINT('',(0.0208,-0.17400950546295,0.168094117051737));
#10027=CARTESIAN_POINT('',(-0.0225,-0.175622822433966,0.167558198820072));
#10028=CARTESIAN_POINT('',(-0.024,-0.175622822433966,0.167558198820072));
#10029=CARTESIAN_POINT('',(-0.024,-0.16805691798692,0.144781959229258));
#10030=CARTESIAN_POINT('',(-0.0225,-0.16805691798692,0.144781959229258));
#10031=CARTESIAN_POINT('',(0.0225,-0.175622822433966,0.167558198820072));
#10032=CARTESIAN_POINT('',(0.0225,-0.16805691798692,0.144781959229258));
#10033=CARTESIAN_POINT('',(0.024,-0.16805691798692,0.144781959229258));
#10034=CARTESIAN_POINT('',(0.024,-0.175622822433966,0.167558198820072));
#10035=CARTESIAN_POINT('',(-6.93889390390723E-17,-0.146704193370532,0.151874994648364));
#10036=CARTESIAN_POINT('',(-0.024,-0.123927953779718,0.159440899095411));
#10037=CARTESIAN_POINT('',(-0.024,-0.125351468754144,0.158968030067471));
#10038=CARTESIAN_POINT('',(-0.0225,-0.125351468754144,0.158968030067471));
#10039=CARTESIAN_POINT('',(-0.0225,-0.123927953779718,0.159440899095411));
#10040=CARTESIAN_POINT('',(0.024,-0.123927953779718,0.159440899095411));
#10041=CARTESIAN_POINT('',(0.0225,-0.123927953779718,0.159440899095411));
#10042=CARTESIAN_POINT('',(0.0225,-0.125351468754144,0.158968030067471));
#10043=CARTESIAN_POINT('',(0.024,-0.125351468754144,0.158968030067471));
#10044=CARTESIAN_POINT('',(0.024,-0.169480432961346,0.144309090201317));
#10045=CARTESIAN_POINT('',(0.0208,-0.166443601015904,0.145317877460924));
#10046=CARTESIAN_POINT('',(0.0223,-0.166443601015904,0.145317877460924));
#10047=CARTESIAN_POINT('',(0.0208,-0.167867115990329,0.144845008432983));
#10048=CARTESIAN_POINT('',(0.0223,-0.146704193370532,0.151874994648364));
#10049=CARTESIAN_POINT('',(0.0223,-0.12696478572516,0.158432111835804));
#10050=CARTESIAN_POINT('',(0.0208,-0.12696478572516,0.158432111835804));
#10051=CARTESIAN_POINT('',(0.0208,-0.125541270750734,0.158904980863745));
#10052=CARTESIAN_POINT('',(-6.93889390390723E-17,-0.125541270750734,0.158904980863745));
#10053=CARTESIAN_POINT('',(-0.0208,-0.125541270750734,0.158904980863745));
#10054=CARTESIAN_POINT('',(-0.0208,-0.12696478572516,0.158432111835804));
#10055=CARTESIAN_POINT('',(-0.0223,-0.12696478572516,0.158432111835804));
#10056=CARTESIAN_POINT('',(-0.0223,-0.146704193370532,0.151874994648364));
#10057=CARTESIAN_POINT('',(-0.0223,-0.166443601015904,0.145317877460924));
#10058=CARTESIAN_POINT('',(-0.0208,-0.166443601015904,0.145317877460924));
#10059=CARTESIAN_POINT('',(-0.0208,-0.167867115990329,0.144845008432983));
#10060=CARTESIAN_POINT('',(-6.93889390390723E-17,-0.167867115990329,0.144845008432983));
#10061=CARTESIAN_POINT('',(-0.024,-0.131493858226764,0.182217138686224));
#10062=CARTESIAN_POINT('',(-0.024,-0.13291737320119,0.181744269658284));
#10063=CARTESIAN_POINT('',(0.024,-0.177046337408393,0.167085329792132));
#10064=CARTESIAN_POINT('',(0.024,-0.13291737320119,0.181744269658284));
#10065=CARTESIAN_POINT('',(-0.0225,-0.13291737320119,0.181744269658284));
#10066=CARTESIAN_POINT('',(-0.0225,-0.131493858226764,0.182217138686224));
#10067=CARTESIAN_POINT('',(0.0225,-0.13291737320119,0.181744269658284));
#10068=CARTESIAN_POINT('',(0.0225,-0.131493858226764,0.182217138686224));
#10069=CARTESIAN_POINT('',(0.024,-0.131493858226764,0.182217138686224));
#10070=CARTESIAN_POINT('',(-0.0223,-0.175748266456003,0.168570258006747));
#10071=CARTESIAN_POINT('',(0.0208,-0.175748266456003,0.168570258006747));
#10072=CARTESIAN_POINT('',(-0.0208,-0.175748266456003,0.168570258006747));
#10073=CARTESIAN_POINT('',(0.0208,-0.174324751481578,0.169043127034688));
#10074=CARTESIAN_POINT('',(0.0223,-0.174324751481578,0.169043127034688));
#10075=CARTESIAN_POINT('',(0.0223,-0.175748266456003,0.168570258006747));
#10076=CARTESIAN_POINT('',(0.0223,-0.134845936190833,0.182157361409569));
#10077=CARTESIAN_POINT('',(0.0208,-0.134845936190833,0.182157361409569));
#10078=CARTESIAN_POINT('',(0.0208,-0.133422421216407,0.18263023043751));
#10079=CARTESIAN_POINT('',(0.0223,-0.133422421216407,0.18263023043751));
#10080=CARTESIAN_POINT('',(-0.0208,-0.133422421216407,0.18263023043751));
#10081=CARTESIAN_POINT('',(-0.0208,-0.134845936190833,0.182157361409569));
#10082=CARTESIAN_POINT('',(-0.0223,-0.134845936190833,0.182157361409569));
#10083=CARTESIAN_POINT('',(-0.0223,-0.133422421216407,0.18263023043751));
#10084=CARTESIAN_POINT('',(-0.0223,-0.174324751481578,0.169043127034688));
#10085=CARTESIAN_POINT('',(-0.0208,-0.174324751481578,0.169043127034688));
#10086=CARTESIAN_POINT('',(0.,0.,0.));
#10087=CARTESIAN_POINT('',(-0.08,-0.00250000000000006,0.19));
#10088=CARTESIAN_POINT('',(-0.08,-0.075,0.19));
#10089=CARTESIAN_POINT('',(-0.08,-0.075,0.19));
#10090=CARTESIAN_POINT('',(-0.08,-0.075,0.191));
#10091=CARTESIAN_POINT('',(-0.08,-0.00250000000000006,0.19));
#10092=CARTESIAN_POINT('',(-0.08,0.07,0.19));
#10093=CARTESIAN_POINT('',(-0.08,0.07,0.19));
#10094=CARTESIAN_POINT('',(-0.08,0.07,0.191));
#10095=CARTESIAN_POINT('',(-0.08,-1.20676415720126E-19,0.191));
#10096=CARTESIAN_POINT('',(1.38777878078145E-17,0.07,0.19));
#10097=CARTESIAN_POINT('',(1.38777878078145E-17,0.07,0.19));
#10098=CARTESIAN_POINT('',(0.08,0.07,0.19));
#10099=CARTESIAN_POINT('',(0.08,0.07,0.19));
#10100=CARTESIAN_POINT('',(0.08,0.07,0.191));
#10101=CARTESIAN_POINT('',(0.120002,0.07,0.191));
#10102=CARTESIAN_POINT('',(0.08,-0.0025,0.19));
#10103=CARTESIAN_POINT('',(0.08,-0.0025,0.19));
#10104=CARTESIAN_POINT('',(0.08,-0.075,0.19));
#10105=CARTESIAN_POINT('',(0.08,-0.075,0.19));
#10106=CARTESIAN_POINT('',(0.08,-0.075,0.191));
#10107=CARTESIAN_POINT('',(0.08,-1.20676415720126E-19,0.191));
#10108=CARTESIAN_POINT('',(0.,-0.075,0.19));
#10109=CARTESIAN_POINT('',(0.,-0.075,0.19));
#10110=CARTESIAN_POINT('',(0.120002,-0.075,0.191));
#10111=CARTESIAN_POINT('',(0.120002,-1.20676415720126E-19,0.191));
#10112=CARTESIAN_POINT('',(-0.119,-1.20676415720126E-19,0.191));
#10113=CARTESIAN_POINT('',(-0.119,0.113929289321881,0.191));
#10114=CARTESIAN_POINT('',(-0.119,-0.113929289321881,0.191));
#10115=CARTESIAN_POINT('',(-0.118964644660941,-0.113964644660941,0.191));
#10116=CARTESIAN_POINT('',(-0.118929289321881,-0.114,0.191));
#10117=CARTESIAN_POINT('',(0.120002,-0.114,0.191));
#10118=CARTESIAN_POINT('',(0.118929289321881,-0.114,0.191));
#10119=CARTESIAN_POINT('',(0.118964644660941,-0.113964644660941,0.191));
#10120=CARTESIAN_POINT('',(0.119,-0.113929289321882,0.191));
#10121=CARTESIAN_POINT('',(0.119,-1.20676415720126E-19,0.191));
#10122=CARTESIAN_POINT('',(0.119,0.113929289321881,0.191));
#10123=CARTESIAN_POINT('',(0.118964644660941,0.113964644660941,0.191));
#10124=CARTESIAN_POINT('',(0.118929289321881,0.114,0.191));
#10125=CARTESIAN_POINT('',(0.120002,0.114,0.191));
#10126=CARTESIAN_POINT('',(-0.118929289321881,0.114,0.191));
#10127=CARTESIAN_POINT('',(-0.118964644660941,0.113964644660941,0.191));
#10128=CARTESIAN_POINT('',(0.120002,0.,0.19));
#10129=CARTESIAN_POINT('',(-0.0564636446610345,-0.176465644660896,0.19));
#10130=CARTESIAN_POINT('',(-0.119,-0.113929289321882,0.19));
#10131=CARTESIAN_POINT('',(-0.118929289321881,-0.114,0.19));
#10132=CARTESIAN_POINT('',(-0.119,0.,0.19));
#10133=CARTESIAN_POINT('',(-0.119,0.113929289321881,0.19));
#10134=CARTESIAN_POINT('',(-0.0564636446609406,0.176465644660941,0.19));
#10135=CARTESIAN_POINT('',(-0.118929289321881,0.114,0.19));
#10136=CARTESIAN_POINT('',(0.120002,0.114,0.19));
#10137=CARTESIAN_POINT('',(0.118929289321881,0.114,0.19));
#10138=CARTESIAN_POINT('',(0.176465644660941,0.0564636446609407,0.19));
#10139=CARTESIAN_POINT('',(0.119,0.113929289321881,0.19));
#10140=CARTESIAN_POINT('',(0.119,0.,0.19));
#10141=CARTESIAN_POINT('',(0.119,-0.113929289321881,0.19));
#10142=CARTESIAN_POINT('',(0.176465644660941,-0.0564636446609519,0.19));
#10143=CARTESIAN_POINT('',(0.118929289321881,-0.114,0.19));
#10144=CARTESIAN_POINT('',(0.120002,-0.114,0.19));
#10145=CARTESIAN_POINT('',(0.118964644660941,-0.113964644660941,0.191));
#10146=CARTESIAN_POINT('',(0.119,-0.113929289321881,0.19));
#10147=CARTESIAN_POINT('',(0.119,-0.113929289321881,0.190333333333333));
#10148=CARTESIAN_POINT('',(0.119,-0.113929289321881,0.190666666666667));
#10149=CARTESIAN_POINT('',(0.119,-0.113929289321881,0.191));
#10150=CARTESIAN_POINT('',(0.118929289321881,-0.114,0.191));
#10151=CARTESIAN_POINT('',(0.118929289321881,-0.114,0.190666666666667));
#10152=CARTESIAN_POINT('',(0.118929289321881,-0.114,0.190333333333333));
#10153=CARTESIAN_POINT('',(0.118929289321881,-0.114,0.19));
#10154=CARTESIAN_POINT('',(0.118964644660941,0.113964644660941,0.191));
#10155=CARTESIAN_POINT('',(0.118929289321881,0.114,0.19));
#10156=CARTESIAN_POINT('',(0.118929289321881,0.114,0.190333333333333));
#10157=CARTESIAN_POINT('',(0.118929289321881,0.114,0.190666666666667));
#10158=CARTESIAN_POINT('',(0.118929289321881,0.114,0.191));
#10159=CARTESIAN_POINT('',(0.119,0.113929289321881,0.191));
#10160=CARTESIAN_POINT('',(0.119,0.113929289321881,0.190666666666667));
#10161=CARTESIAN_POINT('',(0.119,0.113929289321881,0.190333333333333));
#10162=CARTESIAN_POINT('',(0.119,0.113929289321881,0.19));
#10163=CARTESIAN_POINT('',(-0.118964644660941,0.113964644660941,0.191));
#10164=CARTESIAN_POINT('',(-0.119,0.113929289321881,0.19));
#10165=CARTESIAN_POINT('',(-0.119,0.113929289321881,0.190333333333333));
#10166=CARTESIAN_POINT('',(-0.119,0.113929289321881,0.190666666666667));
#10167=CARTESIAN_POINT('',(-0.119,0.113929289321881,0.191));
#10168=CARTESIAN_POINT('',(-0.118929289321881,0.114,0.191));
#10169=CARTESIAN_POINT('',(-0.118929289321881,0.114,0.190666666666667));
#10170=CARTESIAN_POINT('',(-0.118929289321881,0.114,0.190333333333333));
#10171=CARTESIAN_POINT('',(-0.118929289321881,0.114,0.19));
#10172=CARTESIAN_POINT('',(-0.118964644660941,-0.113964644660941,0.191));
#10173=CARTESIAN_POINT('',(-0.118929289321881,-0.114,0.19));
#10174=CARTESIAN_POINT('',(-0.118929289321881,-0.114,0.190333333333333));
#10175=CARTESIAN_POINT('',(-0.118929289321881,-0.114,0.190666666666667));
#10176=CARTESIAN_POINT('',(-0.118929289321881,-0.114,0.191));
#10177=CARTESIAN_POINT('',(-0.119,-0.113929289321881,0.191));
#10178=CARTESIAN_POINT('',(-0.119,-0.113929289321881,0.190666666666667));
#10179=CARTESIAN_POINT('',(-0.119,-0.113929289321881,0.190333333333333));
#10180=CARTESIAN_POINT('',(-0.119,-0.113929289321881,0.19));
#10181=CARTESIAN_POINT('',(-0.118929289321881,-0.114,0.191));
#10182=CARTESIAN_POINT('',(-0.119013544220449,-0.114171848812087,0.191));
#10183=CARTESIAN_POINT('',(-0.119086768986097,-0.11432246731263,0.190978168234036));
#10184=CARTESIAN_POINT('',(-0.119180393338698,-0.114513781972256,0.190933988564457));
#10185=CARTESIAN_POINT('',(-0.119208880856725,-0.114571845301222,0.190917301629821));
#10186=CARTESIAN_POINT('',(-0.119247531234506,-0.114650579133923,0.190891430658936));
#10187=CARTESIAN_POINT('',(-0.119259734543889,-0.114675433250378,0.190882662659796));
#10188=CARTESIAN_POINT('',(-0.119277019283149,-0.114710674577496,0.190869518343445));
#10189=CARTESIAN_POINT('',(-0.119282610825433,-0.114722081820958,0.190865137919016));
#10190=CARTESIAN_POINT('',(-0.119290743082656,-0.114738689425546,0.190858594451693));
#10191=CARTESIAN_POINT('',(-0.119293411325696,-0.114744141421568,0.190856417807734));
#10192=CARTESIAN_POINT('',(-0.119297349926206,-0.114752194460662,0.190853162668626));
#10193=CARTESIAN_POINT('',(-0.1192986521657,-0.114754857981426,0.190852079259047));
#10194=CARTESIAN_POINT('',(-0.11930058958393,-0.114758822132681,0.190850456973137));
#10195=CARTESIAN_POINT('',(-0.119301232733171,-0.114760138328129,0.190849916682514));
#10196=CARTESIAN_POINT('',(-0.119302513717982,-0.114762760360641,0.190848837105418));
#10197=CARTESIAN_POINT('',(-0.11930277721267,-0.114763299653086,0.190848615332122));
#10198=CARTESIAN_POINT('',(-0.119368395987749,-0.114897668409989,0.190792957970654));
#10199=CARTESIAN_POINT('',(-0.119427032496772,-0.115018273160148,0.190726341362879));
#10200=CARTESIAN_POINT('',(-0.119506028140648,-0.115180518381789,0.190615753704227));
#10201=CARTESIAN_POINT('',(-0.11953086683533,-0.115231513829087,0.19057710628474));
#10202=CARTESIAN_POINT('',(-0.119565885097437,-0.115303425256037,0.190517252529435));
#10203=CARTESIAN_POINT('',(-0.119577184554821,-0.115326633251436,0.190496986801459));
#10204=CARTESIAN_POINT('',(-0.119593573795917,-0.115360316896066,0.190466209145779));
#10205=CARTESIAN_POINT('',(-0.11959894355212,-0.11537135678011,0.190455886701744));
#10206=CARTESIAN_POINT('',(-0.119606858200179,-0.115387637049798,0.190440319337749));
#10207=CARTESIAN_POINT('',(-0.119609473085158,-0.115393017217086,0.190435116263659));
#10208=CARTESIAN_POINT('',(-0.119613360416065,-0.115401017919366,0.190427292087818));
#10209=CARTESIAN_POINT('',(-0.119614650360273,-0.115403673228889,0.190424680768223));
#10210=CARTESIAN_POINT('',(-0.119617218583171,-0.115408960723775,0.190419451832119));
#10211=CARTESIAN_POINT('',(-0.119618307490862,-0.115411202892002,0.190417224232744));
#10212=CARTESIAN_POINT('',(-0.119666547449396,-0.115510555014237,0.190317872110509));
#10213=CARTESIAN_POINT('',(-0.119707383375022,-0.115595095505814,0.19021359180007));
#10214=CARTESIAN_POINT('',(-0.119759723939489,-0.115703525797262,0.190049896919001));
#10215=CARTESIAN_POINT('',(-0.119775685240315,-0.115736618138456,0.189994116647151));
#10216=CARTESIAN_POINT('',(-0.119797398860562,-0.115781696741511,0.18990916683729));
#10217=CARTESIAN_POINT('',(-0.119804265345479,-0.115795963612829,0.189880636702236));
#10218=CARTESIAN_POINT('',(-0.119814007990106,-0.115816232604964,0.189837586234156));
#10219=CARTESIAN_POINT('',(-0.11981716269119,-0.115822800420356,0.189823193512412));
#10220=CARTESIAN_POINT('',(-0.119823286399109,-0.115835560733332,0.189794333510295));
#10221=CARTESIAN_POINT('',(-0.119826098965305,-0.115841426560757,0.189780654882412));
#10222=CARTESIAN_POINT('',(-0.119877653171237,-0.115949079133273,0.189520758581819));
#10223=CARTESIAN_POINT('',(-0.119901275799376,-0.116,0.189258799493246));
#10224=CARTESIAN_POINT('',(-0.1199,-0.116,0.189));
#10225=CARTESIAN_POINT('',(-0.118929289321881,-0.114,0.19));
#10226=CARTESIAN_POINT('',(-0.1190135170636,-0.114085896711082,0.19));
#10227=CARTESIAN_POINT('',(-0.119086768986097,-0.114161233656315,0.189989084117018));
#10228=CARTESIAN_POINT('',(-0.119180393338698,-0.114256890986128,0.189966994282228));
#10229=CARTESIAN_POINT('',(-0.119208880856725,-0.114285922650611,0.18995865081491));
#10230=CARTESIAN_POINT('',(-0.119247531234506,-0.114325289566962,0.189945715329468));
#10231=CARTESIAN_POINT('',(-0.119259734543889,-0.114337716625189,0.189941331329898));
#10232=CARTESIAN_POINT('',(-0.119277019283149,-0.114355337288748,0.189934759171722));
#10233=CARTESIAN_POINT('',(-0.119282610825433,-0.114361040910479,0.189932568959508));
#10234=CARTESIAN_POINT('',(-0.119290743082656,-0.114369344712773,0.189929297225847));
#10235=CARTESIAN_POINT('',(-0.119293411325696,-0.114372070710784,0.189928208903867));
#10236=CARTESIAN_POINT('',(-0.119297349926206,-0.114376097230331,0.189926581334313));
#10237=CARTESIAN_POINT('',(-0.1192986521657,-0.114377428990713,0.189926039629524));
#10238=CARTESIAN_POINT('',(-0.11930058958393,-0.114379411066341,0.189925228486569));
#10239=CARTESIAN_POINT('',(-0.119301232733171,-0.114380069164065,0.189924958341257));
#10240=CARTESIAN_POINT('',(-0.119302513717982,-0.114381380180321,0.189924418552709));
#10241=CARTESIAN_POINT('',(-0.11930277721267,-0.114381649826543,0.189924307666061));
#10242=CARTESIAN_POINT('',(-0.119368395987749,-0.114448834204994,0.189896478985327));
#10243=CARTESIAN_POINT('',(-0.119427032496772,-0.114509136580074,0.189863170681439));
#10244=CARTESIAN_POINT('',(-0.119506028140648,-0.114590259190895,0.189807876852114));
#10245=CARTESIAN_POINT('',(-0.11953086683533,-0.114615756914544,0.18978855314237));
#10246=CARTESIAN_POINT('',(-0.119565885097437,-0.114651712628018,0.189758626264718));
#10247=CARTESIAN_POINT('',(-0.119577184554821,-0.114663316625718,0.189748493400729));
#10248=CARTESIAN_POINT('',(-0.119593573795917,-0.114680158448033,0.189733104572889));
#10249=CARTESIAN_POINT('',(-0.11959894355212,-0.114685678390055,0.189727943350872));
#10250=CARTESIAN_POINT('',(-0.119606858200179,-0.114693818524899,0.189720159668874));
#10251=CARTESIAN_POINT('',(-0.119609473085158,-0.114696508608543,0.18971755813183));
#10252=CARTESIAN_POINT('',(-0.119613360416065,-0.114700508959683,0.189713646043909));
#10253=CARTESIAN_POINT('',(-0.119614650360273,-0.114701836614444,0.189712340384111));
#10254=CARTESIAN_POINT('',(-0.119617218583171,-0.114704480361887,0.189709725916059));
#10255=CARTESIAN_POINT('',(-0.119618307490862,-0.114705601446001,0.189708612116372));
#10256=CARTESIAN_POINT('',(-0.119666547449396,-0.114755277507119,0.189658936055254));
#10257=CARTESIAN_POINT('',(-0.119707383375022,-0.114797547752907,0.189606795900035));
#10258=CARTESIAN_POINT('',(-0.119759723939489,-0.114851762898631,0.1895249484595));
#10259=CARTESIAN_POINT('',(-0.119775685240315,-0.114868309069228,0.189497058323575));
#10260=CARTESIAN_POINT('',(-0.119797398860562,-0.114890848370756,0.189454583418645));
#10261=CARTESIAN_POINT('',(-0.119804265345479,-0.114897981806414,0.189440318351118));
#10262=CARTESIAN_POINT('',(-0.119814007990106,-0.114908116302482,0.189418793117078));
#10263=CARTESIAN_POINT('',(-0.11981716269119,-0.114911400210178,0.189411596756206));
#10264=CARTESIAN_POINT('',(-0.119823286399109,-0.114917780366666,0.189397166755148));
#10265=CARTESIAN_POINT('',(-0.119826098965305,-0.114920713280378,0.189390327441206));
#10266=CARTESIAN_POINT('',(-0.119877653171237,-0.114974539566637,0.189260379290909));
#10267=CARTESIAN_POINT('',(-0.11990127579939,-0.115,0.189129399747979));
#10268=CARTESIAN_POINT('',(-0.1199,-0.115,0.189));
#10269=CARTESIAN_POINT('',(-0.118929289321881,-0.114,0.19));
#10270=CARTESIAN_POINT('',(-0.119013470353003,-0.114085849074916,0.19));
#10271=CARTESIAN_POINT('',(-0.119121693791664,-0.114197111898837,0.189984481334663));
#10272=CARTESIAN_POINT('',(-0.119240242559719,-0.114317879438871,0.189948937123703));
#10273=CARTESIAN_POINT('',(-0.119295585428919,-0.11437418202974,0.189928819170959));
#10274=CARTESIAN_POINT('',(-0.119400136118321,-0.114481493036361,0.189879063387528));
#10275=CARTESIAN_POINT('',(-0.119508216536162,-0.114592537427097,0.189809319589511));
#10276=CARTESIAN_POINT('',(-0.119620814473281,-0.114707972783634,0.189715428685093));
#10277=CARTESIAN_POINT('',(-0.119749661004865,-0.114841299196793,0.189552828176353));
#10278=CARTESIAN_POINT('',(-0.119862385018722,-0.114958203640444,0.189331249604641));
#10279=CARTESIAN_POINT('',(-0.119901275982685,-0.115,0.189129418339024));
#10280=CARTESIAN_POINT('',(-0.1199,-0.115,0.189));
#10281=CARTESIAN_POINT('',(-0.1199,-0.115,0.189));
#10282=CARTESIAN_POINT('',(-0.1199,-0.116,0.189));
#10283=CARTESIAN_POINT('',(-0.1199,-0.115666666666667,0.189));
#10284=CARTESIAN_POINT('',(-0.1199,-0.115333333333333,0.189));
#10285=CARTESIAN_POINT('',(-0.1199,-0.115,0.189));
#10286=CARTESIAN_POINT('',(-0.1199,-0.116,0.189));
#10287=CARTESIAN_POINT('',(-0.118929289321881,-0.114,0.191));
#10288=CARTESIAN_POINT('',(-0.119013470353003,-0.114171698149833,0.191));
#10289=CARTESIAN_POINT('',(-0.119121693791664,-0.114394223797673,0.190968962669327));
#10290=CARTESIAN_POINT('',(-0.119240242559719,-0.114635758877742,0.190897874247405));
#10291=CARTESIAN_POINT('',(-0.119295585428919,-0.114748364059479,0.190857638341919));
#10292=CARTESIAN_POINT('',(-0.119400136118321,-0.114962986072722,0.190758126775055));
#10293=CARTESIAN_POINT('',(-0.119508216536162,-0.115185074854195,0.190618639179022));
#10294=CARTESIAN_POINT('',(-0.119620814473281,-0.115415945567268,0.190430857370186));
#10295=CARTESIAN_POINT('',(-0.119749661004865,-0.115682598393586,0.190105656352705));
#10296=CARTESIAN_POINT('',(-0.119862385018722,-0.115916407280889,0.189662499209282));
#10297=CARTESIAN_POINT('',(-0.119901275982685,-0.116,0.189258836678048));
#10298=CARTESIAN_POINT('',(-0.1199,-0.116,0.189));
#10299=CARTESIAN_POINT('',(0.1199,-0.116,0.189));
#10300=CARTESIAN_POINT('',(0.119900636616281,-0.116,0.189129139403901));
#10301=CARTESIAN_POINT('',(0.119895049257191,-0.115987450783608,0.189259179691715));
#10302=CARTESIAN_POINT('',(0.119877332148605,-0.115949398468799,0.189451806697947));
#10303=CARTESIAN_POINT('',(0.119869870440022,-0.115933517237597,0.189515608780619));
#10304=CARTESIAN_POINT('',(0.119856343868569,-0.115904920915764,0.189610214417536));
#10305=CARTESIAN_POINT('',(0.119851446009988,-0.115894593578308,0.189641566633224));
#10306=CARTESIAN_POINT('',(0.119843515719972,-0.11587791709763,0.18968825904817));
#10307=CARTESIAN_POINT('',(0.119840775039609,-0.115872160724843,0.189703767199232));
#10308=CARTESIAN_POINT('',(0.119835099178168,-0.115860254516942,0.189734661270623));
#10309=CARTESIAN_POINT('',(0.119831989626835,-0.115853739797407,0.189750928099495));
#10310=CARTESIAN_POINT('',(0.119806267076209,-0.115799913205949,0.189880876986609));
#10311=CARTESIAN_POINT('',(0.119777387976665,-0.115740060814592,0.189994647219563));
#10312=CARTESIAN_POINT('',(0.119725047412198,-0.115631694955089,0.190158384761641));
#10313=CARTESIAN_POINT('',(0.119706096904851,-0.115592484779476,0.190211804538721));
#10314=CARTESIAN_POINT('',(0.119675415665043,-0.11552906297988,0.190289606880717));
#10315=CARTESIAN_POINT('',(0.119664812671975,-0.11550715536428,0.190315152807315));
#10316=CARTESIAN_POINT('',(0.119648344312678,-0.11547315363369,0.190352813520486));
#10317=CARTESIAN_POINT('',(0.119642760881296,-0.115461629722623,0.190365257380789));
#10318=CARTESIAN_POINT('',(0.119634244766798,-0.115444060594556,0.19038374899809));
#10319=CARTESIAN_POINT('',(0.119631382567395,-0.115438157011556,0.190389883840894));
#10320=CARTESIAN_POINT('',(0.119627054026434,-0.115429231073771,0.190399041353225));
#10321=CARTESIAN_POINT('',(0.119625605305805,-0.115426244000836,0.190402086398647));
#10322=CARTESIAN_POINT('',(0.11962269611726,-0.11542024637799,0.190408161370367));
#10323=CARTESIAN_POINT('',(0.119621035271908,-0.11541682283163,0.190411604293116));
#10324=CARTESIAN_POINT('',(0.119579258455938,-0.115330716946162,0.190497710178584));
#10325=CARTESIAN_POINT('',(0.119532671148721,-0.1152352100901,0.190578414002466));
#10326=CARTESIAN_POINT('',(0.119453675504846,-0.115073007609986,0.190689064341989));
#10327=CARTESIAN_POINT('',(0.119425824509712,-0.115015798774887,0.190724200178683));
#10328=CARTESIAN_POINT('',(0.11938176934625,-0.114925329663057,0.190773398817659));
#10329=CARTESIAN_POINT('',(0.119366704513302,-0.11489439867784,0.190789213513748));
#10330=CARTESIAN_POINT('',(0.119343537596189,-0.114846860531829,0.190811942531596));
#10331=CARTESIAN_POINT('',(0.119335720345869,-0.114830824302316,0.19081935333355));
#10332=CARTESIAN_POINT('',(0.119323852053468,-0.114806488123281,0.190830206491195));
#10333=CARTESIAN_POINT('',(0.119319872219847,-0.114798329097587,0.190833780367792));
#10334=CARTESIAN_POINT('',(0.119313866865185,-0.114786020598523,0.190839073561617));
#10335=CARTESIAN_POINT('',(0.119311859146259,-0.114781906105828,0.190840826689282));
#10336=CARTESIAN_POINT('',(0.119308838666812,-0.114775716942097,0.190843439242372));
#10337=CARTESIAN_POINT('',(0.119307830356821,-0.114773650983431,0.190844307236996));
#10338=CARTESIAN_POINT('',(0.119305810769818,-0.114769513269041,0.19084603747453));
#10339=CARTESIAN_POINT('',(0.119304418852315,-0.114766661768014,0.190847222698521));
#10340=CARTESIAN_POINT('',(0.119263331050463,-0.114682493054553,0.190882086521163));
#10341=CARTESIAN_POINT('',(0.119211895092017,-0.114578128230565,0.190919088971071));
#10342=CARTESIAN_POINT('',(0.119087062621882,-0.114323059668883,0.190978071581163));
#10343=CARTESIAN_POINT('',(0.119013740847299,-0.114172249858093,0.191));
#10344=CARTESIAN_POINT('',(0.118929289321881,-0.114,0.191));
#10345=CARTESIAN_POINT('',(0.1199,-0.115,0.189));
#10346=CARTESIAN_POINT('',(0.119900636616283,-0.115,0.189064569702126));
#10347=CARTESIAN_POINT('',(0.119895049257191,-0.114993725391804,0.189129589845858));
#10348=CARTESIAN_POINT('',(0.119877332148605,-0.1149746992344,0.189225903348973));
#10349=CARTESIAN_POINT('',(0.119869870440022,-0.114966758618799,0.18925780439031));
#10350=CARTESIAN_POINT('',(0.119856343868569,-0.114952460457882,0.189305107208767));
#10351=CARTESIAN_POINT('',(0.119851446009988,-0.114947296789154,0.189320783316612));
#10352=CARTESIAN_POINT('',(0.119843515719972,-0.114938958548815,0.189344129524085));
#10353=CARTESIAN_POINT('',(0.119840775039609,-0.114936080362421,0.189351883599616));
#10354=CARTESIAN_POINT('',(0.119835099178168,-0.114930127258471,0.189367330635311));
#10355=CARTESIAN_POINT('',(0.119831989626835,-0.114926869898703,0.189375464049748));
#10356=CARTESIAN_POINT('',(0.119806267076209,-0.114899956602974,0.189440438493304));
#10357=CARTESIAN_POINT('',(0.119777387976665,-0.114870030407296,0.189497323609781));
#10358=CARTESIAN_POINT('',(0.119725047412198,-0.114815847477544,0.189579192380821));
#10359=CARTESIAN_POINT('',(0.119706096904851,-0.114796242389738,0.18960590226936));
#10360=CARTESIAN_POINT('',(0.119675415665043,-0.11476453148994,0.189644803440359));
#10361=CARTESIAN_POINT('',(0.119664812671975,-0.11475357768214,0.189657576403657));
#10362=CARTESIAN_POINT('',(0.119648344312678,-0.114736576816845,0.189676406760243));
#10363=CARTESIAN_POINT('',(0.119642760881296,-0.114730814861311,0.189682628690394));
#10364=CARTESIAN_POINT('',(0.119634244766798,-0.114722030297278,0.189691874499045));
#10365=CARTESIAN_POINT('',(0.119631382567395,-0.114719078505778,0.189694941920447));
#10366=CARTESIAN_POINT('',(0.119627054026434,-0.114714615536885,0.189699520676612));
#10367=CARTESIAN_POINT('',(0.119625605305805,-0.114713122000418,0.189701043199323));
#10368=CARTESIAN_POINT('',(0.11962269611726,-0.114710123188995,0.189704080685184));
#10369=CARTESIAN_POINT('',(0.119621035271908,-0.114708411415815,0.189705802146558));
#10370=CARTESIAN_POINT('',(0.119579258455938,-0.114665358473081,0.189748855089292));
#10371=CARTESIAN_POINT('',(0.119532671148721,-0.11461760504505,0.189789207001232));
#10372=CARTESIAN_POINT('',(0.119453675504846,-0.114536503804993,0.189844532170994));
#10373=CARTESIAN_POINT('',(0.119425824509712,-0.114507899387444,0.189862100089342));
#10374=CARTESIAN_POINT('',(0.11938176934625,-0.114462664831529,0.189886699408829));
#10375=CARTESIAN_POINT('',(0.119366704513302,-0.11444719933892,0.189894606756874));
#10376=CARTESIAN_POINT('',(0.119343537596189,-0.114423430265915,0.189905971265798));
#10377=CARTESIAN_POINT('',(0.119335720345869,-0.114415412151158,0.189909676666775));
#10378=CARTESIAN_POINT('',(0.119323852053468,-0.11440324406164,0.189915103245597));
#10379=CARTESIAN_POINT('',(0.119319872219847,-0.114399164548793,0.189916890183897));
#10380=CARTESIAN_POINT('',(0.119313866865185,-0.114393010299261,0.189919536780809));
#10381=CARTESIAN_POINT('',(0.119311859146259,-0.114390953052914,0.189920413344641));
#10382=CARTESIAN_POINT('',(0.119308838666812,-0.114387858471048,0.189921719621187));
#10383=CARTESIAN_POINT('',(0.119307830356821,-0.114386825491715,0.189922153618498));
#10384=CARTESIAN_POINT('',(0.119305810769818,-0.114384756634521,0.189923018737265));
#10385=CARTESIAN_POINT('',(0.119304418852315,-0.114383330884007,0.18992361134926));
#10386=CARTESIAN_POINT('',(0.119263331050463,-0.114341246527277,0.189941043260582));
#10387=CARTESIAN_POINT('',(0.119211895092017,-0.114289064115283,0.189959544485536));
#10388=CARTESIAN_POINT('',(0.119087062621882,-0.114161529834442,0.189989035790581));
#10389=CARTESIAN_POINT('',(0.119013713370725,-0.114086096908026,0.19));
#10390=CARTESIAN_POINT('',(0.118929289321881,-0.114,0.19));
#10391=CARTESIAN_POINT('',(0.1199,-0.115,0.189));
#10392=CARTESIAN_POINT('',(0.1199,-0.115333333333333,0.189));
#10393=CARTESIAN_POINT('',(0.1199,-0.115666666666667,0.189));
#10394=CARTESIAN_POINT('',(0.1199,-0.116,0.189));
#10395=CARTESIAN_POINT('',(0.1199,-0.115,0.189));
#10396=CARTESIAN_POINT('',(0.1199,-0.116,0.189));
#10397=CARTESIAN_POINT('',(0.1199,-0.115,0.189));
#10398=CARTESIAN_POINT('',(0.119901273280071,-0.115,0.189129144222522));
#10399=CARTESIAN_POINT('',(0.11986214429092,-0.114957962457051,0.189331661672721));
#10400=CARTESIAN_POINT('',(0.11975006311874,-0.114841701169115,0.189552232768386));
#10401=CARTESIAN_POINT('',(0.119620589129286,-0.114707748913242,0.189715681222664));
#10402=CARTESIAN_POINT('',(0.119508595030582,-0.11459291137307,0.189809016060509));
#10403=CARTESIAN_POINT('',(0.119400433277509,-0.11448182240086,0.189878906189773));
#10404=CARTESIAN_POINT('',(0.119295438702073,-0.114374029367541,0.189928884462085));
#10405=CARTESIAN_POINT('',(0.119240532307916,-0.114318160723165,0.189948833156955));
#10406=CARTESIAN_POINT('',(0.119122009335721,-0.114197428378647,0.189984422354332));
#10407=CARTESIAN_POINT('',(0.119013666110193,-0.114086048711028,0.19));
#10408=CARTESIAN_POINT('',(0.118929289321881,-0.114,0.19));
#10409=CARTESIAN_POINT('',(0.1199,-0.116,0.189));
#10410=CARTESIAN_POINT('',(0.119901273280071,-0.116,0.189258288445044));
#10411=CARTESIAN_POINT('',(0.11986214429092,-0.115915924914103,0.189663323345442));
#10412=CARTESIAN_POINT('',(0.11975006311874,-0.11568340233823,0.190104465536773));
#10413=CARTESIAN_POINT('',(0.119620589129286,-0.115415497826484,0.190431362445327));
#10414=CARTESIAN_POINT('',(0.119508595030582,-0.115185822746141,0.190618032121018));
#10415=CARTESIAN_POINT('',(0.119400433277509,-0.114963644801721,0.190757812379546));
#10416=CARTESIAN_POINT('',(0.119295438702073,-0.114748058735083,0.19085776892417));
#10417=CARTESIAN_POINT('',(0.119240532307916,-0.11463632144633,0.190897666313911));
#10418=CARTESIAN_POINT('',(0.119122009335721,-0.114394856757294,0.190968844708664));
#10419=CARTESIAN_POINT('',(0.119013666110193,-0.114172097422055,0.191));
#10420=CARTESIAN_POINT('',(0.118929289321881,-0.114,0.191));
#10421=CARTESIAN_POINT('',(4.16333634234433E-17,-0.114,0.189));
#10422=CARTESIAN_POINT('',(0.12,-0.116,0.189));
#10423=CARTESIAN_POINT('',(4.16333634234433E-17,-0.114,0.189));
#10424=CARTESIAN_POINT('',(0.12,-0.115,0.189));
#10425=CARTESIAN_POINT('',(-0.1199,0.116,0.189));
#10426=CARTESIAN_POINT('',(-0.119900636616281,0.116,0.189129139403853));
#10427=CARTESIAN_POINT('',(-0.119895049257191,0.115987450783618,0.189259179691644));
#10428=CARTESIAN_POINT('',(-0.119877332148604,0.115949398468815,0.189451806697876));
#10429=CARTESIAN_POINT('',(-0.119869870440022,0.115933517237615,0.189515608780555));
#10430=CARTESIAN_POINT('',(-0.119856343868569,0.115904920915779,0.18961021441749));
#10431=CARTESIAN_POINT('',(-0.119851446009988,0.115894593578321,0.189641566633186));
#10432=CARTESIAN_POINT('',(-0.119843515719972,0.115877917097639,0.189688259048144));
#10433=CARTESIAN_POINT('',(-0.119840775039609,0.115872160724851,0.189703767199211));
#10434=CARTESIAN_POINT('',(-0.119835099178168,0.115860254516947,0.189734661270612));
#10435=CARTESIAN_POINT('',(-0.119831989626832,0.115853739797404,0.189750928099502));
#10436=CARTESIAN_POINT('',(-0.119806267076229,0.115799913205971,0.189880876986555));
#10437=CARTESIAN_POINT('',(-0.119777387976694,0.115740060814636,0.189994647219486));
#10438=CARTESIAN_POINT('',(-0.119725047412227,0.11563169495514,0.190158384761569));
#10439=CARTESIAN_POINT('',(-0.119706096904877,0.115592484779526,0.190211804538656));
#10440=CARTESIAN_POINT('',(-0.119675415665062,0.115529062979918,0.190289606880672));
#10441=CARTESIAN_POINT('',(-0.119664812671992,0.115507155364313,0.190315152807278));
#10442=CARTESIAN_POINT('',(-0.119648344312688,0.115473153633713,0.190352813520462));
#10443=CARTESIAN_POINT('',(-0.119642760881304,0.115461629722642,0.190365257380769));
#10444=CARTESIAN_POINT('',(-0.119634244766804,0.115444060594568,0.190383748998077));
#10445=CARTESIAN_POINT('',(-0.1196313825674,0.115438157011566,0.190389883840884));
#10446=CARTESIAN_POINT('',(-0.119627054026437,0.115429231073777,0.190399041353219));
#10447=CARTESIAN_POINT('',(-0.119625605305807,0.115426244000841,0.190402086398642));
#10448=CARTESIAN_POINT('',(-0.119622696117261,0.115420246377993,0.190408161370365));
#10449=CARTESIAN_POINT('',(-0.119621035271907,0.115416822831628,0.190411604293118));
#10450=CARTESIAN_POINT('',(-0.119579258455958,0.115330716946201,0.190497710178545));
#10451=CARTESIAN_POINT('',(-0.119532671148751,0.115235210090165,0.190578414002415));
#10452=CARTESIAN_POINT('',(-0.119453675504876,0.115073007610056,0.190689064341944));
#10453=CARTESIAN_POINT('',(-0.11942582450974,0.115015798774953,0.190724200178645));
#10454=CARTESIAN_POINT('',(-0.119381769346269,0.114925329663106,0.190773398817634));
#10455=CARTESIAN_POINT('',(-0.119366704513318,0.114894398677882,0.190789213513727));
#10456=CARTESIAN_POINT('',(-0.1193435375962,0.114846860531857,0.190811942531582));
#10457=CARTESIAN_POINT('',(-0.119335720345878,0.114830824302339,0.190819353333539));
#10458=CARTESIAN_POINT('',(-0.119323852053474,0.114806488123296,0.190830206491189));
#10459=CARTESIAN_POINT('',(-0.119319872219851,0.114798329097599,0.190833780367788));
#10460=CARTESIAN_POINT('',(-0.119313866865187,0.11478602059853,0.190839073561614));
#10461=CARTESIAN_POINT('',(-0.119311859146261,0.114781906105834,0.190840826689279));
#10462=CARTESIAN_POINT('',(-0.119308838666814,0.114775716942101,0.190843439242371));
#10463=CARTESIAN_POINT('',(-0.119307830356822,0.114773650983434,0.190844307236995));
#10464=CARTESIAN_POINT('',(-0.119305810769818,0.114769513269043,0.190846037474529));
#10465=CARTESIAN_POINT('',(-0.119304418852314,0.114766661768013,0.190847222698521));
#10466=CARTESIAN_POINT('',(-0.119263331050503,0.114682493054628,0.190882086521132));
#10467=CARTESIAN_POINT('',(-0.119211895092077,0.114578128230683,0.190919088971036));
#10468=CARTESIAN_POINT('',(-0.119087062621942,0.114323059669004,0.190978071581143));
#10469=CARTESIAN_POINT('',(-0.119013740847339,0.114172249858175,0.191));
#10470=CARTESIAN_POINT('',(-0.118929289321881,0.114,0.191));
#10471=CARTESIAN_POINT('',(-0.1199,0.115,0.189));
#10472=CARTESIAN_POINT('',(-0.119900636616283,0.115,0.189064569702102));
#10473=CARTESIAN_POINT('',(-0.119895049257191,0.114993725391809,0.189129589845822));
#10474=CARTESIAN_POINT('',(-0.119877332148604,0.114974699234408,0.189225903348938));
#10475=CARTESIAN_POINT('',(-0.119869870440022,0.114966758618807,0.189257804390278));
#10476=CARTESIAN_POINT('',(-0.119856343868569,0.11495246045789,0.189305107208745));
#10477=CARTESIAN_POINT('',(-0.119851446009988,0.11494729678916,0.189320783316593));
#10478=CARTESIAN_POINT('',(-0.119843515719972,0.11493895854882,0.189344129524073));
#10479=CARTESIAN_POINT('',(-0.119840775039609,0.114936080362425,0.189351883599606));
#10480=CARTESIAN_POINT('',(-0.119835099178168,0.114930127258473,0.189367330635306));
#10481=CARTESIAN_POINT('',(-0.119831989626832,0.114926869898702,0.189375464049751));
#10482=CARTESIAN_POINT('',(-0.119806267076229,0.114899956602986,0.189440438493277));
#10483=CARTESIAN_POINT('',(-0.119777387976694,0.114870030407318,0.189497323609743));
#10484=CARTESIAN_POINT('',(-0.119725047412227,0.11481584747757,0.189579192380784));
#10485=CARTESIAN_POINT('',(-0.119706096904877,0.114796242389763,0.189605902269328));
#10486=CARTESIAN_POINT('',(-0.119675415665062,0.114764531489959,0.189644803440336));
#10487=CARTESIAN_POINT('',(-0.119664812671992,0.114753577682157,0.189657576403639));
#10488=CARTESIAN_POINT('',(-0.119648344312688,0.114736576816856,0.189676406760231));
#10489=CARTESIAN_POINT('',(-0.119642760881304,0.114730814861321,0.189682628690384));
#10490=CARTESIAN_POINT('',(-0.119634244766804,0.114722030297284,0.189691874499038));
#10491=CARTESIAN_POINT('',(-0.1196313825674,0.114719078505783,0.189694941920442));
#10492=CARTESIAN_POINT('',(-0.119627054026437,0.114714615536888,0.18969952067661));
#10493=CARTESIAN_POINT('',(-0.119625605305807,0.11471312200042,0.189701043199321));
#10494=CARTESIAN_POINT('',(-0.119622696117261,0.114710123188996,0.189704080685182));
#10495=CARTESIAN_POINT('',(-0.119621035271907,0.114708411415814,0.189705802146559));
#10496=CARTESIAN_POINT('',(-0.119579258455958,0.114665358473101,0.189748855089273));
#10497=CARTESIAN_POINT('',(-0.119532671148751,0.114617605045082,0.189789207001207));
#10498=CARTESIAN_POINT('',(-0.119453675504876,0.114536503805028,0.189844532170972));
#10499=CARTESIAN_POINT('',(-0.11942582450974,0.114507899387476,0.189862100089322));
#10500=CARTESIAN_POINT('',(-0.119381769346269,0.114462664831553,0.189886699408817));
#10501=CARTESIAN_POINT('',(-0.119366704513318,0.114447199338941,0.189894606756864));
#10502=CARTESIAN_POINT('',(-0.1193435375962,0.114423430265929,0.189905971265792));
#10503=CARTESIAN_POINT('',(-0.119335720345878,0.11441541215117,0.18990967666677));
#10504=CARTESIAN_POINT('',(-0.119323852053474,0.114403244061648,0.189915103245594));
#10505=CARTESIAN_POINT('',(-0.119319872219851,0.114399164548799,0.189916890183894));
#10506=CARTESIAN_POINT('',(-0.119313866865187,0.114393010299265,0.189919536780807));
#10507=CARTESIAN_POINT('',(-0.119311859146261,0.114390953052917,0.189920413344639));
#10508=CARTESIAN_POINT('',(-0.119308838666814,0.11438785847105,0.189921719621186));
#10509=CARTESIAN_POINT('',(-0.119307830356822,0.114386825491717,0.189922153618498));
#10510=CARTESIAN_POINT('',(-0.119305810769818,0.114384756634521,0.189923018737265));
#10511=CARTESIAN_POINT('',(-0.119304418852314,0.114383330884007,0.189923611349261));
#10512=CARTESIAN_POINT('',(-0.119263331050503,0.114341246527314,0.189941043260566));
#10513=CARTESIAN_POINT('',(-0.119211895092077,0.114289064115341,0.189959544485518));
#10514=CARTESIAN_POINT('',(-0.119087062621942,0.114161529834502,0.189989035790571));
#10515=CARTESIAN_POINT('',(-0.119013713370765,0.114086096908067,0.19));
#10516=CARTESIAN_POINT('',(-0.118929289321881,0.114,0.19));
#10517=CARTESIAN_POINT('',(-0.1199,0.115,0.189));
#10518=CARTESIAN_POINT('',(-0.1199,0.115333333333333,0.189));
#10519=CARTESIAN_POINT('',(-0.1199,0.115666666666667,0.189));
#10520=CARTESIAN_POINT('',(-0.1199,0.116,0.189));
#10521=CARTESIAN_POINT('',(-0.1199,0.115,0.189));
#10522=CARTESIAN_POINT('',(-0.1199,0.116,0.189));
#10523=CARTESIAN_POINT('',(-0.1199,0.115,0.189));
#10524=CARTESIAN_POINT('',(-0.11990127328007,0.115,0.189129144222474));
#10525=CARTESIAN_POINT('',(-0.119862144290888,0.114957962457024,0.189331661672771));
#10526=CARTESIAN_POINT('',(-0.119750063118793,0.11484170116916,0.189552232768318));
#10527=CARTESIAN_POINT('',(-0.119620589129261,0.114707748913218,0.189715681222692));
#10528=CARTESIAN_POINT('',(-0.119508595030617,0.114592911373109,0.189809016060477));
#10529=CARTESIAN_POINT('',(-0.119400433277539,0.114481822400897,0.189878906189755));
#10530=CARTESIAN_POINT('',(-0.119295438702051,0.114374029367518,0.189928884462094));
#10531=CARTESIAN_POINT('',(-0.119240532307973,0.114318160723221,0.189948833156935));
#10532=CARTESIAN_POINT('',(-0.119122009335787,0.114197428378713,0.189984422354319));
#10533=CARTESIAN_POINT('',(-0.119013666110233,0.114086048711068,0.19));
#10534=CARTESIAN_POINT('',(-0.118929289321881,0.114,0.19));
#10535=CARTESIAN_POINT('',(-0.1199,0.116,0.189));
#10536=CARTESIAN_POINT('',(-0.11990127328007,0.116,0.189258288444948));
#10537=CARTESIAN_POINT('',(-0.119862144290888,0.115915924914048,0.189663323345543));
#10538=CARTESIAN_POINT('',(-0.119750063118793,0.115683402338321,0.190104465536637));
#10539=CARTESIAN_POINT('',(-0.119620589129261,0.115415497826436,0.190431362445384));
#10540=CARTESIAN_POINT('',(-0.119508595030617,0.115185822746219,0.190618032120953));
#10541=CARTESIAN_POINT('',(-0.119400433277539,0.114963644801795,0.190757812379511));
#10542=CARTESIAN_POINT('',(-0.119295438702051,0.114748058735036,0.190857768924189));
#10543=CARTESIAN_POINT('',(-0.119240532307973,0.114636321446441,0.19089766631387));
#10544=CARTESIAN_POINT('',(-0.119122009335787,0.114394856757426,0.190968844708639));
#10545=CARTESIAN_POINT('',(-0.119013666110233,0.114172097422137,0.191));
#10546=CARTESIAN_POINT('',(-0.118929289321881,0.114,0.191));
#10547=CARTESIAN_POINT('',(0.118929289321881,0.114,0.191));
#10548=CARTESIAN_POINT('',(0.119013544220678,0.114171848812553,0.191));
#10549=CARTESIAN_POINT('',(0.119086768986438,0.114322467313319,0.190978168233923));
#10550=CARTESIAN_POINT('',(0.11918039333904,0.114513781972929,0.190933988564278));
#10551=CARTESIAN_POINT('',(0.119208880857038,0.114571845301832,0.190917301629635));
#10552=CARTESIAN_POINT('',(0.119247531234733,0.114650579134362,0.190891430658785));
#10553=CARTESIAN_POINT('',(0.119259734544081,0.114675433250747,0.190882662659662));
#10554=CARTESIAN_POINT('',(0.119277019283277,0.11471067457774,0.190869518343352));
#10555=CARTESIAN_POINT('',(0.119282610825538,0.114722081821158,0.190865137918938));
#10556=CARTESIAN_POINT('',(0.119290743082724,0.114738689425674,0.190858594451642));
#10557=CARTESIAN_POINT('',(0.119293411325751,0.114744141421671,0.190856417807693));
#10558=CARTESIAN_POINT('',(0.11929734992624,0.114752194460727,0.1908531626686));
#10559=CARTESIAN_POINT('',(0.119298652165728,0.114754857981479,0.190852079259026));
#10560=CARTESIAN_POINT('',(0.119300589583947,0.114758822132714,0.190850456973124));
#10561=CARTESIAN_POINT('',(0.119301232733185,0.114760138328156,0.190849916682504));
#10562=CARTESIAN_POINT('',(0.119302513717989,0.114762760360655,0.190848837105413));
#10563=CARTESIAN_POINT('',(0.119302777212668,0.114763299653082,0.190848615332123));
#10564=CARTESIAN_POINT('',(0.119368395987839,0.114897668410232,0.190792957970553));
#10565=CARTESIAN_POINT('',(0.119427032496907,0.115018273160488,0.190726341362678));
#10566=CARTESIAN_POINT('',(0.119506028140783,0.115180518382108,0.190615753703994));
#10567=CARTESIAN_POINT('',(0.119530866835453,0.115231513829371,0.190577106284516));
#10568=CARTESIAN_POINT('',(0.119565885097527,0.115303425256236,0.190517252529263));
#10569=CARTESIAN_POINT('',(0.119577184554897,0.115326633251601,0.190496986801311));
#10570=CARTESIAN_POINT('',(0.119593573795968,0.115360316896175,0.190466209145678));
#10571=CARTESIAN_POINT('',(0.119598943552161,0.115371356780198,0.19045588670166));
#10572=CARTESIAN_POINT('',(0.119606858200205,0.115387637049854,0.190440319337695));
#10573=CARTESIAN_POINT('',(0.119609473085179,0.115393017217132,0.190435116263615));
#10574=CARTESIAN_POINT('',(0.119613360416078,0.115401017919394,0.190427292087789));
#10575=CARTESIAN_POINT('',(0.119614650360285,0.115403673228912,0.1904246807682));
#10576=CARTESIAN_POINT('',(0.119617218583176,0.115408960723786,0.190419451832107));
#10577=CARTESIAN_POINT('',(0.119618307490861,0.115411202891999,0.190417224232747));
#10578=CARTESIAN_POINT('',(0.119666547449446,0.115510555014341,0.190317872110406));
#10579=CARTESIAN_POINT('',(0.119707383375098,0.115595095505947,0.190213591799895));
#10580=CARTESIAN_POINT('',(0.119759723939565,0.115703525797377,0.190049896918814));
#10581=CARTESIAN_POINT('',(0.119775685240385,0.115736618138555,0.189994116646976));
#10582=CARTESIAN_POINT('',(0.119797398860613,0.115781696741577,0.189909166837159));
#10583=CARTESIAN_POINT('',(0.119804265345522,0.115795963612883,0.189880636702125));
#10584=CARTESIAN_POINT('',(0.119814007990135,0.115816232604999,0.18983758623408));
#10585=CARTESIAN_POINT('',(0.119817162691214,0.115822800420383,0.189823193512351));
#10586=CARTESIAN_POINT('',(0.119823286399122,0.115835560733346,0.189794333510263));
#10587=CARTESIAN_POINT('',(0.119826098965305,0.11584142656075,0.189780654882428));
#10588=CARTESIAN_POINT('',(0.119877653171236,0.115949079133376,0.189520758581571));
#10589=CARTESIAN_POINT('',(0.119901275799375,0.116,0.18925879949297));
#10590=CARTESIAN_POINT('',(0.1199,0.116,0.189));
#10591=CARTESIAN_POINT('',(0.118929289321881,0.114,0.19));
#10592=CARTESIAN_POINT('',(0.119013517063828,0.114085896711315,0.19));
#10593=CARTESIAN_POINT('',(0.119086768986438,0.114161233656659,0.189989084116962));
#10594=CARTESIAN_POINT('',(0.11918039333904,0.114256890986464,0.189966994282139));
#10595=CARTESIAN_POINT('',(0.119208880857038,0.114285922650916,0.189958650814817));
#10596=CARTESIAN_POINT('',(0.119247531234733,0.114325289567181,0.189945715329393));
#10597=CARTESIAN_POINT('',(0.119259734544081,0.114337716625373,0.189941331329831));
#10598=CARTESIAN_POINT('',(0.119277019283277,0.11435533728887,0.189934759171676));
#10599=CARTESIAN_POINT('',(0.119282610825538,0.114361040910579,0.189932568959469));
#10600=CARTESIAN_POINT('',(0.119290743082724,0.114369344712837,0.189929297225821));
#10601=CARTESIAN_POINT('',(0.119293411325751,0.114372070710835,0.189928208903846));
#10602=CARTESIAN_POINT('',(0.11929734992624,0.114376097230364,0.1899265813343));
#10603=CARTESIAN_POINT('',(0.119298652165728,0.114377428990739,0.189926039629513));
#10604=CARTESIAN_POINT('',(0.119300589583947,0.114379411066357,0.189925228486562));
#10605=CARTESIAN_POINT('',(0.119301232733185,0.114380069164078,0.189924958341252));
#10606=CARTESIAN_POINT('',(0.119302513717989,0.114381380180327,0.189924418552706));
#10607=CARTESIAN_POINT('',(0.119302777212668,0.114381649826541,0.189924307666062));
#10608=CARTESIAN_POINT('',(0.119368395987839,0.114448834205116,0.189896478985277));
#10609=CARTESIAN_POINT('',(0.119427032496907,0.114509136580244,0.189863170681339));
#10610=CARTESIAN_POINT('',(0.119506028140783,0.114590259191054,0.189807876851997));
#10611=CARTESIAN_POINT('',(0.119530866835453,0.114615756914686,0.189788553142258));
#10612=CARTESIAN_POINT('',(0.119565885097527,0.114651712628118,0.189758626264631));
#10613=CARTESIAN_POINT('',(0.119577184554897,0.114663316625801,0.189748493400655));
#10614=CARTESIAN_POINT('',(0.119593573795968,0.114680158448087,0.189733104572839));
#10615=CARTESIAN_POINT('',(0.119598943552161,0.114685678390099,0.18972794335083));
#10616=CARTESIAN_POINT('',(0.119606858200205,0.114693818524927,0.189720159668848));
#10617=CARTESIAN_POINT('',(0.119609473085179,0.114696508608566,0.189717558131807));
#10618=CARTESIAN_POINT('',(0.119613360416078,0.114700508959697,0.189713646043895));
#10619=CARTESIAN_POINT('',(0.119614650360285,0.114701836614456,0.189712340384101));
#10620=CARTESIAN_POINT('',(0.119617218583176,0.114704480361893,0.189709725916053));
#10621=CARTESIAN_POINT('',(0.119618307490861,0.114705601446,0.189708612116374));
#10622=CARTESIAN_POINT('',(0.119666547449446,0.11475527750717,0.189658936055203));
#10623=CARTESIAN_POINT('',(0.119707383375098,0.114797547752973,0.189606795899948));
#10624=CARTESIAN_POINT('',(0.119759723939565,0.114851762898689,0.189524948459407));
#10625=CARTESIAN_POINT('',(0.119775685240385,0.114868309069277,0.189497058323487));
#10626=CARTESIAN_POINT('',(0.119797398860613,0.114890848370789,0.189454583418579));
#10627=CARTESIAN_POINT('',(0.119804265345522,0.114897981806441,0.189440318351062));
#10628=CARTESIAN_POINT('',(0.119814007990135,0.114908116302499,0.189418793117041));
#10629=CARTESIAN_POINT('',(0.119817162691214,0.114911400210192,0.189411596756175));
#10630=CARTESIAN_POINT('',(0.119823286399122,0.114917780366673,0.189397166755132));
#10631=CARTESIAN_POINT('',(0.119826098965305,0.114920713280375,0.189390327441214));
#10632=CARTESIAN_POINT('',(0.119877653171236,0.114974539566688,0.189260379290785));
#10633=CARTESIAN_POINT('',(0.119901275799388,0.115,0.189129399747841));
#10634=CARTESIAN_POINT('',(0.1199,0.115,0.189));
#10635=CARTESIAN_POINT('',(0.118929289321881,0.114,0.19));
#10636=CARTESIAN_POINT('',(0.11901347035323,0.114085849075149,0.19));
#10637=CARTESIAN_POINT('',(0.11912169379204,0.114197111899213,0.189984481334591));
#10638=CARTESIAN_POINT('',(0.119240242560042,0.114317879439184,0.189948937123589));
#10639=CARTESIAN_POINT('',(0.119295585428803,0.114374182029616,0.189928819171009));
#10640=CARTESIAN_POINT('',(0.119400136118464,0.114481493036542,0.189879063387442));
#10641=CARTESIAN_POINT('',(0.119508216536317,0.114592537427279,0.189809319589363));
#10642=CARTESIAN_POINT('',(0.119620814473194,0.114707972783545,0.189715428685186));
#10643=CARTESIAN_POINT('',(0.119749661005008,0.114841299196912,0.189552828176179));
#10644=CARTESIAN_POINT('',(0.119862385018636,0.114958203640373,0.189331249604772));
#10645=CARTESIAN_POINT('',(0.119901275982684,0.115,0.18912941833889));
#10646=CARTESIAN_POINT('',(0.1199,0.115,0.189));
#10647=CARTESIAN_POINT('',(0.1199,0.115,0.189));
#10648=CARTESIAN_POINT('',(0.1199,0.116,0.189));
#10649=CARTESIAN_POINT('',(0.1199,0.115666666666667,0.189));
#10650=CARTESIAN_POINT('',(0.1199,0.115333333333333,0.189));
#10651=CARTESIAN_POINT('',(0.1199,0.115,0.189));
#10652=CARTESIAN_POINT('',(0.1199,0.116,0.189));
#10653=CARTESIAN_POINT('',(0.118929289321881,0.114,0.191));
#10654=CARTESIAN_POINT('',(0.11901347035323,0.114171698150297,0.191));
#10655=CARTESIAN_POINT('',(0.11912169379204,0.114394223798426,0.190968962669181));
#10656=CARTESIAN_POINT('',(0.119240242560042,0.114635758878367,0.190897874247177));
#10657=CARTESIAN_POINT('',(0.119295585428803,0.114748364059233,0.190857638342019));
#10658=CARTESIAN_POINT('',(0.119400136118464,0.114962986073083,0.190758126774884));
#10659=CARTESIAN_POINT('',(0.119508216536317,0.115185074854558,0.190618639178726));
#10660=CARTESIAN_POINT('',(0.119620814473194,0.115415945567091,0.190430857370371));
#10661=CARTESIAN_POINT('',(0.119749661005008,0.115682598393824,0.190105656352357));
#10662=CARTESIAN_POINT('',(0.119862385018636,0.115916407280746,0.189662499209544));
#10663=CARTESIAN_POINT('',(0.119901275982684,0.116,0.18925883667778));
#10664=CARTESIAN_POINT('',(0.1199,0.116,0.189));
#10665=CARTESIAN_POINT('',(4.16333634234433E-17,0.114,0.189));
#10666=CARTESIAN_POINT('',(0.120002,0.116,0.189));
#10667=CARTESIAN_POINT('',(4.16333634234433E-17,0.114,0.189));
#10668=CARTESIAN_POINT('',(0.120002,0.115,0.189));
#10669=CARTESIAN_POINT('',(-0.1199,-0.115,1.1067725956403E-32));
#10670=CARTESIAN_POINT('',(-0.1199,-0.115,0.19));
#10671=CARTESIAN_POINT('',(-0.1199,-0.115,0.001));
#10672=CARTESIAN_POINT('',(-0.1199,-0.115,0.001));
#10673=CARTESIAN_POINT('',(-0.1199,-0.115333333333333,0.001));
#10674=CARTESIAN_POINT('',(-0.1199,-0.115666666666667,0.001));
#10675=CARTESIAN_POINT('',(-0.1199,-0.116,0.001));
#10676=CARTESIAN_POINT('',(-0.1199,-0.116,0.001));
#10677=CARTESIAN_POINT('',(-0.1199,-0.116,0.19));
#10678=CARTESIAN_POINT('',(0.1199,-0.115,-2.33004756976906E-33));
#10679=CARTESIAN_POINT('',(0.1199,-0.116,0.001));
#10680=CARTESIAN_POINT('',(0.1199,-0.115666666666667,0.001));
#10681=CARTESIAN_POINT('',(0.1199,-0.115333333333333,0.001));
#10682=CARTESIAN_POINT('',(0.1199,-0.115,0.001));
#10683=CARTESIAN_POINT('',(0.1199,-0.115,0.001));
#10684=CARTESIAN_POINT('',(0.1199,-0.116,0.001));
#10685=CARTESIAN_POINT('',(0.1199,-0.115,-1.31065175799511E-33));
#10686=CARTESIAN_POINT('',(0.1199,-0.116,-2.41352831440253E-19));
#10687=CARTESIAN_POINT('',(-2.16840434497101E-19,-0.115,0.0145));
#10688=CARTESIAN_POINT('',(-2.16840434497101E-19,-0.116,0.0145));
#10689=CARTESIAN_POINT('',(-2.16840434497101E-19,-0.116,0.011));
#10690=CARTESIAN_POINT('',(-2.16840434497101E-19,-0.115,0.0145));
#10691=CARTESIAN_POINT('',(-2.16840434497101E-19,-0.115,0.011));
#10692=CARTESIAN_POINT('',(-0.0964,-0.115,0.0145));
#10693=CARTESIAN_POINT('',(-0.0964,-0.116,0.0145));
#10694=CARTESIAN_POINT('',(-0.0964,-0.116,0.011));
#10695=CARTESIAN_POINT('',(-0.0964,-0.115,0.0145));
#10696=CARTESIAN_POINT('',(-0.0964,-0.115,0.011));
#10697=CARTESIAN_POINT('',(-0.0814,-0.115,0.0145));
#10698=CARTESIAN_POINT('',(-0.0814,-0.116,0.0145));
#10699=CARTESIAN_POINT('',(-0.0814,-0.116,0.011));
#10700=CARTESIAN_POINT('',(-0.0814,-0.115,0.0145));
#10701=CARTESIAN_POINT('',(-0.0814,-0.115,0.011));
#10702=CARTESIAN_POINT('',(-0.0664,-0.115,0.0145));
#10703=CARTESIAN_POINT('',(-0.0664,-0.116,0.0145));
#10704=CARTESIAN_POINT('',(-0.0664,-0.116,0.011));
#10705=CARTESIAN_POINT('',(-0.0664,-0.115,0.0145));
#10706=CARTESIAN_POINT('',(-0.0664,-0.115,0.011));
#10707=CARTESIAN_POINT('',(0.12,-0.116,0.19));
#10708=CARTESIAN_POINT('',(-0.069,-0.116,0.180614086213785));
#10709=CARTESIAN_POINT('',(-0.069,-0.116,0.178614086213785));
#10710=CARTESIAN_POINT('',(0.069,-0.116,0.180614086213785));
#10711=CARTESIAN_POINT('',(0.069,-0.116,0.178614086213785));
#10712=CARTESIAN_POINT('',(0.120002,-0.116,0.001));
#10713=CARTESIAN_POINT('',(0.12,-0.115,0.19));
#10714=CARTESIAN_POINT('',(-0.069,-0.115,0.180614086213785));
#10715=CARTESIAN_POINT('',(-0.069,-0.115,0.178614086213785));
#10716=CARTESIAN_POINT('',(0.069,-0.115,0.180614086213785));
#10717=CARTESIAN_POINT('',(0.069,-0.115,0.178614086213785));
#10718=CARTESIAN_POINT('',(0.120002,-0.115,0.001));
#10719=CARTESIAN_POINT('',(0.069,-0.114,0.180614086213785));
#10720=CARTESIAN_POINT('',(-0.069,-0.114,0.180614086213785));
#10721=CARTESIAN_POINT('',(4.16333634234433E-17,-0.103,0.));
#10722=CARTESIAN_POINT('',(-0.107929289321881,-0.103,0.));
#10723=CARTESIAN_POINT('',(-0.107929289321881,-0.103,0.));
#10724=CARTESIAN_POINT('',(-0.107929289321881,-0.103,-0.001));
#10725=CARTESIAN_POINT('',(4.16333634234433E-17,-0.103,0.));
#10726=CARTESIAN_POINT('',(0.107929289321881,-0.103,0.));
#10727=CARTESIAN_POINT('',(0.107929289321881,-0.103,0.));
#10728=CARTESIAN_POINT('',(0.107929289321881,-0.103,-0.001));
#10729=CARTESIAN_POINT('',(5.55111512312578E-17,-0.103,-0.001));
#10730=CARTESIAN_POINT('',(0.113964644660941,-0.109035355339059,0.));
#10731=CARTESIAN_POINT('',(0.113964644660941,-0.109035355339059,0.));
#10732=CARTESIAN_POINT('',(0.118929289321881,-0.114,2.16840434497101E-19));
#10733=CARTESIAN_POINT('',(0.118929289321881,-0.114,0.));
#10734=CARTESIAN_POINT('',(0.118929289321881,-0.114,-0.000333333333333333));
#10735=CARTESIAN_POINT('',(0.118929289321881,-0.114,-0.000666666666666667));
#10736=CARTESIAN_POINT('',(0.118929289321881,-0.114,-0.001));
#10737=CARTESIAN_POINT('',(0.118929289321881,-0.114,-0.001));
#10738=CARTESIAN_POINT('',(0.113964644660941,-0.109035355339059,-0.001));
#10739=CARTESIAN_POINT('',(1.38777878078145E-17,-0.108,0.));
#10740=CARTESIAN_POINT('',(1.38777878078145E-17,-0.108,-0.001));
#10741=CARTESIAN_POINT('',(-0.00124999999999999,-0.108,-0.001));
#10742=CARTESIAN_POINT('',(1.38777878078145E-17,-0.108,0.));
#10743=CARTESIAN_POINT('',(-0.00124999999999999,-0.108,0.));
#10744=CARTESIAN_POINT('',(0.099,-0.108,0.));
#10745=CARTESIAN_POINT('',(0.099,-0.108,-0.001));
#10746=CARTESIAN_POINT('',(0.09775,-0.108,-0.001));
#10747=CARTESIAN_POINT('',(0.099,-0.108,0.));
#10748=CARTESIAN_POINT('',(0.09775,-0.108,0.));
#10749=CARTESIAN_POINT('',(-0.099,-0.108,0.));
#10750=CARTESIAN_POINT('',(-0.099,-0.108,-0.001));
#10751=CARTESIAN_POINT('',(-0.10025,-0.108,-0.001));
#10752=CARTESIAN_POINT('',(-0.099,-0.108,0.));
#10753=CARTESIAN_POINT('',(-0.10025,-0.108,0.));
#10754=CARTESIAN_POINT('',(-0.113964644660941,-0.109035355339059,0.));
#10755=CARTESIAN_POINT('',(-0.113964644660941,-0.109035355339059,0.));
#10756=CARTESIAN_POINT('',(-0.118929289321881,-0.114,2.16840434497101E-19));
#10757=CARTESIAN_POINT('',(-0.113964644660941,-0.109035355339059,-0.001));
#10758=CARTESIAN_POINT('',(-0.118929289321881,-0.114,-0.001));
#10759=CARTESIAN_POINT('',(-0.118929289321881,-0.114,-0.001));
#10760=CARTESIAN_POINT('',(-0.118929289321881,-0.114,-0.000666666666666667));
#10761=CARTESIAN_POINT('',(-0.118929289321881,-0.114,-0.000333333333333333));
#10762=CARTESIAN_POINT('',(-0.118929289321881,-0.114,0.));
#10763=CARTESIAN_POINT('',(5.55111512312578E-17,-0.109,-0.001));
#10764=CARTESIAN_POINT('',(5.55111512312578E-17,-0.114,-0.001));
#10765=CARTESIAN_POINT('',(5.55111512312578E-17,-0.109,0.));
#10766=CARTESIAN_POINT('',(5.55111512312578E-17,-0.114,0.));
#10767=CARTESIAN_POINT('',(-0.1199,-0.116,0.0010000000000001));
#10768=CARTESIAN_POINT('',(-0.119900636616281,-0.116,0.000870860596145843));
#10769=CARTESIAN_POINT('',(-0.119895049257191,-0.115987450783617,0.000740820308353986));
#10770=CARTESIAN_POINT('',(-0.119877332148604,-0.115949398468815,0.000548193302121904));
#10771=CARTESIAN_POINT('',(-0.119869870440022,-0.115933517237614,0.000484391219443073));
#10772=CARTESIAN_POINT('',(-0.119856343868569,-0.115904920915779,0.000389785582509102));
#10773=CARTESIAN_POINT('',(-0.119851446009988,-0.115894593578321,0.000358433366813196));
#10774=CARTESIAN_POINT('',(-0.119843515719972,-0.115877917097639,0.000311740951854873));
#10775=CARTESIAN_POINT('',(-0.119840775039609,-0.11587216072485,0.000296232800788604));
#10776=CARTESIAN_POINT('',(-0.119835099178168,-0.115860254516947,0.00026533872938739));
#10777=CARTESIAN_POINT('',(-0.119831989626833,-0.115853739797404,0.000249071900498863));
#10778=CARTESIAN_POINT('',(-0.119806267076227,-0.115799913205969,0.000119123013438506));
#10779=CARTESIAN_POINT('',(-0.119777387976691,-0.115740060814631,5.35278050470966E-6));
#10780=CARTESIAN_POINT('',(-0.119725047412225,-0.115631694955134,-0.000158384761578008));
#10781=CARTESIAN_POINT('',(-0.119706096904875,-0.115592484779519,-0.000211804538664247));
#10782=CARTESIAN_POINT('',(-0.11967541566506,-0.115529062979913,-0.000289606880677592));
#10783=CARTESIAN_POINT('',(-0.11966481267199,-0.115507155364309,-0.000315152807281915));
#10784=CARTESIAN_POINT('',(-0.119648344312687,-0.11547315363371,-0.00035281352046528));
#10785=CARTESIAN_POINT('',(-0.119642760881304,-0.115461629722639,-0.000365257380771652));
#10786=CARTESIAN_POINT('',(-0.119634244766803,-0.115444060594566,-0.000383748998078709));
#10787=CARTESIAN_POINT('',(-0.119631382567399,-0.115438157011565,-0.000389883840884954));
#10788=CARTESIAN_POINT('',(-0.119627054026437,-0.115429231073776,-0.000399041353219746));
#10789=CARTESIAN_POINT('',(-0.119625605305807,-0.11542624400084,-0.000402086398642153));
#10790=CARTESIAN_POINT('',(-0.119622696117261,-0.115420246377993,-0.000408161370365369));
#10791=CARTESIAN_POINT('',(-0.119621035271908,-0.115416822831631,-0.000411604293115306));
#10792=CARTESIAN_POINT('',(-0.11957925845592,-0.115330716946126,-0.000497710178620463));
#10793=CARTESIAN_POINT('',(-0.119532671148695,-0.115235210090038,-0.00057841400251353));
#10794=CARTESIAN_POINT('',(-0.119453675504819,-0.11507300760992,-0.000689064342030667));
#10795=CARTESIAN_POINT('',(-0.119425824509688,-0.115015798774825,-0.000724200178718707));
#10796=CARTESIAN_POINT('',(-0.119381769346232,-0.114925329663011,-0.00077339881768304));
#10797=CARTESIAN_POINT('',(-0.119366704513286,-0.114894398677801,-0.000789213513767488));
#10798=CARTESIAN_POINT('',(-0.119343537596179,-0.114846860531803,-0.000811942531607968));
#10799=CARTESIAN_POINT('',(-0.119335720345861,-0.114830824302295,-0.000819353333559699));
#10800=CARTESIAN_POINT('',(-0.119323852053462,-0.114806488123267,-0.000830206491200986));
#10801=CARTESIAN_POINT('',(-0.119319872219842,-0.114798329097575,-0.000833780367797581));
#10802=CARTESIAN_POINT('',(-0.119313866865182,-0.114786020598515,-0.000839073561619705));
#10803=CARTESIAN_POINT('',(-0.119311859146256,-0.114781906105822,-0.000840826689284108));
#10804=CARTESIAN_POINT('',(-0.119308838666811,-0.114775716942093,-0.000843439242374298));
#10805=CARTESIAN_POINT('',(-0.119307830356819,-0.114773650983428,-0.000844307236997558));
#10806=CARTESIAN_POINT('',(-0.119305810769817,-0.11476951326904,-0.000846037474530865));
#10807=CARTESIAN_POINT('',(-0.119304418852315,-0.114766661768016,-0.000847222698519798));
#10808=CARTESIAN_POINT('',(-0.119263331050419,-0.114682493054471,-0.00088208652119758));
#10809=CARTESIAN_POINT('',(-0.119211895091951,-0.114578128230437,-0.000919088971109683));
#10810=CARTESIAN_POINT('',(-0.119087062621816,-0.114323059668751,-0.000978071581184506));
#10811=CARTESIAN_POINT('',(-0.119013740847255,-0.114172249858003,-0.000999999999999988));
#10812=CARTESIAN_POINT('',(-0.118929289321881,-0.114,-0.001));
#10813=CARTESIAN_POINT('',(-0.1199,-0.115,0.00100000000000005));
#10814=CARTESIAN_POINT('',(-0.119900636616283,-0.115,0.000935430297897288));
#10815=CARTESIAN_POINT('',(-0.119895049257191,-0.114993725391809,0.000870410154176993));
#10816=CARTESIAN_POINT('',(-0.119877332148604,-0.114974699234407,0.000774096651060953));
#10817=CARTESIAN_POINT('',(-0.119869870440022,-0.114966758618807,0.000742195609721536));
#10818=CARTESIAN_POINT('',(-0.119856343868569,-0.114952460457889,0.000694892791254551));
#10819=CARTESIAN_POINT('',(-0.119851446009988,-0.11494729678916,0.000679216683406598));
#10820=CARTESIAN_POINT('',(-0.119843515719972,-0.114938958548819,0.000655870475927437));
#10821=CARTESIAN_POINT('',(-0.119840775039609,-0.114936080362425,0.000648116400394301));
#10822=CARTESIAN_POINT('',(-0.119835099178168,-0.114930127258473,0.000632669364693694));
#10823=CARTESIAN_POINT('',(-0.119831989626833,-0.114926869898702,0.000624535950249431));
#10824=CARTESIAN_POINT('',(-0.119806267076227,-0.114899956602984,0.000559561506719252));
#10825=CARTESIAN_POINT('',(-0.119777387976691,-0.114870030407315,0.000502676390252356));
#10826=CARTESIAN_POINT('',(-0.119725047412225,-0.114815847477567,0.000420807619210998));
#10827=CARTESIAN_POINT('',(-0.119706096904875,-0.11479624238976,0.000394097730667875));
#10828=CARTESIAN_POINT('',(-0.11967541566506,-0.114764531489957,0.000355196559661203));
#10829=CARTESIAN_POINT('',(-0.11966481267199,-0.114753577682155,0.000342423596359044));
#10830=CARTESIAN_POINT('',(-0.119648344312687,-0.114736576816855,0.000323593239767361));
#10831=CARTESIAN_POINT('',(-0.119642760881304,-0.11473081486132,0.000317371309614173));
#10832=CARTESIAN_POINT('',(-0.119634244766803,-0.114722030297283,0.000308125500960644));
#10833=CARTESIAN_POINT('',(-0.119631382567399,-0.114719078505782,0.000305058079557522));
#10834=CARTESIAN_POINT('',(-0.119627054026437,-0.114714615536888,0.000300479323390126));
#10835=CARTESIAN_POINT('',(-0.119625605305807,-0.11471312200042,0.000298956800678924));
#10836=CARTESIAN_POINT('',(-0.119622696117261,-0.114710123188996,0.000295919314817316));
#10837=CARTESIAN_POINT('',(-0.119621035271908,-0.114708411415815,0.000294197853442348));
#10838=CARTESIAN_POINT('',(-0.11957925845592,-0.114665358473063,0.000251144910689769));
#10839=CARTESIAN_POINT('',(-0.119532671148695,-0.114617605045019,0.000210792998743236));
#10840=CARTESIAN_POINT('',(-0.119453675504819,-0.11453650380496,0.000155467828984668));
#10841=CARTESIAN_POINT('',(-0.119425824509688,-0.114507899387413,0.000137899910640647));
#10842=CARTESIAN_POINT('',(-0.119381769346232,-0.114462664831505,0.000113300591158481));
#10843=CARTESIAN_POINT('',(-0.119366704513286,-0.114447199338901,0.000105393243116255));
#10844=CARTESIAN_POINT('',(-0.119343537596179,-0.114423430265901,9.4028734196015E-5));
#10845=CARTESIAN_POINT('',(-0.119335720345861,-0.114415412151147,9.03233332201498E-5));
#10846=CARTESIAN_POINT('',(-0.119323852053462,-0.114403244061633,8.48967543995061E-5));
#10847=CARTESIAN_POINT('',(-0.119319872219842,-0.114399164548788,8.31098161012098E-5));
#10848=CARTESIAN_POINT('',(-0.119313866865182,-0.114393010299258,8.04632191901478E-5));
#10849=CARTESIAN_POINT('',(-0.119311859146256,-0.114390953052911,7.9586655357945E-5));
#10850=CARTESIAN_POINT('',(-0.119308838666811,-0.114387858471047,7.828037881285E-5));
#10851=CARTESIAN_POINT('',(-0.119307830356819,-0.114386825491714,7.78463815012214E-5));
#10852=CARTESIAN_POINT('',(-0.119305810769817,-0.11438475663452,7.69812627345678E-5));
#10853=CARTESIAN_POINT('',(-0.119304418852315,-0.114383330884008,7.63886507401012E-5));
#10854=CARTESIAN_POINT('',(-0.119263331050419,-0.114341246527235,5.895673940121E-5));
#10855=CARTESIAN_POINT('',(-0.119211895091951,-0.114289064115218,4.04555144451592E-5));
#10856=CARTESIAN_POINT('',(-0.119087062621816,-0.114161529834375,1.09642094077474E-5));
#10857=CARTESIAN_POINT('',(-0.119013713370681,-0.114086096907981,5.77521108612179E-18));
#10858=CARTESIAN_POINT('',(-0.118929289321881,-0.114,2.16840434497101E-19));
#10859=CARTESIAN_POINT('',(-0.1199,-0.115,0.00100000000000005));
#10860=CARTESIAN_POINT('',(-0.11990127328007,-0.115,0.000870855777524493));
#10861=CARTESIAN_POINT('',(-0.119862144290894,-0.114957962457031,0.000668338327236987));
#10862=CARTESIAN_POINT('',(-0.119750063118783,-0.114841701169149,0.000447767231668422));
#10863=CARTESIAN_POINT('',(-0.119620589129284,-0.114707748913244,0.000284318777330166));
#10864=CARTESIAN_POINT('',(-0.119508595030553,-0.114592911373037,0.000190983939464862));
#10865=CARTESIAN_POINT('',(-0.119400433277481,-0.114481822400825,0.000121093810209785));
#10866=CARTESIAN_POINT('',(-0.119295438702096,-0.114374029367565,7.11155379249776E-5));
#10867=CARTESIAN_POINT('',(-0.119240532307854,-0.114318160723105,5.11668430227026E-5));
#10868=CARTESIAN_POINT('',(-0.119122009335649,-0.114197428378575,1.55776456539917E-5));
#10869=CARTESIAN_POINT('',(-0.119013666110149,-0.114086048710983,4.88563112350321E-18));
#10870=CARTESIAN_POINT('',(-0.118929289321881,-0.114,-6.50521303491303E-19));
#10871=CARTESIAN_POINT('',(-0.1199,-0.116,0.0010000000000001));
#10872=CARTESIAN_POINT('',(-0.11990127328007,-0.116,0.000741711555048987));
#10873=CARTESIAN_POINT('',(-0.119862144290894,-0.115915924914062,0.000336676654473975));
#10874=CARTESIAN_POINT('',(-0.119750063118783,-0.115683402338297,-0.000104465536663157));
#10875=CARTESIAN_POINT('',(-0.119620589129284,-0.115415497826488,-0.000431362445339668));
#10876=CARTESIAN_POINT('',(-0.119508595030553,-0.115185822746073,-0.000618032121070275));
#10877=CARTESIAN_POINT('',(-0.119400433277481,-0.114963644801649,-0.00075781237958043));
#10878=CARTESIAN_POINT('',(-0.119295438702096,-0.114748058735131,-0.000857768924150045));
#10879=CARTESIAN_POINT('',(-0.119240532307854,-0.11463632144621,-0.000897666313954595));
#10880=CARTESIAN_POINT('',(-0.119122009335649,-0.11439485675715,-0.000968844708692016));
#10881=CARTESIAN_POINT('',(-0.119013666110149,-0.114172097421966,-0.00099999999999999));
#10882=CARTESIAN_POINT('',(-0.118929289321881,-0.114,-0.001));
#10883=CARTESIAN_POINT('',(0.118929289321881,-0.114,-0.001));
#10884=CARTESIAN_POINT('',(0.119013544220571,-0.114171848812336,-0.001));
#10885=CARTESIAN_POINT('',(0.119086768986279,-0.114322467312998,-0.000978168233975809));
#10886=CARTESIAN_POINT('',(0.119180393338881,-0.114513781972615,-0.000933988564361576));
#10887=CARTESIAN_POINT('',(0.119208880856892,-0.114571845301548,-0.000917301629721754));
#10888=CARTESIAN_POINT('',(0.119247531234627,-0.114650579134158,-0.000891430658855273));
#10889=CARTESIAN_POINT('',(0.119259734543992,-0.114675433250575,-0.00088266265972472));
#10890=CARTESIAN_POINT('',(0.119277019283218,-0.114710674577626,-0.00086951834339549));
#10891=CARTESIAN_POINT('',(0.11928261082549,-0.114722081821065,-0.000865137918974291));
#10892=CARTESIAN_POINT('',(0.119290743082692,-0.114738689425614,-0.000858594451665876));
#10893=CARTESIAN_POINT('',(0.119293411325726,-0.114744141421623,-0.000856417807711697));
#10894=CARTESIAN_POINT('',(0.119297349926224,-0.114752194460697,-0.00085316266861216));
#10895=CARTESIAN_POINT('',(0.119298652165715,-0.114754857981454,-0.000852079259035311));
#10896=CARTESIAN_POINT('',(0.119300589583939,-0.114758822132699,-0.00085045697312993));
#10897=CARTESIAN_POINT('',(0.119301232733178,-0.114760138328143,-0.000849916682508313));
#10898=CARTESIAN_POINT('',(0.119302513717985,-0.114762760360648,-0.000848837105414888));
#10899=CARTESIAN_POINT('',(0.119302777212669,-0.114763299653083,-0.000848615332122987));
#10900=CARTESIAN_POINT('',(0.119368395987802,-0.114897668410128,-0.000792957970595882));
#10901=CARTESIAN_POINT('',(0.119427032496851,-0.115018273160342,-0.00072634136276386));
#10902=CARTESIAN_POINT('',(0.119506028140727,-0.115180518381972,-0.000615753704093654));
#10903=CARTESIAN_POINT('',(0.119530866835402,-0.11523151382925,-0.000577106284611808));
#10904=CARTESIAN_POINT('',(0.11956588509749,-0.115303425256151,-0.000517252529336331));
#10905=CARTESIAN_POINT('',(0.119577184554865,-0.11532663325153,-0.000496986801374576));
#10906=CARTESIAN_POINT('',(0.119593573795947,-0.115360316896128,-0.000466209145721295));
#10907=CARTESIAN_POINT('',(0.119598943552144,-0.11537135678016,-0.000455886701696126));
#10908=CARTESIAN_POINT('',(0.119606858200194,-0.11538763704983,-0.000440319337718385));
#10909=CARTESIAN_POINT('',(0.11960947308517,-0.115393017217112,-0.000435116263633838));
#10910=CARTESIAN_POINT('',(0.119613360416073,-0.115401017919382,-0.00042729208780138));
#10911=CARTESIAN_POINT('',(0.11961465036028,-0.115403673228902,-0.000424680768210154));
#10912=CARTESIAN_POINT('',(0.119617218583174,-0.115408960723781,-0.000419451832111928));
#10913=CARTESIAN_POINT('',(0.119618307490861,-0.115411202892,-0.000417224232745741));
#10914=CARTESIAN_POINT('',(0.119666547449424,-0.115510555014297,-0.000317872110448773));
#10915=CARTESIAN_POINT('',(0.119707383375064,-0.115595095505891,-0.000213591799968105));
#10916=CARTESIAN_POINT('',(0.119759723939531,-0.115703525797329,-4.9896918892467E-5));
#10917=CARTESIAN_POINT('',(0.119775685240354,-0.115736618138513,5.8833529513137E-6));
#10918=CARTESIAN_POINT('',(0.119797398860591,-0.11578169674155,9.08331627860603E-5));
#10919=CARTESIAN_POINT('',(0.119804265345503,-0.11579596361286,0.000119363297828271));
#10920=CARTESIAN_POINT('',(0.119814007990122,-0.115816232604984,0.000162413765888005));
#10921=CARTESIAN_POINT('',(0.119817162691203,-0.115822800420372,0.000176806487623343));
#10922=CARTESIAN_POINT('',(0.119823286399116,-0.11583556073334,0.000205666489723635));
#10923=CARTESIAN_POINT('',(0.119826098965305,-0.115841426560753,0.00021934511757968));
#10924=CARTESIAN_POINT('',(0.119877653171236,-0.115949079133328,0.000479241418312374));
#10925=CARTESIAN_POINT('',(0.119901275799376,-0.116,0.000741200506900109));
#10926=CARTESIAN_POINT('',(0.1199,-0.116,0.001));
#10927=CARTESIAN_POINT('',(0.118929289321881,-0.114,2.16840434497101E-19));
#10928=CARTESIAN_POINT('',(0.119013517063722,-0.114085896711207,1.45181079394518E-18));
#10929=CARTESIAN_POINT('',(0.119086768986279,-0.114161233656499,1.09158830120957E-5));
#10930=CARTESIAN_POINT('',(0.119180393338881,-0.114256890986308,3.30057178192127E-5));
#10931=CARTESIAN_POINT('',(0.119208880856892,-0.114285922650774,4.1349185139124E-5));
#10932=CARTESIAN_POINT('',(0.119247531234627,-0.114325289567079,5.42846705723644E-5));
#10933=CARTESIAN_POINT('',(0.119259734543992,-0.114337716625287,5.86686701376398E-5));
#10934=CARTESIAN_POINT('',(0.119277019283218,-0.114355337288813,6.52408283022551E-5));
#10935=CARTESIAN_POINT('',(0.11928261082549,-0.114361040910532,6.7431040512854E-5));
#10936=CARTESIAN_POINT('',(0.119290743082692,-0.114369344712807,7.07027741670614E-5));
#10937=CARTESIAN_POINT('',(0.119293411325726,-0.114372070710811,7.17910961441527E-5));
#10938=CARTESIAN_POINT('',(0.119297349926224,-0.114376097230348,7.34186656939211E-5));
#10939=CARTESIAN_POINT('',(0.119298652165715,-0.114377428990727,7.39603704823454E-5));
#10940=CARTESIAN_POINT('',(0.119300589583939,-0.114379411066349,7.47715134350358E-5));
#10941=CARTESIAN_POINT('',(0.119301232733178,-0.114380069164072,7.50416587458435E-5));
#10942=CARTESIAN_POINT('',(0.119302513717985,-0.114381380180324,7.55814472925563E-5));
#10943=CARTESIAN_POINT('',(0.119302777212669,-0.114381649826542,7.5692333938506E-5));
#10944=CARTESIAN_POINT('',(0.119368395987802,-0.114448834205064,0.000103521014702058));
#10945=CARTESIAN_POINT('',(0.119427032496851,-0.114509136580171,0.000136829318618071));
#10946=CARTESIAN_POINT('',(0.119506028140727,-0.114590259190986,0.000192123147953174));
#10947=CARTESIAN_POINT('',(0.119530866835402,-0.114615756914625,0.000211446857694095));
#10948=CARTESIAN_POINT('',(0.11956588509749,-0.114651712628075,0.000241373735331834));
#10949=CARTESIAN_POINT('',(0.119577184554865,-0.114663316625765,0.000251506599312712));
#10950=CARTESIAN_POINT('',(0.119593573795947,-0.114680158448064,0.000266895427139352));
#10951=CARTESIAN_POINT('',(0.119598943552144,-0.11468567839008,0.000272056649151936));
#10952=CARTESIAN_POINT('',(0.119606858200194,-0.114693818524915,0.000279840331140806));
#10953=CARTESIAN_POINT('',(0.11960947308517,-0.114696508608556,0.00028244186818308));
#10954=CARTESIAN_POINT('',(0.119613360416073,-0.114700508959691,0.00028635395609931));
#10955=CARTESIAN_POINT('',(0.11961465036028,-0.114701836614451,0.000287659615894923));
#10956=CARTESIAN_POINT('',(0.119617218583174,-0.114704480361891,0.000290274083944036));
#10957=CARTESIAN_POINT('',(0.119618307490861,-0.114705601446,0.000291387883627128));
#10958=CARTESIAN_POINT('',(0.119666547449424,-0.114755277507149,0.000341063944775612));
#10959=CARTESIAN_POINT('',(0.119707383375064,-0.114797547752945,0.000393204100015946));
#10960=CARTESIAN_POINT('',(0.119759723939531,-0.114851762898665,0.000475051540553766));
#10961=CARTESIAN_POINT('',(0.119775685240354,-0.114868309069257,0.000502941676475656));
#10962=CARTESIAN_POINT('',(0.119797398860591,-0.114890848370775,0.000545416581393029));
#10963=CARTESIAN_POINT('',(0.119804265345503,-0.11489798180643,0.000559681648914135));
#10964=CARTESIAN_POINT('',(0.119814007990122,-0.114908116302492,0.000581206882944002));
#10965=CARTESIAN_POINT('',(0.119817162691203,-0.114911400210186,0.000588403243811671));
#10966=CARTESIAN_POINT('',(0.119823286399116,-0.11491778036667,0.000602833244861817));
#10967=CARTESIAN_POINT('',(0.119826098965305,-0.114920713280377,0.000609672558789841));
#10968=CARTESIAN_POINT('',(0.119877653171236,-0.114974539566664,0.000739620709156187));
#10969=CARTESIAN_POINT('',(0.119901275799389,-0.115,0.000870600252094699));
#10970=CARTESIAN_POINT('',(0.1199,-0.115,0.001));
#10971=CARTESIAN_POINT('',(0.118929289321881,-0.114,-6.50521303491303E-19));
#10972=CARTESIAN_POINT('',(0.119013470353124,-0.11408584907504,5.83764172304164E-19));
#10973=CARTESIAN_POINT('',(0.119121693791864,-0.114197111899037,1.55186653753016E-5));
#10974=CARTESIAN_POINT('',(0.119240242559892,-0.114317879439038,5.10628763583489E-5));
#10975=CARTESIAN_POINT('',(0.119295585428856,-0.114374182029672,7.1180829013243E-5));
#10976=CARTESIAN_POINT('',(0.119400136118403,-0.114481493036463,0.000120936612520961));
#10977=CARTESIAN_POINT('',(0.119508216536253,-0.114592537427202,0.000190680410573733));
#10978=CARTESIAN_POINT('',(0.119620814473231,-0.114707972783583,0.000284571314853682));
#10979=CARTESIAN_POINT('',(0.119749661004945,-0.114841299196862,0.000447171823748202));
#10980=CARTESIAN_POINT('',(0.119862385018674,-0.114958203640403,0.000668750395284547));
#10981=CARTESIAN_POINT('',(0.119901275982685,-0.115,0.000870581661046933));
#10982=CARTESIAN_POINT('',(0.1199,-0.115,0.000999999999999999));
#10983=CARTESIAN_POINT('',(0.118929289321881,-0.114,-0.001));
#10984=CARTESIAN_POINT('',(0.119013470353124,-0.114171698150081,-0.000999999999999999));
#10985=CARTESIAN_POINT('',(0.119121693791864,-0.114394223798075,-0.000968962669249397));
#10986=CARTESIAN_POINT('',(0.119240242559892,-0.114635758878077,-0.000897874247283302));
#10987=CARTESIAN_POINT('',(0.119295585428856,-0.114748364059344,-0.000857638341973514));
#10988=CARTESIAN_POINT('',(0.119400136118403,-0.114962986072927,-0.000758126774958078));
#10989=CARTESIAN_POINT('',(0.119508216536253,-0.115185074854403,-0.000618639178852533));
#10990=CARTESIAN_POINT('',(0.119620814473231,-0.115415945567166,-0.000430857370292636));
#10991=CARTESIAN_POINT('',(0.119749661004945,-0.115682598393724,-0.000105656352503595));
#10992=CARTESIAN_POINT('',(0.119862385018674,-0.115916407280806,0.000337500790569094));
#10993=CARTESIAN_POINT('',(0.119901275982685,-0.116,0.000741163322093867));
#10994=CARTESIAN_POINT('',(0.1199,-0.116,0.000999999999999997));
#10995=CARTESIAN_POINT('',(4.16333634234433E-17,-0.114,0.001));
#10996=CARTESIAN_POINT('',(4.16333634234433E-17,-0.114,0.001));
#10997=CARTESIAN_POINT('',(-0.1199,0.115,0.095));
#10998=CARTESIAN_POINT('',(-0.1199,0.116,0.001));
#10999=CARTESIAN_POINT('',(-0.1199,0.115666666666667,0.001));
#11000=CARTESIAN_POINT('',(-0.1199,0.115333333333333,0.001));
#11001=CARTESIAN_POINT('',(-0.1199,0.115,0.001));
#11002=CARTESIAN_POINT('',(-0.1199,0.115,0.001));
#11003=CARTESIAN_POINT('',(-0.1199,0.116,0.001));
#11004=CARTESIAN_POINT('',(-0.1199,0.115,0.095));
#11005=CARTESIAN_POINT('',(-0.1199,0.116,0.095));
#11006=CARTESIAN_POINT('',(0.1199,0.115,0.095));
#11007=CARTESIAN_POINT('',(0.1199,0.115,0.095));
#11008=CARTESIAN_POINT('',(0.1199,0.115,0.001));
#11009=CARTESIAN_POINT('',(0.1199,0.115,0.001));
#11010=CARTESIAN_POINT('',(0.1199,0.115333333333333,0.001));
#11011=CARTESIAN_POINT('',(0.1199,0.115666666666667,0.001));
#11012=CARTESIAN_POINT('',(0.1199,0.116,0.001));
#11013=CARTESIAN_POINT('',(0.1199,0.116,0.001));
#11014=CARTESIAN_POINT('',(0.1199,0.116,0.095));
#11015=CARTESIAN_POINT('',(0.120002,0.116,0.095));
#11016=CARTESIAN_POINT('',(0.120002,0.116,0.001));
#11017=CARTESIAN_POINT('',(0.120002,0.115,0.095));
#11018=CARTESIAN_POINT('',(0.120002,0.115,0.001));
#11019=CARTESIAN_POINT('',(4.16333634234433E-17,0.103,0.));
#11020=CARTESIAN_POINT('',(0.107929289321881,0.103,0.));
#11021=CARTESIAN_POINT('',(0.107929289321881,0.103,0.));
#11022=CARTESIAN_POINT('',(0.107929289321881,0.103,-0.001));
#11023=CARTESIAN_POINT('',(4.16333634234433E-17,0.103,0.));
#11024=CARTESIAN_POINT('',(-0.107929289321881,0.103,0.));
#11025=CARTESIAN_POINT('',(-0.107929289321881,0.103,0.));
#11026=CARTESIAN_POINT('',(-0.107929289321881,0.103,-0.001));
#11027=CARTESIAN_POINT('',(2.77555756156289E-17,0.103,-0.001));
#11028=CARTESIAN_POINT('',(-0.113964644660941,0.109035355339059,0.));
#11029=CARTESIAN_POINT('',(-0.113964644660941,0.109035355339059,0.));
#11030=CARTESIAN_POINT('',(-0.118929289321881,0.114,0.));
#11031=CARTESIAN_POINT('',(-0.118929289321881,0.114,0.));
#11032=CARTESIAN_POINT('',(-0.118929289321881,0.114,-0.000333333333333333));
#11033=CARTESIAN_POINT('',(-0.118929289321881,0.114,-0.000666666666666667));
#11034=CARTESIAN_POINT('',(-0.118929289321881,0.114,-0.001));
#11035=CARTESIAN_POINT('',(-0.118929289321881,0.114,-0.001));
#11036=CARTESIAN_POINT('',(-0.113964644660941,0.109035355339059,-0.001));
#11037=CARTESIAN_POINT('',(-0.099,0.108,0.));
#11038=CARTESIAN_POINT('',(-0.099,0.108,-0.001));
#11039=CARTESIAN_POINT('',(-0.10025,0.108,-0.001));
#11040=CARTESIAN_POINT('',(-0.099,0.108,0.));
#11041=CARTESIAN_POINT('',(-0.10025,0.108,0.));
#11042=CARTESIAN_POINT('',(-4.16333634234433E-17,0.108,0.));
#11043=CARTESIAN_POINT('',(-4.16333634234433E-17,0.108,-0.001));
#11044=CARTESIAN_POINT('',(-0.00125000000000004,0.108,-0.001));
#11045=CARTESIAN_POINT('',(-4.16333634234433E-17,0.108,0.));
#11046=CARTESIAN_POINT('',(-0.00125000000000004,0.108,0.));
#11047=CARTESIAN_POINT('',(0.099,0.108,0.));
#11048=CARTESIAN_POINT('',(0.099,0.108,-0.001));
#11049=CARTESIAN_POINT('',(0.09775,0.108,-0.001));
#11050=CARTESIAN_POINT('',(0.099,0.108,0.));
#11051=CARTESIAN_POINT('',(0.09775,0.108,0.));
#11052=CARTESIAN_POINT('',(0.113964644660941,0.109035355339059,0.));
#11053=CARTESIAN_POINT('',(0.113964644660941,0.109035355339059,0.));
#11054=CARTESIAN_POINT('',(0.118929289321881,0.114,0.));
#11055=CARTESIAN_POINT('',(0.113964644660941,0.109035355339059,-0.001));
#11056=CARTESIAN_POINT('',(0.118929289321881,0.114,-0.001));
#11057=CARTESIAN_POINT('',(0.118929289321881,0.114,-0.001));
#11058=CARTESIAN_POINT('',(0.118929289321881,0.114,-0.000666666666666667));
#11059=CARTESIAN_POINT('',(0.118929289321881,0.114,-0.000333333333333333));
#11060=CARTESIAN_POINT('',(0.118929289321881,0.114,0.));
#11061=CARTESIAN_POINT('',(2.77555756156289E-17,0.109,-0.001));
#11062=CARTESIAN_POINT('',(0.120002,0.114,-0.001));
#11063=CARTESIAN_POINT('',(2.77555756156289E-17,0.109,0.));
#11064=CARTESIAN_POINT('',(0.120002,0.114,0.));
#11065=CARTESIAN_POINT('',(-0.118929289321881,0.114,-0.001));
#11066=CARTESIAN_POINT('',(-0.11901354422067,0.114171848812536,-0.001));
#11067=CARTESIAN_POINT('',(-0.119086768986426,0.114322467313294,-0.000978168233927459));
#11068=CARTESIAN_POINT('',(-0.119180393339028,0.114513781972905,-0.000933988564284536));
#11069=CARTESIAN_POINT('',(-0.119208880857027,0.114571845301811,-0.000917301629641841));
#11070=CARTESIAN_POINT('',(-0.119247531234725,0.114650579134347,-0.000891430658789909));
#11071=CARTESIAN_POINT('',(-0.119259734544074,0.114675433250734,-0.000882662659667311));
#11072=CARTESIAN_POINT('',(-0.119277019283273,0.114710674577731,-0.000869518343355418));
#11073=CARTESIAN_POINT('',(-0.119282610825535,0.114722081821151,-0.000865137918940898));
#11074=CARTESIAN_POINT('',(-0.119290743082721,0.114738689425669,-0.000858594451643923));
#11075=CARTESIAN_POINT('',(-0.119293411325749,0.114744141421667,-0.000856417807693789));
#11076=CARTESIAN_POINT('',(-0.119297349926239,0.114752194460725,-0.00085316266860069));
#11077=CARTESIAN_POINT('',(-0.119298652165727,0.114754857981477,-0.00085207925902605));
#11078=CARTESIAN_POINT('',(-0.119300589583947,0.114758822132713,-0.000850456973124071));
#11079=CARTESIAN_POINT('',(-0.119301232733184,0.114760138328155,-0.000849916682503606));
#11080=CARTESIAN_POINT('',(-0.119302513717988,0.114762760360654,-0.000848837105412509));
#11081=CARTESIAN_POINT('',(-0.119302777212668,0.114763299653082,-0.000848615332123638));
#11082=CARTESIAN_POINT('',(-0.119368395987839,0.114897668410229,-0.000792957970554098));
#11083=CARTESIAN_POINT('',(-0.119427032496906,0.115018273160484,-0.000726341362680473));
#11084=CARTESIAN_POINT('',(-0.119506028140782,0.115180518382104,-0.000615753703996979));
#11085=CARTESIAN_POINT('',(-0.119530866835452,0.115231513829368,-0.00057710628451871));
#11086=CARTESIAN_POINT('',(-0.119565885097527,0.115303425256233,-0.000517252529265007));
#11087=CARTESIAN_POINT('',(-0.119577184554896,0.115326633251599,-0.000496986801313231));
#11088=CARTESIAN_POINT('',(-0.119593573795968,0.115360316896173,-0.000466209145679455));
#11089=CARTESIAN_POINT('',(-0.119598943552161,0.115371356780197,-0.000455886701661542));
#11090=CARTESIAN_POINT('',(-0.119606858200205,0.115387637049853,-0.000440319337695867));
#11091=CARTESIAN_POINT('',(-0.119609473085179,0.115393017217131,-0.000435116263615541));
#11092=CARTESIAN_POINT('',(-0.119613360416078,0.115401017919394,-0.000427292087789712));
#11093=CARTESIAN_POINT('',(-0.119614650360284,0.115403673228911,-0.000424680768200741));
#11094=CARTESIAN_POINT('',(-0.119617218583176,0.115408960723786,-0.000419451832107137));
#11095=CARTESIAN_POINT('',(-0.11961830749086,0.115411202891998,-0.000417224232748053));
#11096=CARTESIAN_POINT('',(-0.119666547449461,0.115510555014372,-0.000317872110374415));
#11097=CARTESIAN_POINT('',(-0.11970738337512,0.115595095505987,-0.000213591799842309));
#11098=CARTESIAN_POINT('',(-0.119759723939586,0.115703525797412,-4.98969187581253E-5));
#11099=CARTESIAN_POINT('',(-0.119775685240405,0.115736618138584,5.88335307724146E-6));
#11100=CARTESIAN_POINT('',(-0.119797398860627,0.115781696741597,9.08331628798214E-5));
#11101=CARTESIAN_POINT('',(-0.119804265345534,0.115795963612899,0.000119363297908067));
#11102=CARTESIAN_POINT('',(-0.119814007990143,0.115816232605009,0.000162413765941744));
#11103=CARTESIAN_POINT('',(-0.11981716269122,0.115822800420392,0.000176806487667542));
#11104=CARTESIAN_POINT('',(-0.119823286399125,0.11583556073335,0.000205666489747034));
#11105=CARTESIAN_POINT('',(-0.119826098965305,0.115841426560749,0.000219345117568291));
#11106=CARTESIAN_POINT('',(-0.119877653171235,0.115949079133403,0.000479241418494458));
#11107=CARTESIAN_POINT('',(-0.119901275799374,0.116,0.000741200507102834));
#11108=CARTESIAN_POINT('',(-0.1199,0.116,0.001));
#11109=CARTESIAN_POINT('',(-0.118929289321881,0.114,-2.16840434497101E-19));
#11110=CARTESIAN_POINT('',(-0.11901351706382,0.114085896711307,-5.60152658373624E-19));
#11111=CARTESIAN_POINT('',(-0.119086768986426,0.114161233656647,1.091588303627E-5));
#11112=CARTESIAN_POINT('',(-0.119180393339028,0.114256890986453,3.30057178577312E-5));
#11113=CARTESIAN_POINT('',(-0.119208880857027,0.114285922650905,4.13491851790791E-5));
#11114=CARTESIAN_POINT('',(-0.119247531234725,0.114325289567173,5.42846706050455E-5));
#11115=CARTESIAN_POINT('',(-0.119259734544074,0.114337716625367,5.86686701663449E-5));
#11116=CARTESIAN_POINT('',(-0.119277019283273,0.114355337288865,6.52408283222914E-5));
#11117=CARTESIAN_POINT('',(-0.119282610825535,0.114361040910575,6.7431040529551E-5));
#11118=CARTESIAN_POINT('',(-0.119290743082721,0.114369344712835,7.07027741780386E-5));
#11119=CARTESIAN_POINT('',(-0.119293411325749,0.114372070710834,7.17910961531048E-5));
#11120=CARTESIAN_POINT('',(-0.119297349926239,0.114376097230363,7.34186656996539E-5));
#11121=CARTESIAN_POINT('',(-0.119298652165727,0.114377428990738,7.39603704869748E-5));
#11122=CARTESIAN_POINT('',(-0.119300589583947,0.114379411066356,7.47715134379642E-5));
#11123=CARTESIAN_POINT('',(-0.119301232733184,0.114380069164077,7.50416587481974E-5));
#11124=CARTESIAN_POINT('',(-0.119302513717988,0.114381380180327,7.55814472937456E-5));
#11125=CARTESIAN_POINT('',(-0.119302777212668,0.114381649826541,7.56923339381811E-5));
#11126=CARTESIAN_POINT('',(-0.119368395987839,0.114448834205114,0.000103521014722951));
#11127=CARTESIAN_POINT('',(-0.119427032496906,0.114509136580242,0.000136829318659764));
#11128=CARTESIAN_POINT('',(-0.119506028140782,0.114590259191052,0.000192123148001511));
#11129=CARTESIAN_POINT('',(-0.119530866835452,0.114615756914684,0.000211446857740646));
#11130=CARTESIAN_POINT('',(-0.119565885097527,0.114651712628117,0.000241373735367498));
#11131=CARTESIAN_POINT('',(-0.119577184554896,0.1146633166258,0.000251506599343385));
#11132=CARTESIAN_POINT('',(-0.119593573795968,0.114680158448087,0.000266895427160272));
#11133=CARTESIAN_POINT('',(-0.119598943552161,0.114685678390098,0.000272056649169228));
#11134=CARTESIAN_POINT('',(-0.119606858200205,0.114693818524927,0.000279840331152065));
#11135=CARTESIAN_POINT('',(-0.119609473085179,0.114696508608565,0.00028244186819223));
#11136=CARTESIAN_POINT('',(-0.119613360416078,0.114700508959697,0.000286353956105145));
#11137=CARTESIAN_POINT('',(-0.119614650360284,0.114701836614456,0.000287659615899627));
#11138=CARTESIAN_POINT('',(-0.119617218583176,0.114704480361893,0.00029027408394643));
#11139=CARTESIAN_POINT('',(-0.11961830749086,0.114705601445999,0.000291387883625974));
#11140=CARTESIAN_POINT('',(-0.119666547449461,0.114755277507186,0.000341063944812793));
#11141=CARTESIAN_POINT('',(-0.11970738337512,0.114797547752993,0.000393204100078844));
#11142=CARTESIAN_POINT('',(-0.119759723939586,0.114851762898706,0.000475051540620937));
#11143=CARTESIAN_POINT('',(-0.119775685240405,0.114868309069292,0.000502941676538621));
#11144=CARTESIAN_POINT('',(-0.119797398860627,0.114890848370799,0.000545416581439911));
#11145=CARTESIAN_POINT('',(-0.119804265345534,0.114897981806449,0.000559681648954033));
#11146=CARTESIAN_POINT('',(-0.119814007990143,0.114908116302505,0.000581206882970871));
#11147=CARTESIAN_POINT('',(-0.11981716269122,0.114911400210196,0.000588403243833772));
#11148=CARTESIAN_POINT('',(-0.119823286399125,0.114917780366675,0.000602833244873518));
#11149=CARTESIAN_POINT('',(-0.119826098965305,0.114920713280374,0.000609672558784146));
#11150=CARTESIAN_POINT('',(-0.119877653171235,0.114974539566701,0.000739620709247229));
#11151=CARTESIAN_POINT('',(-0.119901275799388,0.115,0.000870600252196063));
#11152=CARTESIAN_POINT('',(-0.1199,0.115,0.001));
#11153=CARTESIAN_POINT('',(-0.118929289321881,0.114,-6.50521303491303E-19));
#11154=CARTESIAN_POINT('',(-0.119013470353222,0.11408584907514,-9.69815230034139E-19));
#11155=CARTESIAN_POINT('',(-0.119121693792026,0.1141971118992,1.55186654066388E-5));
#11156=CARTESIAN_POINT('',(-0.11924024256003,0.114317879439173,5.10628764073334E-5));
#11157=CARTESIAN_POINT('',(-0.119295585428806,0.11437418202962,7.11808289921931E-5));
#11158=CARTESIAN_POINT('',(-0.119400136118462,0.114481493036539,0.000120936612556189));
#11159=CARTESIAN_POINT('',(-0.119508216536317,0.114592537427278,0.000190680410636793));
#11160=CARTESIAN_POINT('',(-0.119620814473184,0.114707972783538,0.000284571314801848));
#11161=CARTESIAN_POINT('',(-0.119749661005045,0.114841299196943,0.000447171823869545));
#11162=CARTESIAN_POINT('',(-0.119862385018614,0.114958203640355,0.000668750395192025));
#11163=CARTESIAN_POINT('',(-0.119901275982684,0.115,0.000870581661145477));
#11164=CARTESIAN_POINT('',(-0.1199,0.115,0.000999999999999996));
#11165=CARTESIAN_POINT('',(-0.118929289321881,0.114,-0.001));
#11166=CARTESIAN_POINT('',(-0.119013470353222,0.114171698150281,-0.001));
#11167=CARTESIAN_POINT('',(-0.119121693792026,0.114394223798399,-0.000968962669186722));
#11168=CARTESIAN_POINT('',(-0.11924024256003,0.114635758878346,-0.000897874247185333));
#11169=CARTESIAN_POINT('',(-0.119295585428806,0.11474836405924,-0.000857638342015614));
#11170=CARTESIAN_POINT('',(-0.119400136118462,0.114962986073077,-0.000758126774887622));
#11171=CARTESIAN_POINT('',(-0.119508216536317,0.115185074854555,-0.000618639178726414));
#11172=CARTESIAN_POINT('',(-0.119620814473184,0.115415945567075,-0.000430857370396304));
#11173=CARTESIAN_POINT('',(-0.119749661005045,0.115682598393886,-0.000105656352260909));
#11174=CARTESIAN_POINT('',(-0.119862385018614,0.115916407280709,0.00033750079038405));
#11175=CARTESIAN_POINT('',(-0.119901275982684,0.116,0.000741163322290954));
#11176=CARTESIAN_POINT('',(-0.1199,0.116,0.000999999999999991));
#11177=CARTESIAN_POINT('',(0.1199,0.116,0.001));
#11178=CARTESIAN_POINT('',(0.119900636616281,0.116,0.000870860596104085));
#11179=CARTESIAN_POINT('',(0.119895049257191,0.115987450783609,0.00074082030829201));
#11180=CARTESIAN_POINT('',(0.119877332148605,0.115949398468801,0.000548193302061108));
#11181=CARTESIAN_POINT('',(0.119869870440022,0.115933517237599,0.000484391219387883));
#11182=CARTESIAN_POINT('',(0.119856343868569,0.115904920915766,0.000389785582469474));
#11183=CARTESIAN_POINT('',(0.119851446009988,0.115894593578309,0.000358433366779942));
#11184=CARTESIAN_POINT('',(0.119843515719972,0.115877917097631,0.000311740951832837));
#11185=CARTESIAN_POINT('',(0.119840775039609,0.115872160724844,0.000296232800770583));
#11186=CARTESIAN_POINT('',(0.119835099178168,0.115860254516943,0.000265338729377926));
#11187=CARTESIAN_POINT('',(0.119831989626835,0.115853739797406,0.000249071900503502));
#11188=CARTESIAN_POINT('',(0.119806267076212,0.115799913205953,0.000119123013400241));
#11189=CARTESIAN_POINT('',(0.119777387976669,0.1157400608146,5.35278045072243E-6));
#11190=CARTESIAN_POINT('',(0.119725047412202,0.115631694955098,-0.00015838476162862));
#11191=CARTESIAN_POINT('',(0.119706096904855,0.115592484779485,-0.000211804538709319));
#11192=CARTESIAN_POINT('',(0.119675415665046,0.115529062979886,-0.00028960688070918));
#11193=CARTESIAN_POINT('',(0.119664812671978,0.115507155364286,-0.000315152807308147));
#11194=CARTESIAN_POINT('',(0.119648344312679,0.115473153633694,-0.000352813520482428));
#11195=CARTESIAN_POINT('',(0.119642760881297,0.115461629722626,-0.000365257380785602));
#11196=CARTESIAN_POINT('',(0.119634244766799,0.115444060594558,-0.000383748998087618));
#11197=CARTESIAN_POINT('',(0.119631382567396,0.115438157011558,-0.000389883840892142));
#11198=CARTESIAN_POINT('',(0.119627054026435,0.115429231073772,-0.000399041353224301));
#11199=CARTESIAN_POINT('',(0.119625605305805,0.115426244000837,-0.000402086398645815));
#11200=CARTESIAN_POINT('',(0.11962269611726,0.115420246377991,-0.000408161370367239));
#11201=CARTESIAN_POINT('',(0.119621035271908,0.11541682283163,-0.000411604293115937));
#11202=CARTESIAN_POINT('',(0.11957925845593,0.115330716946144,-0.000497710178602137));
#11203=CARTESIAN_POINT('',(0.119532671148709,0.115235210090069,-0.000578414002489501));
#11204=CARTESIAN_POINT('',(0.119453675504834,0.115073007609953,-0.000689064342009794));
#11205=CARTESIAN_POINT('',(0.119425824509701,0.115015798774856,-0.000724200178700794));
#11206=CARTESIAN_POINT('',(0.119381769346241,0.114925329663034,-0.000773398817671102));
#11207=CARTESIAN_POINT('',(0.119366704513295,0.114894398677821,-0.0007892135137578));
#11208=CARTESIAN_POINT('',(0.119343537596184,0.114846860531816,-0.000811942531601837));
#11209=CARTESIAN_POINT('',(0.119335720345866,0.114830824302305,-0.000819353333554786));
#11210=CARTESIAN_POINT('',(0.119323852053465,0.114806488123274,-0.000830206491197921));
#11211=CARTESIAN_POINT('',(0.119319872219845,0.114798329097581,-0.000833780367795133));
#11212=CARTESIAN_POINT('',(0.119313866865183,0.114786020598519,-0.000839073561618188));
#11213=CARTESIAN_POINT('',(0.119311859146258,0.114781906105825,-0.000840826689282903));
#11214=CARTESIAN_POINT('',(0.119308838666812,0.114775716942095,-0.00084343924237356));
#11215=CARTESIAN_POINT('',(0.11930783035682,0.114773650983429,-0.000844307236996972));
#11216=CARTESIAN_POINT('',(0.119305810769818,0.11476951326904,-0.00084603747453059));
#11217=CARTESIAN_POINT('',(0.119304418852315,0.114766661768015,-0.000847222698520039));
#11218=CARTESIAN_POINT('',(0.119263331050436,0.114682493054502,-0.000882086521184419));
#11219=CARTESIAN_POINT('',(0.119211895091977,0.114578128230486,-0.000919088971094762));
#11220=CARTESIAN_POINT('',(0.119087062621842,0.114323059668802,-0.000978071581176171));
#11221=CARTESIAN_POINT('',(0.119013740847272,0.114172249858038,-0.001));
#11222=CARTESIAN_POINT('',(0.118929289321881,0.114,-0.001));
#11223=CARTESIAN_POINT('',(0.1199,0.115,0.001));
#11224=CARTESIAN_POINT('',(0.119900636616283,0.115,0.000935430297876408));
#11225=CARTESIAN_POINT('',(0.119895049257191,0.114993725391805,0.000870410154146005));
#11226=CARTESIAN_POINT('',(0.119877332148605,0.1149746992344,0.000774096651030554));
#11227=CARTESIAN_POINT('',(0.119869870440022,0.1149667586188,0.000742195609693941));
#11228=CARTESIAN_POINT('',(0.119856343868569,0.114952460457883,0.000694892791234737));
#11229=CARTESIAN_POINT('',(0.119851446009988,0.114947296789155,0.000679216683389971));
#11230=CARTESIAN_POINT('',(0.119843515719972,0.114938958548815,0.000655870475916419));
#11231=CARTESIAN_POINT('',(0.119840775039609,0.114936080362422,0.000648116400385291));
#11232=CARTESIAN_POINT('',(0.119835099178168,0.114930127258471,0.000632669364688962));
#11233=CARTESIAN_POINT('',(0.119831989626835,0.114926869898703,0.00062453595025175));
#11234=CARTESIAN_POINT('',(0.119806267076212,0.114899956602976,0.000559561506700119));
#11235=CARTESIAN_POINT('',(0.119777387976669,0.1148700304073,0.00050267639022536));
#11236=CARTESIAN_POINT('',(0.119725047412202,0.114815847477549,0.000420807619185688));
#11237=CARTESIAN_POINT('',(0.119706096904855,0.114796242389742,0.00039409773064534));
#11238=CARTESIAN_POINT('',(0.119675415665046,0.114764531489943,0.00035519655964541));
#11239=CARTESIAN_POINT('',(0.119664812671978,0.114753577682143,0.000342423596345926));
#11240=CARTESIAN_POINT('',(0.119648344312679,0.114736576816847,0.000323593239758786));
#11241=CARTESIAN_POINT('',(0.119642760881297,0.114730814861313,0.0003173713096072));
#11242=CARTESIAN_POINT('',(0.119634244766799,0.114722030297279,0.000308125500956192));
#11243=CARTESIAN_POINT('',(0.119631382567396,0.114719078505779,0.00030505807955393));
#11244=CARTESIAN_POINT('',(0.119627054026435,0.114714615536886,0.000300479323387849));
#11245=CARTESIAN_POINT('',(0.119625605305805,0.114713122000418,0.000298956800677092));
#11246=CARTESIAN_POINT('',(0.11962269611726,0.114710123188995,0.00029591931481638));
#11247=CARTESIAN_POINT('',(0.119621035271908,0.114708411415815,0.000294197853442032));
#11248=CARTESIAN_POINT('',(0.11957925845593,0.114665358473072,0.000251144910698933));
#11249=CARTESIAN_POINT('',(0.119532671148709,0.114617605045034,0.00021079299875525));
#11250=CARTESIAN_POINT('',(0.119453675504834,0.114536503804976,0.000155467828995104));
#11251=CARTESIAN_POINT('',(0.119425824509701,0.114507899387428,0.000137899910649603));
#11252=CARTESIAN_POINT('',(0.119381769346241,0.114462664831517,0.000113300591164449));
#11253=CARTESIAN_POINT('',(0.119366704513295,0.11444719933891,0.0001053932431211));
#11254=CARTESIAN_POINT('',(0.119343537596184,0.114423430265908,9.40287341990815E-5));
#11255=CARTESIAN_POINT('',(0.119335720345866,0.114415412151153,9.03233332226078E-5));
#11256=CARTESIAN_POINT('',(0.119323852053465,0.114403244061637,8.48967544010406E-5));
#11257=CARTESIAN_POINT('',(0.119319872219845,0.114399164548791,8.31098161024348E-5));
#11258=CARTESIAN_POINT('',(0.119313866865183,0.114393010299259,8.04632191909073E-5));
#11259=CARTESIAN_POINT('',(0.119311859146258,0.114390953052913,7.95866553585489E-5));
#11260=CARTESIAN_POINT('',(0.119308838666812,0.114387858471047,7.82803788132209E-5));
#11261=CARTESIAN_POINT('',(0.11930783035682,0.114386825491715,7.78463815015145E-5));
#11262=CARTESIAN_POINT('',(0.119305810769818,0.11438475663452,7.69812627347054E-5));
#11263=CARTESIAN_POINT('',(0.119304418852315,0.114383330884007,7.63886507399804E-5));
#11264=CARTESIAN_POINT('',(0.119263331050436,0.114341246527251,5.89567394077905E-5));
#11265=CARTESIAN_POINT('',(0.119211895091977,0.114289064115243,4.04555144526187E-5));
#11266=CARTESIAN_POINT('',(0.119087062621842,0.114161529834401,1.09642094119143E-5));
#11267=CARTESIAN_POINT('',(0.119013713370698,0.114086096907998,-5.60952805087866E-19));
#11268=CARTESIAN_POINT('',(0.118929289321881,0.114,-2.16840434497101E-19));
#11269=CARTESIAN_POINT('',(0.1199,0.115,0.000999999999999996));
#11270=CARTESIAN_POINT('',(0.119901273280071,0.115,0.000870855777482935));
#11271=CARTESIAN_POINT('',(0.119862144290916,0.114957962457048,0.000668338327271876));
#11272=CARTESIAN_POINT('',(0.119750063118746,0.114841701169121,0.000447767231623935));
#11273=CARTESIAN_POINT('',(0.119620589129289,0.114707748913246,0.000284318777337841));
#11274=CARTESIAN_POINT('',(0.119508595030568,0.114592911373053,0.000190983939477489));
#11275=CARTESIAN_POINT('',(0.119400433277495,0.114481822400842,0.000121093810218409));
#11276=CARTESIAN_POINT('',(0.119295438702086,0.114374029367555,7.11155379206414E-5));
#11277=CARTESIAN_POINT('',(0.119240532307878,0.114318160723128,5.11668430313196E-5));
#11278=CARTESIAN_POINT('',(0.119122009335677,0.114197428378603,1.55776456592876E-5));
#11279=CARTESIAN_POINT('',(0.119013666110166,0.114086048711,-9.70557725133207E-19));
#11280=CARTESIAN_POINT('',(0.118929289321881,0.114,-6.50521303491303E-19));
#11281=CARTESIAN_POINT('',(0.1199,0.116,0.000999999999999991));
#11282=CARTESIAN_POINT('',(0.119901273280071,0.116,0.00074171155496587));
#11283=CARTESIAN_POINT('',(0.119862144290916,0.115915924914095,0.000336676654543753));
#11284=CARTESIAN_POINT('',(0.119750063118746,0.115683402338242,-0.00010446553675213));
#11285=CARTESIAN_POINT('',(0.119620589129289,0.115415497826492,-0.000431362445324317));
#11286=CARTESIAN_POINT('',(0.119508595030568,0.115185822746107,-0.000618032121045022));
#11287=CARTESIAN_POINT('',(0.119400433277495,0.114963644801684,-0.000757812379563181));
#11288=CARTESIAN_POINT('',(0.119295438702086,0.11474805873511,-0.000857768924158717));
#11289=CARTESIAN_POINT('',(0.119240532307878,0.114636321446257,-0.000897666313937361));
#11290=CARTESIAN_POINT('',(0.119122009335677,0.114394856757205,-0.000968844708681424));
#11291=CARTESIAN_POINT('',(0.119013666110166,0.114172097422,-0.001));
#11292=CARTESIAN_POINT('',(0.118929289321881,0.114,-0.001));
#11293=CARTESIAN_POINT('',(4.16333634234433E-17,0.114,0.001));
#11294=CARTESIAN_POINT('',(4.16333634234433E-17,0.114,0.001));
#11295=CARTESIAN_POINT('',(-0.121,-0.1149,0.189));
#11296=CARTESIAN_POINT('',(-0.121,-0.114900636616281,0.189129139403928));
#11297=CARTESIAN_POINT('',(-0.120987450783603,-0.114895049257191,0.189259179691755));
#11298=CARTESIAN_POINT('',(-0.12094939846879,-0.114877332148605,0.189451806697986));
#11299=CARTESIAN_POINT('',(-0.120933517237588,-0.114869870440023,0.189515608780654));
#11300=CARTESIAN_POINT('',(-0.120904920915756,-0.11485634386857,0.189610214417561));
#11301=CARTESIAN_POINT('',(-0.1208945935783,-0.114851446009989,0.189641566633245));
#11302=CARTESIAN_POINT('',(-0.120877917097625,-0.114843515719972,0.189688259048184));
#11303=CARTESIAN_POINT('',(-0.120872160724838,-0.114840775039609,0.189703767199243));
#11304=CARTESIAN_POINT('',(-0.12086025451694,-0.114835099178168,0.189734661270629));
#11305=CARTESIAN_POINT('',(-0.120853739797408,-0.114831989626836,0.189750928099492));
#11306=CARTESIAN_POINT('',(-0.120799913205938,-0.1148062670762,0.189880876986636));
#11307=CARTESIAN_POINT('',(-0.120740060814571,-0.11477738797665,0.1899946472196));
#11308=CARTESIAN_POINT('',(-0.120631694955064,-0.114725047412183,0.190158384761676));
#11309=CARTESIAN_POINT('',(-0.120592484779452,-0.114706096904837,0.190211804538752));
#11310=CARTESIAN_POINT('',(-0.120529062979861,-0.114675415665033,0.190289606880739));
#11311=CARTESIAN_POINT('',(-0.120507155364264,-0.114664812671967,0.190315152807333));
#11312=CARTESIAN_POINT('',(-0.120473153633679,-0.114648344312672,0.190352813520498));
#11313=CARTESIAN_POINT('',(-0.120461629722614,-0.114642760881291,0.190365257380799));
#11314=CARTESIAN_POINT('',(-0.12044406059455,-0.114634244766795,0.190383748998096));
#11315=CARTESIAN_POINT('',(-0.120438157011551,-0.114631382567393,0.190389883840899));
#11316=CARTESIAN_POINT('',(-0.120429231073767,-0.114627054026433,0.190399041353228));
#11317=CARTESIAN_POINT('',(-0.120426244000833,-0.114625605305804,0.19040208639865));
#11318=CARTESIAN_POINT('',(-0.120420246377989,-0.11462269611726,0.190408161370369));
#11319=CARTESIAN_POINT('',(-0.120416822831632,-0.114621035271909,0.190411604293114));
#11320=CARTESIAN_POINT('',(-0.120330716946091,-0.114579258455903,0.190497710178655));
#11321=CARTESIAN_POINT('',(-0.120235210089979,-0.114532671148669,0.19057841400256));
#11322=CARTESIAN_POINT('',(-0.120073007609857,-0.114453675504794,0.190689064342071));
#11323=CARTESIAN_POINT('',(-0.120015798774766,-0.114425824509665,0.190724200178753));
#11324=CARTESIAN_POINT('',(-0.119925329662967,-0.114381769346215,0.190773398817706));
#11325=CARTESIAN_POINT('',(-0.119894398677764,-0.114366704513272,0.190789213513786));
#11326=CARTESIAN_POINT('',(-0.119846860531777,-0.114343537596169,0.19081194253162));
#11327=CARTESIAN_POINT('',(-0.119830824302274,-0.114335720345854,0.190819353333569));
#11328=CARTESIAN_POINT('',(-0.119806488123253,-0.114323852053458,0.190830206491207));
#11329=CARTESIAN_POINT('',(-0.119798329097564,-0.114319872219838,0.190833780367803));
#11330=CARTESIAN_POINT('',(-0.119786020598508,-0.114313866865179,0.190839073561623));
#11331=CARTESIAN_POINT('',(-0.119781906105816,-0.114311859146255,0.190840826689287));
#11332=CARTESIAN_POINT('',(-0.119775716942089,-0.11430883866681,0.190843439242376));
#11333=CARTESIAN_POINT('',(-0.119773650983425,-0.114307830356818,0.190844307236999));
#11334=CARTESIAN_POINT('',(-0.119769513269038,-0.114305810769817,0.190846037474531));
#11335=CARTESIAN_POINT('',(-0.119766661768017,-0.114304418852316,0.19084722269852));
#11336=CARTESIAN_POINT('',(-0.119682493054392,-0.114263331050377,0.19088208652123));
#11337=CARTESIAN_POINT('',(-0.119578128230314,-0.114211895091889,0.190919088971147));
#11338=CARTESIAN_POINT('',(-0.119323059668624,-0.114087062621754,0.190978071581205));
#11339=CARTESIAN_POINT('',(-0.119172249857918,-0.114013740847213,0.191));
#11340=CARTESIAN_POINT('',(-0.119,-0.113929289321881,0.191));
#11341=CARTESIAN_POINT('',(-0.12,-0.1149,0.189));
#11342=CARTESIAN_POINT('',(-0.12,-0.114900636616283,0.18906456970214));
#11343=CARTESIAN_POINT('',(-0.119993725391801,-0.114895049257191,0.189129589845877));
#11344=CARTESIAN_POINT('',(-0.119974699234395,-0.114877332148605,0.189225903348993));
#11345=CARTESIAN_POINT('',(-0.119966758618794,-0.114869870440023,0.189257804390327));
#11346=CARTESIAN_POINT('',(-0.119952460457878,-0.11485634386857,0.18930510720878));
#11347=CARTESIAN_POINT('',(-0.11994729678915,-0.114851446009989,0.189320783316622));
#11348=CARTESIAN_POINT('',(-0.119938958548812,-0.114843515719972,0.189344129524092));
#11349=CARTESIAN_POINT('',(-0.119936080362419,-0.114840775039609,0.189351883599622));
#11350=CARTESIAN_POINT('',(-0.11993012725847,-0.114835099178168,0.189367330635314));
#11351=CARTESIAN_POINT('',(-0.119926869898704,-0.114831989626836,0.189375464049746));
#11352=CARTESIAN_POINT('',(-0.119899956602969,-0.1148062670762,0.189440438493318));
#11353=CARTESIAN_POINT('',(-0.119870030407285,-0.11477738797665,0.1894973236098));
#11354=CARTESIAN_POINT('',(-0.119815847477532,-0.114725047412183,0.189579192380839));
#11355=CARTESIAN_POINT('',(-0.119796242389726,-0.114706096904837,0.189605902269376));
#11356=CARTESIAN_POINT('',(-0.11976453148993,-0.114675415665033,0.18964480344037));
#11357=CARTESIAN_POINT('',(-0.119753577682132,-0.114664812671967,0.189657576403667));
#11358=CARTESIAN_POINT('',(-0.11973657681684,-0.114648344312672,0.189676406760249));
#11359=CARTESIAN_POINT('',(-0.119730814861307,-0.114642760881291,0.189682628690399));
#11360=CARTESIAN_POINT('',(-0.119722030297275,-0.114634244766795,0.189691874499048));
#11361=CARTESIAN_POINT('',(-0.119719078505775,-0.114631382567393,0.18969494192045));
#11362=CARTESIAN_POINT('',(-0.119714615536884,-0.114627054026433,0.189699520676614));
#11363=CARTESIAN_POINT('',(-0.119713122000417,-0.114625605305804,0.189701043199324));
#11364=CARTESIAN_POINT('',(-0.119710123188994,-0.11462269611726,0.189704080685184));
#11365=CARTESIAN_POINT('',(-0.119708411415816,-0.114621035271909,0.189705802146557));
#11366=CARTESIAN_POINT('',(-0.119665358473045,-0.114579258455903,0.189748855089328));
#11367=CARTESIAN_POINT('',(-0.11961760504499,-0.114532671148669,0.18978920700128));
#11368=CARTESIAN_POINT('',(-0.119536503804929,-0.114453675504794,0.189844532171036));
#11369=CARTESIAN_POINT('',(-0.119507899387383,-0.114425824509665,0.189862100089377));
#11370=CARTESIAN_POINT('',(-0.119462664831483,-0.114381769346215,0.189886699408853));
#11371=CARTESIAN_POINT('',(-0.119447199338882,-0.114366704513272,0.189894606756893));
#11372=CARTESIAN_POINT('',(-0.119423430265889,-0.114343537596169,0.18990597126581));
#11373=CARTESIAN_POINT('',(-0.119415412151137,-0.114335720345854,0.189909676666784));
#11374=CARTESIAN_POINT('',(-0.119403244061627,-0.114323852053458,0.189915103245603));
#11375=CARTESIAN_POINT('',(-0.119399164548782,-0.114319872219838,0.189916890183901));
#11376=CARTESIAN_POINT('',(-0.119393010299254,-0.114313866865179,0.189919536780811));
#11377=CARTESIAN_POINT('',(-0.119390953052908,-0.114311859146255,0.189920413344644));
#11378=CARTESIAN_POINT('',(-0.119387858471045,-0.11430883866681,0.189921719621188));
#11379=CARTESIAN_POINT('',(-0.119386825491712,-0.114307830356818,0.1899221536185));
#11380=CARTESIAN_POINT('',(-0.119384756634519,-0.114305810769817,0.189923018737266));
#11381=CARTESIAN_POINT('',(-0.119383330884008,-0.114304418852316,0.18992361134926));
#11382=CARTESIAN_POINT('',(-0.119341246527196,-0.114263331050377,0.189941043260615));
#11383=CARTESIAN_POINT('',(-0.119289064115157,-0.114211895091889,0.189959544485574));
#11384=CARTESIAN_POINT('',(-0.119161529834312,-0.114087062621754,0.189989035790603));
#11385=CARTESIAN_POINT('',(-0.119086096907938,-0.11401371337064,0.19));
#11386=CARTESIAN_POINT('',(-0.119,-0.113929289321881,0.19));
#11387=CARTESIAN_POINT('',(-0.12,-0.1149,0.189));
#11388=CARTESIAN_POINT('',(-0.120333333333333,-0.1149,0.189));
#11389=CARTESIAN_POINT('',(-0.120666666666667,-0.1149,0.189));
#11390=CARTESIAN_POINT('',(-0.121,-0.1149,0.189));
#11391=CARTESIAN_POINT('',(-0.12,-0.1149,0.189));
#11392=CARTESIAN_POINT('',(-0.121,-0.1149,0.189));
#11393=CARTESIAN_POINT('',(-0.12,-0.1149,0.189));
#11394=CARTESIAN_POINT('',(-0.12,-0.114901273280071,0.189129144222549));
#11395=CARTESIAN_POINT('',(-0.119957962457067,-0.114862144290938,0.189331661672694));
#11396=CARTESIAN_POINT('',(-0.119841701169089,-0.11475006311871,0.189552232768423));
#11397=CARTESIAN_POINT('',(-0.119707748913271,-0.114620589129313,0.189715681222636));
#11398=CARTESIAN_POINT('',(-0.119592911373001,-0.114508595030523,0.189809016060565));
#11399=CARTESIAN_POINT('',(-0.119481822400791,-0.114400433277454,0.189878906189806));
#11400=CARTESIAN_POINT('',(-0.119374029367588,-0.114295438702117,0.189928884462066));
#11401=CARTESIAN_POINT('',(-0.119318160723048,-0.114240532307795,0.189948833156998));
#11402=CARTESIAN_POINT('',(-0.119197428378506,-0.11412200933558,0.189984422354359));
#11403=CARTESIAN_POINT('',(-0.11908604871094,-0.114013666110107,0.19));
#11404=CARTESIAN_POINT('',(-0.119,-0.113929289321881,0.19));
#11405=CARTESIAN_POINT('',(-0.121,-0.1149,0.189));
#11406=CARTESIAN_POINT('',(-0.121,-0.114901273280071,0.189258288445098));
#11407=CARTESIAN_POINT('',(-0.120915924914134,-0.114862144290938,0.189663323345387));
#11408=CARTESIAN_POINT('',(-0.120683402338178,-0.11475006311871,0.190104465536846));
#11409=CARTESIAN_POINT('',(-0.120415497826542,-0.114620589129313,0.190431362445273));
#11410=CARTESIAN_POINT('',(-0.120185822746002,-0.114508595030523,0.19061803212113));
#11411=CARTESIAN_POINT('',(-0.119963644801582,-0.114400433277454,0.190757812379612));
#11412=CARTESIAN_POINT('',(-0.119748058735176,-0.114295438702117,0.190857768924132));
#11413=CARTESIAN_POINT('',(-0.119636321446095,-0.114240532307795,0.190897666313996));
#11414=CARTESIAN_POINT('',(-0.119394856757012,-0.11412200933558,0.190968844708719));
#11415=CARTESIAN_POINT('',(-0.119172097421881,-0.114013666110107,0.191));
#11416=CARTESIAN_POINT('',(-0.119,-0.113929289321881,0.191));
#11417=CARTESIAN_POINT('',(-0.119,0.113929289321881,0.191));
#11418=CARTESIAN_POINT('',(-0.119171848812123,0.114013544220467,0.191));
#11419=CARTESIAN_POINT('',(-0.119322467312684,0.114086768986124,0.190978168234027));
#11420=CARTESIAN_POINT('',(-0.119513781972308,0.114180393338725,0.190933988564443));
#11421=CARTESIAN_POINT('',(-0.119571845301269,0.11420888085675,0.190917301629806));
#11422=CARTESIAN_POINT('',(-0.119650579133958,0.114247531234524,0.190891430658924));
#11423=CARTESIAN_POINT('',(-0.119675433250407,0.114259734543904,0.190882662659786));
#11424=CARTESIAN_POINT('',(-0.119710674577515,0.114277019283159,0.190869518343438));
#11425=CARTESIAN_POINT('',(-0.119722081820974,0.114282610825442,0.190865137919009));
#11426=CARTESIAN_POINT('',(-0.119738689425556,0.114290743082661,0.190858594451689));
#11427=CARTESIAN_POINT('',(-0.119744141421576,0.114293411325701,0.190856417807731));
#11428=CARTESIAN_POINT('',(-0.119752194460667,0.114297349926208,0.190853162668624));
#11429=CARTESIAN_POINT('',(-0.11975485798143,0.114298652165703,0.190852079259045));
#11430=CARTESIAN_POINT('',(-0.119758822132684,0.114300589583931,0.190850456973136));
#11431=CARTESIAN_POINT('',(-0.119760138328131,0.114301232733172,0.190849916682513));
#11432=CARTESIAN_POINT('',(-0.119762760360642,0.114302513717982,0.190848837105418));
#11433=CARTESIAN_POINT('',(-0.119763299653085,0.11430277721267,0.190848615332122));
#11434=CARTESIAN_POINT('',(-0.11989766841001,0.114368395987757,0.190792957970644));
#11435=CARTESIAN_POINT('',(-0.120018273160177,0.114427032496785,0.190726341362861));
#11436=CARTESIAN_POINT('',(-0.120180518381817,0.11450602814066,0.190615753704206));
#11437=CARTESIAN_POINT('',(-0.120231513829112,0.114530866835341,0.190577106284721));
#11438=CARTESIAN_POINT('',(-0.120303425256054,0.114565885097446,0.19051725252942));
#11439=CARTESIAN_POINT('',(-0.12032663325145,0.114577184554828,0.190496986801446));
#11440=CARTESIAN_POINT('',(-0.120360316896076,0.114593573795922,0.19046620914577));
#11441=CARTESIAN_POINT('',(-0.120371356780118,0.114598943552124,0.190455886701736));
#11442=CARTESIAN_POINT('',(-0.120387637049803,0.114606858200181,0.190440319337745));
#11443=CARTESIAN_POINT('',(-0.12039301721709,0.11460947308516,0.190435116263656));
#11444=CARTESIAN_POINT('',(-0.120401017919368,0.114613360416066,0.190427292087815));
#11445=CARTESIAN_POINT('',(-0.120403673228891,0.114614650360275,0.190424680768221));
#11446=CARTESIAN_POINT('',(-0.120408960723775,0.114617218583171,0.190419451832118));
#11447=CARTESIAN_POINT('',(-0.120411202891999,0.114618307490861,0.190417224232748));
#11448=CARTESIAN_POINT('',(-0.120510555014346,0.114666547449448,0.1903178721104));
#11449=CARTESIAN_POINT('',(-0.120595095505954,0.114707383375101,0.190213591799885));
#11450=CARTESIAN_POINT('',(-0.120703525797384,0.114759723939568,0.190049896918804));
#11451=CARTESIAN_POINT('',(-0.12073661813856,0.114775685240388,0.189994116646966));
#11452=CARTESIAN_POINT('',(-0.120781696741581,0.114797398860615,0.189909166837153));
#11453=CARTESIAN_POINT('',(-0.120795963612886,0.114804265345524,0.189880636702119));
#11454=CARTESIAN_POINT('',(-0.120816232605001,0.114814007990136,0.189837586234076));
#11455=CARTESIAN_POINT('',(-0.120822800420385,0.114817162691215,0.189823193512347));
#11456=CARTESIAN_POINT('',(-0.120835560733346,0.114823286399122,0.189794333510261));
#11457=CARTESIAN_POINT('',(-0.12084142656075,0.114826098965305,0.189780654882428));
#11458=CARTESIAN_POINT('',(-0.120949079133378,0.114877653171236,0.189520758581566));
#11459=CARTESIAN_POINT('',(-0.121,0.114901275799375,0.189258799492964));
#11460=CARTESIAN_POINT('',(-0.121,0.1149,0.189));
#11461=CARTESIAN_POINT('',(-0.119,0.113929289321881,0.19));
#11462=CARTESIAN_POINT('',(-0.1190858967111,0.114013517063618,0.19));
#11463=CARTESIAN_POINT('',(-0.119161233656342,0.114086768986124,0.189989084117014));
#11464=CARTESIAN_POINT('',(-0.119256890986154,0.114180393338725,0.189966994282221));
#11465=CARTESIAN_POINT('',(-0.119285922650635,0.11420888085675,0.189958650814903));
#11466=CARTESIAN_POINT('',(-0.119325289566979,0.114247531234524,0.189945715329462));
#11467=CARTESIAN_POINT('',(-0.119337716625204,0.114259734543904,0.189941331329893));
#11468=CARTESIAN_POINT('',(-0.119355337288757,0.114277019283159,0.189934759171719));
#11469=CARTESIAN_POINT('',(-0.119361040910487,0.114282610825442,0.189932568959505));
#11470=CARTESIAN_POINT('',(-0.119369344712778,0.114290743082661,0.189929297225845));
#11471=CARTESIAN_POINT('',(-0.119372070710788,0.114293411325701,0.189928208903865));
#11472=CARTESIAN_POINT('',(-0.119376097230334,0.114297349926208,0.189926581334312));
#11473=CARTESIAN_POINT('',(-0.119377428990715,0.114298652165703,0.189926039629523));
#11474=CARTESIAN_POINT('',(-0.119379411066342,0.114300589583931,0.189925228486568));
#11475=CARTESIAN_POINT('',(-0.119380069164066,0.114301232733172,0.189924958341257));
#11476=CARTESIAN_POINT('',(-0.119381380180321,0.114302513717982,0.189924418552709));
#11477=CARTESIAN_POINT('',(-0.119381649826543,0.11430277721267,0.189924307666061));
#11478=CARTESIAN_POINT('',(-0.119448834205005,0.114368395987757,0.189896478985322));
#11479=CARTESIAN_POINT('',(-0.119509136580089,0.114427032496785,0.18986317068143));
#11480=CARTESIAN_POINT('',(-0.119590259190909,0.11450602814066,0.189807876852103));
#11481=CARTESIAN_POINT('',(-0.119615756914556,0.114530866835341,0.189788553142361));
#11482=CARTESIAN_POINT('',(-0.119651712628027,0.114565885097446,0.18975862626471));
#11483=CARTESIAN_POINT('',(-0.119663316625725,0.114577184554828,0.189748493400723));
#11484=CARTESIAN_POINT('',(-0.119680158448038,0.114593573795922,0.189733104572885));
#11485=CARTESIAN_POINT('',(-0.119685678390059,0.114598943552124,0.189727943350869));
#11486=CARTESIAN_POINT('',(-0.119693818524901,0.114606858200181,0.189720159668872));
#11487=CARTESIAN_POINT('',(-0.119696508608545,0.11460947308516,0.189717558131828));
#11488=CARTESIAN_POINT('',(-0.119700508959684,0.114613360416066,0.189713646043908));
#11489=CARTESIAN_POINT('',(-0.119701836614445,0.114614650360275,0.189712340384111));
#11490=CARTESIAN_POINT('',(-0.119704480361888,0.114617218583171,0.189709725916059));
#11491=CARTESIAN_POINT('',(-0.119705601445999,0.114618307490861,0.189708612116374));
#11492=CARTESIAN_POINT('',(-0.119755277507173,0.114666547449448,0.1896589360552));
#11493=CARTESIAN_POINT('',(-0.119797547752977,0.114707383375101,0.189606795899943));
#11494=CARTESIAN_POINT('',(-0.119851762898692,0.114759723939568,0.189524948459402));
#11495=CARTESIAN_POINT('',(-0.11986830906928,0.114775685240388,0.189497058323483));
#11496=CARTESIAN_POINT('',(-0.11989084837079,0.114797398860615,0.189454583418576));
#11497=CARTESIAN_POINT('',(-0.119897981806443,0.114804265345524,0.189440318351059));
#11498=CARTESIAN_POINT('',(-0.1199081163025,0.114814007990136,0.189418793117039));
#11499=CARTESIAN_POINT('',(-0.119911400210192,0.114817162691215,0.189411596756174));
#11500=CARTESIAN_POINT('',(-0.119917780366673,0.114823286399122,0.189397166755131));
#11501=CARTESIAN_POINT('',(-0.119920713280375,0.114826098965305,0.189390327441214));
#11502=CARTESIAN_POINT('',(-0.119974539566689,0.114877653171236,0.189260379290783));
#11503=CARTESIAN_POINT('',(-0.12,0.114901275799388,0.189129399747838));
#11504=CARTESIAN_POINT('',(-0.12,0.1149,0.189));
#11505=CARTESIAN_POINT('',(-0.119,0.113929289321881,0.19));
#11506=CARTESIAN_POINT('',(-0.119085849074935,0.11401347035302,0.19));
#11507=CARTESIAN_POINT('',(-0.119197111898866,0.114121693791693,0.189984481334658));
#11508=CARTESIAN_POINT('',(-0.119317879438895,0.114240242559744,0.189948937123694));
#11509=CARTESIAN_POINT('',(-0.11937418202973,0.11429558542891,0.189928819170963));
#11510=CARTESIAN_POINT('',(-0.119481493036376,0.114400136118333,0.189879063387521));
#11511=CARTESIAN_POINT('',(-0.119592537427117,0.11450821653618,0.189809319589493));
#11512=CARTESIAN_POINT('',(-0.119707972783599,0.114620814473239,0.189715428685144));
#11513=CARTESIAN_POINT('',(-0.119841299196903,0.114749661005001,0.189552828176182));
#11514=CARTESIAN_POINT('',(-0.119958203640378,0.11486238501864,0.189331249604771));
#11515=CARTESIAN_POINT('',(-0.12,0.114901275982684,0.189129418338887));
#11516=CARTESIAN_POINT('',(-0.12,0.1149,0.189));
#11517=CARTESIAN_POINT('',(-0.12,0.1149,0.189));
#11518=CARTESIAN_POINT('',(-0.121,0.1149,0.189));
#11519=CARTESIAN_POINT('',(-0.120666666666667,0.1149,0.189));
#11520=CARTESIAN_POINT('',(-0.120333333333333,0.1149,0.189));
#11521=CARTESIAN_POINT('',(-0.12,0.1149,0.189));
#11522=CARTESIAN_POINT('',(-0.121,0.1149,0.189));
#11523=CARTESIAN_POINT('',(-0.119,0.113929289321881,0.191));
#11524=CARTESIAN_POINT('',(-0.119171698149869,0.11401347035302,0.191));
#11525=CARTESIAN_POINT('',(-0.119394223797732,0.114121693791693,0.190968962669315));
#11526=CARTESIAN_POINT('',(-0.119635758877791,0.114240242559744,0.190897874247388));
#11527=CARTESIAN_POINT('',(-0.11974836405946,0.11429558542891,0.190857638341926));
#11528=CARTESIAN_POINT('',(-0.119962986072752,0.114400136118333,0.190758126775042));
#11529=CARTESIAN_POINT('',(-0.120185074854233,0.11450821653618,0.190618639178986));
#11530=CARTESIAN_POINT('',(-0.120415945567198,0.114620814473239,0.190430857370287));
#11531=CARTESIAN_POINT('',(-0.120682598393806,0.114749661005001,0.190105656352363));
#11532=CARTESIAN_POINT('',(-0.120916407280757,0.11486238501864,0.189662499209542));
#11533=CARTESIAN_POINT('',(-0.121,0.114901275982684,0.189258836677774));
#11534=CARTESIAN_POINT('',(-0.121,0.1149,0.189));
#11535=CARTESIAN_POINT('',(-0.119,-2.77555756156289E-17,0.189));
#11536=CARTESIAN_POINT('',(-0.121,-0.115,0.189));
#11537=CARTESIAN_POINT('',(-0.119,-2.77555756156289E-17,0.189));
#11538=CARTESIAN_POINT('',(-0.12,-0.115,0.189));
#11539=CARTESIAN_POINT('',(0.119,-0.113929289321882,0.191));
#11540=CARTESIAN_POINT('',(0.119171848812163,-0.114013544220487,0.191));
#11541=CARTESIAN_POINT('',(0.119322467312743,-0.114086768986153,0.190978168234018));
#11542=CARTESIAN_POINT('',(0.119513781972366,-0.114180393338754,0.190933988564428));
#11543=CARTESIAN_POINT('',(0.119571845301322,-0.114208880856777,0.190917301629791));
#11544=CARTESIAN_POINT('',(0.119650579133995,-0.114247531234543,0.190891430658911));
#11545=CARTESIAN_POINT('',(0.119675433250439,-0.114259734543921,0.190882662659774));
#11546=CARTESIAN_POINT('',(0.119710674577536,-0.11427701928317,0.19086951834343));
#11547=CARTESIAN_POINT('',(0.119722081820991,-0.114282610825451,0.190865137919003));
#11548=CARTESIAN_POINT('',(0.119738689425567,-0.114290743082667,0.190858594451684));
#11549=CARTESIAN_POINT('',(0.119744141421585,-0.114293411325705,0.190856417807727));
#11550=CARTESIAN_POINT('',(0.119752194460673,-0.114297349926212,0.190853162668622));
#11551=CARTESIAN_POINT('',(0.119754857981435,-0.114298652165705,0.190852079259043));
#11552=CARTESIAN_POINT('',(0.119758822132686,-0.114300589583933,0.190850456973135));
#11553=CARTESIAN_POINT('',(0.119760138328134,-0.114301232733173,0.190849916682512));
#11554=CARTESIAN_POINT('',(0.119762760360643,-0.114302513717983,0.190848837105417));
#11555=CARTESIAN_POINT('',(0.119763299653085,-0.114302777212669,0.190848615332122));
#11556=CARTESIAN_POINT('',(0.119897668410031,-0.114368395987765,0.190792957970636));
#11557=CARTESIAN_POINT('',(0.120018273160206,-0.114427032496796,0.190726341362844));
#11558=CARTESIAN_POINT('',(0.120180518381844,-0.114506028140671,0.190615753704187));
#11559=CARTESIAN_POINT('',(0.120231513829136,-0.114530866835351,0.190577106284702));
#11560=CARTESIAN_POINT('',(0.120303425256071,-0.114565885097453,0.190517252529405));
#11561=CARTESIAN_POINT('',(0.120326633251464,-0.114577184554834,0.190496986801433));
#11562=CARTESIAN_POINT('',(0.120360316896085,-0.114593573795926,0.190466209145762));
#11563=CARTESIAN_POINT('',(0.120371356780125,-0.114598943552127,0.190455886701729));
#11564=CARTESIAN_POINT('',(0.120387637049808,-0.114606858200184,0.19044031933774));
#11565=CARTESIAN_POINT('',(0.120393017217094,-0.114609473085161,0.190435116263652));
#11566=CARTESIAN_POINT('',(0.12040101791937,-0.114613360416067,0.190427292087813));
#11567=CARTESIAN_POINT('',(0.120403673228893,-0.114614650360276,0.190424680768219));
#11568=CARTESIAN_POINT('',(0.120408960723777,-0.114617218583172,0.190419451832117));
#11569=CARTESIAN_POINT('',(0.120411202892,-0.114618307490861,0.190417224232746));
#11570=CARTESIAN_POINT('',(0.120510555014305,-0.114666547449428,0.190317872110442));
#11571=CARTESIAN_POINT('',(0.1205950955059,-0.114707383375071,0.190213591799955));
#11572=CARTESIAN_POINT('',(0.120703525797337,-0.114759723939538,0.190049896918879));
#11573=CARTESIAN_POINT('',(0.12073661813852,-0.11477568524036,0.189994116647037));
#11574=CARTESIAN_POINT('',(0.120781696741554,-0.114797398860595,0.189909166837204));
#11575=CARTESIAN_POINT('',(0.120795963612864,-0.114804265345507,0.189880636702164));
#11576=CARTESIAN_POINT('',(0.120816232604987,-0.114814007990125,0.189837586234106));
#11577=CARTESIAN_POINT('',(0.120822800420374,-0.114817162691205,0.189823193512372));
#11578=CARTESIAN_POINT('',(0.120835560733341,-0.114823286399117,0.189794333510274));
#11579=CARTESIAN_POINT('',(0.120841426560753,-0.114826098965306,0.189780654882422));
#11580=CARTESIAN_POINT('',(0.120949079133338,-0.114877653171236,0.189520758581663));
#11581=CARTESIAN_POINT('',(0.121,-0.114901275799375,0.189258799493072));
#11582=CARTESIAN_POINT('',(0.121,-0.1149,0.189));
#11583=CARTESIAN_POINT('',(0.119,-0.113929289321882,0.19));
#11584=CARTESIAN_POINT('',(0.11908589671112,-0.114013517063637,0.19));
#11585=CARTESIAN_POINT('',(0.119161233656372,-0.114086768986153,0.189989084117009));
#11586=CARTESIAN_POINT('',(0.119256890986183,-0.114180393338754,0.189966994282214));
#11587=CARTESIAN_POINT('',(0.119285922650661,-0.114208880856777,0.189958650814895));
#11588=CARTESIAN_POINT('',(0.119325289566998,-0.114247531234543,0.189945715329456));
#11589=CARTESIAN_POINT('',(0.119337716625219,-0.114259734543921,0.189941331329887));
#11590=CARTESIAN_POINT('',(0.119355337288768,-0.11427701928317,0.189934759171715));
#11591=CARTESIAN_POINT('',(0.119361040910496,-0.114282610825451,0.189932568959501));
#11592=CARTESIAN_POINT('',(0.119369344712783,-0.114290743082667,0.189929297225843));
#11593=CARTESIAN_POINT('',(0.119372070710792,-0.114293411325705,0.189928208903863));
#11594=CARTESIAN_POINT('',(0.119376097230336,-0.114297349926212,0.189926581334311));
#11595=CARTESIAN_POINT('',(0.119377428990717,-0.114298652165705,0.189926039629522));
#11596=CARTESIAN_POINT('',(0.119379411066343,-0.114300589583933,0.189925228486568));
#11597=CARTESIAN_POINT('',(0.119380069164067,-0.114301232733173,0.189924958341256));
#11598=CARTESIAN_POINT('',(0.119381380180322,-0.114302513717983,0.189924418552709));
#11599=CARTESIAN_POINT('',(0.119381649826542,-0.114302777212669,0.189924307666061));
#11600=CARTESIAN_POINT('',(0.119448834205015,-0.114368395987765,0.189896478985318));
#11601=CARTESIAN_POINT('',(0.119509136580103,-0.114427032496796,0.189863170681422));
#11602=CARTESIAN_POINT('',(0.119590259190922,-0.114506028140671,0.189807876852093));
#11603=CARTESIAN_POINT('',(0.119615756914568,-0.114530866835351,0.189788553142351));
#11604=CARTESIAN_POINT('',(0.119651712628035,-0.114565885097453,0.189758626264702));
#11605=CARTESIAN_POINT('',(0.119663316625732,-0.114577184554834,0.189748493400717));
#11606=CARTESIAN_POINT('',(0.119680158448043,-0.114593573795926,0.189733104572881));
#11607=CARTESIAN_POINT('',(0.119685678390063,-0.114598943552127,0.189727943350865));
#11608=CARTESIAN_POINT('',(0.119693818524904,-0.114606858200184,0.18972015966887));
#11609=CARTESIAN_POINT('',(0.119696508608547,-0.114609473085161,0.189717558131825));
#11610=CARTESIAN_POINT('',(0.119700508959685,-0.114613360416067,0.189713646043907));
#11611=CARTESIAN_POINT('',(0.119701836614446,-0.114614650360276,0.18971234038411));
#11612=CARTESIAN_POINT('',(0.119704480361888,-0.114617218583172,0.189709725916058));
#11613=CARTESIAN_POINT('',(0.119705601446,-0.114618307490861,0.189708612116373));
#11614=CARTESIAN_POINT('',(0.119755277507152,-0.114666547449428,0.18965893605522));
#11615=CARTESIAN_POINT('',(0.11979754775295,-0.114707383375071,0.189606795899978));
#11616=CARTESIAN_POINT('',(0.119851762898669,-0.114759723939538,0.18952494845944));
#11617=CARTESIAN_POINT('',(0.11986830906926,-0.11477568524036,0.189497058323518));
#11618=CARTESIAN_POINT('',(0.119890848370777,-0.114797398860595,0.189454583418602));
#11619=CARTESIAN_POINT('',(0.119897981806432,-0.114804265345507,0.189440318351082));
#11620=CARTESIAN_POINT('',(0.119908116302493,-0.114814007990125,0.189418793117054));
#11621=CARTESIAN_POINT('',(0.119911400210187,-0.114817162691205,0.189411596756186));
#11622=CARTESIAN_POINT('',(0.11991778036667,-0.114823286399117,0.189397166755137));
#11623=CARTESIAN_POINT('',(0.119920713280376,-0.114826098965306,0.189390327441211));
#11624=CARTESIAN_POINT('',(0.119974539566669,-0.114877653171236,0.189260379290831));
#11625=CARTESIAN_POINT('',(0.12,-0.114901275799389,0.189129399747892));
#11626=CARTESIAN_POINT('',(0.12,-0.1149,0.189));
#11627=CARTESIAN_POINT('',(0.119,-0.113929289321881,0.19));
#11628=CARTESIAN_POINT('',(0.119085849074955,-0.11401347035304,0.19));
#11629=CARTESIAN_POINT('',(0.119197111898898,-0.114121693791726,0.189984481334651));
#11630=CARTESIAN_POINT('',(0.119317879438922,-0.114240242559772,0.189948937123684));
#11631=CARTESIAN_POINT('',(0.119374182029719,-0.1142955854289,0.189928819170968));
#11632=CARTESIAN_POINT('',(0.119481493036392,-0.114400136118346,0.189879063387513));
#11633=CARTESIAN_POINT('',(0.11959253742713,-0.114508216536191,0.189809319589483));
#11634=CARTESIAN_POINT('',(0.119707972783605,-0.114620814473249,0.18971542868513));
#11635=CARTESIAN_POINT('',(0.119841299196863,-0.114749661004951,0.189552828176245));
#11636=CARTESIAN_POINT('',(0.119958203640403,-0.11486238501867,0.189331249604722));
#11637=CARTESIAN_POINT('',(0.12,-0.114901275982685,0.189129418338939));
#11638=CARTESIAN_POINT('',(0.12,-0.1149,0.189));
#11639=CARTESIAN_POINT('',(0.12,-0.1149,0.189));
#11640=CARTESIAN_POINT('',(0.121,-0.1149,0.189));
#11641=CARTESIAN_POINT('',(0.120666666666667,-0.1149,0.189));
#11642=CARTESIAN_POINT('',(0.120333333333333,-0.1149,0.189));
#11643=CARTESIAN_POINT('',(0.12,-0.1149,0.189));
#11644=CARTESIAN_POINT('',(0.121,-0.1149,0.189));
#11645=CARTESIAN_POINT('',(0.119,-0.113929289321881,0.191));
#11646=CARTESIAN_POINT('',(0.119171698149909,-0.11401347035304,0.191));
#11647=CARTESIAN_POINT('',(0.119394223797797,-0.114121693791726,0.190968962669303));
#11648=CARTESIAN_POINT('',(0.119635758877845,-0.114240242559772,0.190897874247368));
#11649=CARTESIAN_POINT('',(0.119748364059438,-0.1142955854289,0.190857638341935));
#11650=CARTESIAN_POINT('',(0.119962986072783,-0.114400136118346,0.190758126775027));
#11651=CARTESIAN_POINT('',(0.120185074854261,-0.114508216536191,0.190618639178966));
#11652=CARTESIAN_POINT('',(0.12041594556721,-0.114620814473249,0.19043085737026));
#11653=CARTESIAN_POINT('',(0.120682598393726,-0.114749661004951,0.190105656352491));
#11654=CARTESIAN_POINT('',(0.120916407280805,-0.11486238501867,0.189662499209444));
#11655=CARTESIAN_POINT('',(0.121,-0.114901275982685,0.189258836677879));
#11656=CARTESIAN_POINT('',(0.121,-0.1149,0.189));
#11657=CARTESIAN_POINT('',(0.121,0.1149,0.189));
#11658=CARTESIAN_POINT('',(0.121,0.114900636616282,0.189129139403992));
#11659=CARTESIAN_POINT('',(0.120987450783591,0.114895049257192,0.189259179691851));
#11660=CARTESIAN_POINT('',(0.120949398468768,0.114877332148605,0.189451806698079));
#11661=CARTESIAN_POINT('',(0.120933517237564,0.114869870440023,0.18951560878074));
#11662=CARTESIAN_POINT('',(0.120904920915736,0.11485634386857,0.189610214417622));
#11663=CARTESIAN_POINT('',(0.120894593578283,0.114851446009989,0.189641566633297));
#11664=CARTESIAN_POINT('',(0.120877917097612,0.114843515719972,0.189688259048218));
#11665=CARTESIAN_POINT('',(0.120872160724828,0.114840775039609,0.189703767199271));
#11666=CARTESIAN_POINT('',(0.120860254516934,0.114835099178168,0.189734661270643));
#11667=CARTESIAN_POINT('',(0.120853739797411,0.114831989626839,0.189750928099484));
#11668=CARTESIAN_POINT('',(0.120799913205912,0.114806267076176,0.189880876986698));
#11669=CARTESIAN_POINT('',(0.120740060814521,0.114777387976615,0.189994647219688));
#11670=CARTESIAN_POINT('',(0.120631694955006,0.114725047412148,0.190158384761758));
#11671=CARTESIAN_POINT('',(0.120592484779396,0.114706096904805,0.190211804538824));
#11672=CARTESIAN_POINT('',(0.120529062979818,0.114675415665009,0.19028960688079));
#11673=CARTESIAN_POINT('',(0.120507155364227,0.114664812671947,0.190315152807375));
#11674=CARTESIAN_POINT('',(0.120473153633654,0.114648344312659,0.190352813520526));
#11675=CARTESIAN_POINT('',(0.120461629722593,0.11464276088128,0.190365257380821));
#11676=CARTESIAN_POINT('',(0.120444060594536,0.114634244766788,0.190383748998111));
#11677=CARTESIAN_POINT('',(0.12043815701154,0.114631382567387,0.19038988384091));
#11678=CARTESIAN_POINT('',(0.120429231073761,0.114627054026429,0.190399041353236));
#11679=CARTESIAN_POINT('',(0.120426244000828,0.114625605305801,0.190402086398655));
#11680=CARTESIAN_POINT('',(0.120420246377986,0.114622696117258,0.190408161370372));
#11681=CARTESIAN_POINT('',(0.120416822831629,0.114621035271907,0.190411604293118));
#11682=CARTESIAN_POINT('',(0.120330716946196,0.114579258455955,0.19049771017855));
#11683=CARTESIAN_POINT('',(0.120235210090155,0.114532671148747,0.190578414002422));
#11684=CARTESIAN_POINT('',(0.120073007610045,0.114453675504871,0.190689064341951));
#11685=CARTESIAN_POINT('',(0.120015798774943,0.114425824509736,0.19072420017865));
#11686=CARTESIAN_POINT('',(0.119925329663099,0.114381769346266,0.190773398817637));
#11687=CARTESIAN_POINT('',(0.119894398677876,0.114366704513316,0.19078921351373));
#11688=CARTESIAN_POINT('',(0.119846860531853,0.114343537596198,0.190811942531585));
#11689=CARTESIAN_POINT('',(0.119830824302336,0.114335720345877,0.190819353333541));
#11690=CARTESIAN_POINT('',(0.119806488123294,0.114323852053473,0.19083020649119));
#11691=CARTESIAN_POINT('',(0.119798329097597,0.114319872219851,0.190833780367788));
#11692=CARTESIAN_POINT('',(0.119786020598529,0.114313866865187,0.190839073561614));
#11693=CARTESIAN_POINT('',(0.119781906105833,0.114311859146261,0.19084082668928));
#11694=CARTESIAN_POINT('',(0.1197757169421,0.114308838666814,0.190843439242371));
#11695=CARTESIAN_POINT('',(0.119773650983434,0.114307830356822,0.190844307236995));
#11696=CARTESIAN_POINT('',(0.119769513269043,0.114305810769818,0.190846037474529));
#11697=CARTESIAN_POINT('',(0.119766661768013,0.114304418852314,0.190847222698521));
#11698=CARTESIAN_POINT('',(0.119682493054618,0.114263331050497,0.190882086521137));
#11699=CARTESIAN_POINT('',(0.119578128230666,0.114211895092068,0.190919088971041));
#11700=CARTESIAN_POINT('',(0.119323059668986,0.114087062621933,0.190978071581146));
#11701=CARTESIAN_POINT('',(0.119172249858163,0.114013740847333,0.191));
#11702=CARTESIAN_POINT('',(0.119,0.113929289321881,0.191));
#11703=CARTESIAN_POINT('',(0.12,0.1149,0.189));
#11704=CARTESIAN_POINT('',(0.12,0.114900636616283,0.189064569702172));
#11705=CARTESIAN_POINT('',(0.119993725391795,0.114895049257192,0.189129589845926));
#11706=CARTESIAN_POINT('',(0.119974699234384,0.114877332148605,0.189225903349039));
#11707=CARTESIAN_POINT('',(0.119966758618782,0.114869870440023,0.189257804390369));
#11708=CARTESIAN_POINT('',(0.119952460457868,0.11485634386857,0.189305107208811));
#11709=CARTESIAN_POINT('',(0.119947296789142,0.114851446009989,0.189320783316648));
#11710=CARTESIAN_POINT('',(0.119938958548806,0.114843515719972,0.189344129524109));
#11711=CARTESIAN_POINT('',(0.119936080362414,0.114840775039609,0.189351883599636));
#11712=CARTESIAN_POINT('',(0.119930127258467,0.114835099178168,0.189367330635322));
#11713=CARTESIAN_POINT('',(0.119926869898706,0.114831989626839,0.189375464049742));
#11714=CARTESIAN_POINT('',(0.119899956602956,0.114806267076176,0.189440438493349));
#11715=CARTESIAN_POINT('',(0.11987003040726,0.114777387976615,0.189497323609843));
#11716=CARTESIAN_POINT('',(0.119815847477503,0.114725047412148,0.189579192380879));
#11717=CARTESIAN_POINT('',(0.119796242389698,0.114706096904805,0.189605902269413));
#11718=CARTESIAN_POINT('',(0.119764531489909,0.114675415665009,0.189644803440395));
#11719=CARTESIAN_POINT('',(0.119753577682114,0.114664812671947,0.189657576403687));
#11720=CARTESIAN_POINT('',(0.119736576816827,0.114648344312659,0.189676406760263));
#11721=CARTESIAN_POINT('',(0.119730814861296,0.11464276088128,0.18968262869041));
#11722=CARTESIAN_POINT('',(0.119722030297268,0.114634244766788,0.189691874499055));
#11723=CARTESIAN_POINT('',(0.11971907850577,0.114631382567387,0.189694941920455));
#11724=CARTESIAN_POINT('',(0.11971461553688,0.114627054026429,0.189699520676618));
#11725=CARTESIAN_POINT('',(0.119713122000414,0.114625605305801,0.189701043199327));
#11726=CARTESIAN_POINT('',(0.119710123188993,0.114622696117258,0.189704080685186));
#11727=CARTESIAN_POINT('',(0.119708411415814,0.114621035271907,0.189705802146559));
#11728=CARTESIAN_POINT('',(0.119665358473098,0.114579258455955,0.189748855089275));
#11729=CARTESIAN_POINT('',(0.119617605045078,0.114532671148747,0.189789207001211));
#11730=CARTESIAN_POINT('',(0.119536503805023,0.114453675504871,0.189844532170975));
#11731=CARTESIAN_POINT('',(0.119507899387471,0.114425824509736,0.189862100089325));
#11732=CARTESIAN_POINT('',(0.119462664831549,0.114381769346266,0.189886699408819));
#11733=CARTESIAN_POINT('',(0.119447199338938,0.114366704513316,0.189894606756866));
#11734=CARTESIAN_POINT('',(0.119423430265927,0.114343537596198,0.189905971265793));
#11735=CARTESIAN_POINT('',(0.119415412151168,0.114335720345877,0.18990967666677));
#11736=CARTESIAN_POINT('',(0.119403244061647,0.114323852053473,0.189915103245594));
#11737=CARTESIAN_POINT('',(0.119399164548799,0.114319872219851,0.189916890183894));
#11738=CARTESIAN_POINT('',(0.119393010299265,0.114313866865187,0.189919536780807));
#11739=CARTESIAN_POINT('',(0.119390953052917,0.114311859146261,0.18992041334464));
#11740=CARTESIAN_POINT('',(0.11938785847105,0.114308838666814,0.189921719621186));
#11741=CARTESIAN_POINT('',(0.119386825491717,0.114307830356822,0.189922153618498));
#11742=CARTESIAN_POINT('',(0.119384756634521,0.114305810769818,0.189923018737265));
#11743=CARTESIAN_POINT('',(0.119383330884007,0.114304418852314,0.189923611349261));
#11744=CARTESIAN_POINT('',(0.119341246527309,0.114263331050497,0.189941043260568));
#11745=CARTESIAN_POINT('',(0.119289064115333,0.114211895092068,0.189959544485521));
#11746=CARTESIAN_POINT('',(0.119161529834493,0.114087062621933,0.189989035790573));
#11747=CARTESIAN_POINT('',(0.119086096908061,0.11401371337076,0.19));
#11748=CARTESIAN_POINT('',(0.119,0.113929289321881,0.19));
#11749=CARTESIAN_POINT('',(0.12,0.1149,0.189));
#11750=CARTESIAN_POINT('',(0.120333333333333,0.1149,0.189));
#11751=CARTESIAN_POINT('',(0.120666666666667,0.1149,0.189));
#11752=CARTESIAN_POINT('',(0.121,0.1149,0.189));
#11753=CARTESIAN_POINT('',(0.12,0.1149,0.189));
#11754=CARTESIAN_POINT('',(0.121,0.1149,0.189));
#11755=CARTESIAN_POINT('',(0.12,0.1149,0.189));
#11756=CARTESIAN_POINT('',(0.12,0.114901273280072,0.189129144222613));
#11757=CARTESIAN_POINT('',(0.11995796245709,0.114862144290969,0.189331661672641));
#11758=CARTESIAN_POINT('',(0.119841701169051,0.114750063118657,0.189552232768489));
#11759=CARTESIAN_POINT('',(0.11970774891325,0.1146205891293,0.189715681222644));
#11760=CARTESIAN_POINT('',(0.1195929113731,0.114508595030607,0.189809016060487));
#11761=CARTESIAN_POINT('',(0.119481822400893,0.114400433277536,0.189878906189757));
#11762=CARTESIAN_POINT('',(0.119374029367521,0.114295438702054,0.189928884462093));
#11763=CARTESIAN_POINT('',(0.119318160723213,0.114240532307965,0.189948833156938));
#11764=CARTESIAN_POINT('',(0.119197428378704,0.114122009335777,0.189984422354321));
#11765=CARTESIAN_POINT('',(0.119086048711062,0.114013666110227,0.19));
#11766=CARTESIAN_POINT('',(0.119,0.113929289321881,0.19));
#11767=CARTESIAN_POINT('',(0.121,0.1149,0.189));
#11768=CARTESIAN_POINT('',(0.121,0.114901273280072,0.189258288445226));
#11769=CARTESIAN_POINT('',(0.12091592491418,0.114862144290969,0.189663323345282));
#11770=CARTESIAN_POINT('',(0.120683402338102,0.114750063118657,0.190104465536978));
#11771=CARTESIAN_POINT('',(0.120415497826499,0.1146205891293,0.190431362445287));
#11772=CARTESIAN_POINT('',(0.1201858227462,0.114508595030607,0.190618032120974));
#11773=CARTESIAN_POINT('',(0.119963644801785,0.114400433277536,0.190757812379514));
#11774=CARTESIAN_POINT('',(0.119748058735043,0.114295438702054,0.190857768924186));
#11775=CARTESIAN_POINT('',(0.119636321446425,0.114240532307965,0.190897666313876));
#11776=CARTESIAN_POINT('',(0.119394856757407,0.114122009335777,0.190968844708642));
#11777=CARTESIAN_POINT('',(0.119172097422125,0.114013666110227,0.191));
#11778=CARTESIAN_POINT('',(0.119,0.113929289321881,0.191));
#11779=CARTESIAN_POINT('',(0.119,-2.77555756156289E-17,0.189));
#11780=CARTESIAN_POINT('',(0.121,-0.115,0.189));
#11781=CARTESIAN_POINT('',(0.119,-2.77555756156289E-17,0.189));
#11782=CARTESIAN_POINT('',(0.12,-0.115,0.189));
#11783=CARTESIAN_POINT('',(-0.12,0.1149,0.095));
#11784=CARTESIAN_POINT('',(-0.12,0.1149,0.));
#11785=CARTESIAN_POINT('',(-0.12,0.1149,0.001));
#11786=CARTESIAN_POINT('',(-0.12,0.1149,0.001));
#11787=CARTESIAN_POINT('',(-0.120333333333333,0.1149,0.001));
#11788=CARTESIAN_POINT('',(-0.120666666666667,0.1149,0.001));
#11789=CARTESIAN_POINT('',(-0.121,0.1149,0.001));
#11790=CARTESIAN_POINT('',(-0.121,0.1149,0.001));
#11791=CARTESIAN_POINT('',(-0.121,0.1149,0.));
#11792=CARTESIAN_POINT('',(-0.12,-0.1149,2.41352831440362E-20));
#11793=CARTESIAN_POINT('',(-0.121,-0.1149,0.001));
#11794=CARTESIAN_POINT('',(-0.120666666666667,-0.1149,0.001));
#11795=CARTESIAN_POINT('',(-0.120333333333333,-0.1149,0.001));
#11796=CARTESIAN_POINT('',(-0.12,-0.1149,0.001));
#11797=CARTESIAN_POINT('',(-0.12,-0.1149,0.001));
#11798=CARTESIAN_POINT('',(-0.121,-0.1149,0.001));
#11799=CARTESIAN_POINT('',(-0.12,-0.1149,2.41352831440359E-20));
#11800=CARTESIAN_POINT('',(-0.121,-0.1149,2.41352831440359E-20));
#11801=CARTESIAN_POINT('',(-0.121,-0.115,0.));
#11802=CARTESIAN_POINT('',(-0.121,0.,0.001));
#11803=CARTESIAN_POINT('',(-0.12,-0.115,0.));
#11804=CARTESIAN_POINT('',(-0.12,0.,0.001));
#11805=CARTESIAN_POINT('',(-0.108,0.,0.));
#11806=CARTESIAN_POINT('',(-0.108,0.102929289321881,0.));
#11807=CARTESIAN_POINT('',(-0.108,0.102929289321881,0.));
#11808=CARTESIAN_POINT('',(-0.108,0.102929289321881,-0.001));
#11809=CARTESIAN_POINT('',(-0.108,0.,0.));
#11810=CARTESIAN_POINT('',(-0.108,-0.102929289321881,0.));
#11811=CARTESIAN_POINT('',(-0.108,-0.102929289321881,0.));
#11812=CARTESIAN_POINT('',(-0.108,-0.102929289321881,-0.001));
#11813=CARTESIAN_POINT('',(-0.108,0.,-0.001));
#11814=CARTESIAN_POINT('',(-0.114035355339059,-0.108964644660941,0.));
#11815=CARTESIAN_POINT('',(-0.0595353553390593,-0.0544646446609406,0.));
#11816=CARTESIAN_POINT('',(-0.119,-0.113929289321881,0.));
#11817=CARTESIAN_POINT('',(-0.119,-0.113929289321881,0.));
#11818=CARTESIAN_POINT('',(-0.119,-0.113929289321881,-0.000333333333333333));
#11819=CARTESIAN_POINT('',(-0.119,-0.113929289321881,-0.000666666666666667));
#11820=CARTESIAN_POINT('',(-0.119,-0.113929289321881,-0.001));
#11821=CARTESIAN_POINT('',(-0.119,-0.113929289321881,-0.001));
#11822=CARTESIAN_POINT('',(-0.0595353553390593,-0.0544646446609406,-0.001));
#11823=CARTESIAN_POINT('',(-0.113,0.,0.));
#11824=CARTESIAN_POINT('',(-0.113,0.,-0.001));
#11825=CARTESIAN_POINT('',(-0.11425,0.,-0.001));
#11826=CARTESIAN_POINT('',(-0.113,0.,0.));
#11827=CARTESIAN_POINT('',(-0.11425,0.,0.));
#11828=CARTESIAN_POINT('',(-0.114035355339059,0.108964644660941,0.));
#11829=CARTESIAN_POINT('',(-0.0595353553390593,0.0544646446609406,0.));
#11830=CARTESIAN_POINT('',(-0.119,0.113929289321881,0.));
#11831=CARTESIAN_POINT('',(-0.0595353553390593,0.0544646446609406,-0.001));
#11832=CARTESIAN_POINT('',(-0.119,0.113929289321881,-0.001));
#11833=CARTESIAN_POINT('',(-0.119,0.113929289321881,-0.001));
#11834=CARTESIAN_POINT('',(-0.119,0.113929289321881,-0.000666666666666667));
#11835=CARTESIAN_POINT('',(-0.119,0.113929289321881,-0.000333333333333333));
#11836=CARTESIAN_POINT('',(-0.119,0.113929289321881,0.));
#11837=CARTESIAN_POINT('',(-0.114,0.,-0.001));
#11838=CARTESIAN_POINT('',(-0.119,0.,-0.001));
#11839=CARTESIAN_POINT('',(-0.114,0.,0.));
#11840=CARTESIAN_POINT('',(-0.119,0.,0.));
#11841=CARTESIAN_POINT('',(-0.119,-0.113929289321881,-0.001));
#11842=CARTESIAN_POINT('',(-0.119171848812226,-0.114013544220517,-0.001));
#11843=CARTESIAN_POINT('',(-0.119322467312835,-0.114086768986199,-0.00097816823400231));
#11844=CARTESIAN_POINT('',(-0.119513781972456,-0.1141803933388,-0.000933988564403799));
#11845=CARTESIAN_POINT('',(-0.119571845301404,-0.114208880856818,-0.000917301629765546));
#11846=CARTESIAN_POINT('',(-0.119650579134054,-0.114247531234573,-0.000891430658891084));
#11847=CARTESIAN_POINT('',(-0.119675433250488,-0.114259734543946,-0.000882662659756173));
#11848=CARTESIAN_POINT('',(-0.119710674577568,-0.114277019283187,-0.000869518343417434));
#11849=CARTESIAN_POINT('',(-0.119722081821018,-0.114282610825465,-0.000865137918992572));
#11850=CARTESIAN_POINT('',(-0.119738689425584,-0.114290743082676,-0.000858594451677883));
#11851=CARTESIAN_POINT('',(-0.119744141421598,-0.114293411325713,-0.000856417807721481));
#11852=CARTESIAN_POINT('',(-0.119752194460682,-0.114297349926216,-0.000853162668618413));
#11853=CARTESIAN_POINT('',(-0.119754857981442,-0.114298652165709,-0.000852079259040353));
#11854=CARTESIAN_POINT('',(-0.119758822132691,-0.114300589583935,-0.000850456973133107));
#11855=CARTESIAN_POINT('',(-0.119760138328137,-0.114301232733175,-0.000849916682510862));
#11856=CARTESIAN_POINT('',(-0.119762760360645,-0.114302513717984,-0.000848837105416159));
#11857=CARTESIAN_POINT('',(-0.119763299653084,-0.114302777212669,-0.000848615332122587));
#11858=CARTESIAN_POINT('',(-0.11989766841007,-0.11436839598778,-0.000792957970619659));
#11859=CARTESIAN_POINT('',(-0.120018273160262,-0.114427032496819,-0.000726341362811334));
#11860=CARTESIAN_POINT('',(-0.120180518381896,-0.114506028140695,-0.000615753704148693));
#11861=CARTESIAN_POINT('',(-0.120231513829183,-0.114530866835373,-0.000577106284664807));
#11862=CARTESIAN_POINT('',(-0.120303425256104,-0.114565885097469,-0.000517252529376918));
#11863=CARTESIAN_POINT('',(-0.120326633251491,-0.114577184554847,-0.000496986801409476));
#11864=CARTESIAN_POINT('',(-0.120360316896103,-0.114593573795935,-0.000466209145745077));
#11865=CARTESIAN_POINT('',(-0.12037135678014,-0.114598943552134,-0.000455886701715776));
#11866=CARTESIAN_POINT('',(-0.120387637049817,-0.114606858200188,-0.000440319337731158));
#11867=CARTESIAN_POINT('',(-0.120393017217102,-0.114609473085165,-0.000435116263644202));
#11868=CARTESIAN_POINT('',(-0.120401017919375,-0.114613360416069,-0.000427292087807965));
#11869=CARTESIAN_POINT('',(-0.120403673228896,-0.114614650360277,-0.000424680768215451));
#11870=CARTESIAN_POINT('',(-0.120408960723778,-0.114617218583173,-0.000419451832114591));
#11871=CARTESIAN_POINT('',(-0.120411202892,-0.114618307490861,-0.000417224232746089));
#11872=CARTESIAN_POINT('',(-0.12051055501431,-0.11466654744943,-0.000317872110435781));
#11873=CARTESIAN_POINT('',(-0.120595095505907,-0.114707383375074,-0.000213591799946166));
#11874=CARTESIAN_POINT('',(-0.120703525797344,-0.11475972393954,-4.98969188690425E-5));
#11875=CARTESIAN_POINT('',(-0.120736618138526,-0.114775685240363,5.88335297327256E-6));
#11876=CARTESIAN_POINT('',(-0.120781696741558,-0.114797398860597,9.08331628024215E-5));
#11877=CARTESIAN_POINT('',(-0.120795963612867,-0.114804265345508,0.000119363297842204));
#11878=CARTESIAN_POINT('',(-0.120816232604989,-0.114814007990125,0.000162413765897404));
#11879=CARTESIAN_POINT('',(-0.120822800420375,-0.114817162691206,0.00017680648763108));
#11880=CARTESIAN_POINT('',(-0.120835560733342,-0.114823286399118,0.000205666489727753));
#11881=CARTESIAN_POINT('',(-0.120841426560753,-0.114826098965305,0.000219345117577895));
#11882=CARTESIAN_POINT('',(-0.12094907913334,-0.114877653171236,0.00047924141834175));
#11883=CARTESIAN_POINT('',(-0.121,-0.114901275799375,0.000741200506932813));
#11884=CARTESIAN_POINT('',(-0.121,-0.1149,0.00100000000000008));
#11885=CARTESIAN_POINT('',(-0.119,-0.113929289321881,-2.16840434497101E-19));
#11886=CARTESIAN_POINT('',(-0.119085896711152,-0.114013517063668,4.54184843785956E-18));
#11887=CARTESIAN_POINT('',(-0.119161233656418,-0.114086768986199,1.09158829988454E-5));
#11888=CARTESIAN_POINT('',(-0.119256890986228,-0.1141803933388,3.30057177981014E-5));
#11889=CARTESIAN_POINT('',(-0.119285922650702,-0.114208880856818,4.13491851172265E-5));
#11890=CARTESIAN_POINT('',(-0.119325289567027,-0.114247531234573,5.42846705544575E-5));
#11891=CARTESIAN_POINT('',(-0.119337716625244,-0.114259734543946,5.86686701219138E-5));
#11892=CARTESIAN_POINT('',(-0.119355337288784,-0.114277019283187,6.52408282912833E-5));
#11893=CARTESIAN_POINT('',(-0.119361040910509,-0.114282610825465,6.74310405037133E-5));
#11894=CARTESIAN_POINT('',(-0.119369344712792,-0.114290743082676,7.07027741610576E-5));
#11895=CARTESIAN_POINT('',(-0.119372070710799,-0.114293411325713,7.17910961392595E-5));
#11896=CARTESIAN_POINT('',(-0.119376097230341,-0.114297349926216,7.34186656907933E-5));
#11897=CARTESIAN_POINT('',(-0.119377428990721,-0.114298652165709,7.39603704798227E-5));
#11898=CARTESIAN_POINT('',(-0.119379411066345,-0.114300589583935,7.47715134334458E-5));
#11899=CARTESIAN_POINT('',(-0.119380069164069,-0.114301232733175,7.50416587445687E-5));
#11900=CARTESIAN_POINT('',(-0.119381380180323,-0.114302513717984,7.55814472919202E-5));
#11901=CARTESIAN_POINT('',(-0.119381649826542,-0.114302777212669,7.56923339387072E-5));
#11902=CARTESIAN_POINT('',(-0.119448834205035,-0.11436839598778,0.000103521014690171));
#11903=CARTESIAN_POINT('',(-0.119509136580131,-0.114427032496819,0.000136829318594334));
#11904=CARTESIAN_POINT('',(-0.119590259190948,-0.114506028140695,0.000192123147925654));
#11905=CARTESIAN_POINT('',(-0.119615756914591,-0.114530866835373,0.000211446857667595));
#11906=CARTESIAN_POINT('',(-0.119651712628052,-0.114565885097469,0.00024137373531154));
#11907=CARTESIAN_POINT('',(-0.119663316625746,-0.114577184554847,0.000251506599295262));
#11908=CARTESIAN_POINT('',(-0.119680158448051,-0.114593573795935,0.000266895427127462));
#11909=CARTESIAN_POINT('',(-0.11968567839007,-0.114598943552134,0.000272056649142113));
#11910=CARTESIAN_POINT('',(-0.119693818524908,-0.114606858200188,0.000279840331134421));
#11911=CARTESIAN_POINT('',(-0.119696508608551,-0.114609473085165,0.000282441868177898));
#11912=CARTESIAN_POINT('',(-0.119700508959687,-0.114613360416069,0.000286353956096017));
#11913=CARTESIAN_POINT('',(-0.119701836614448,-0.114614650360277,0.000287659615892274));
#11914=CARTESIAN_POINT('',(-0.119704480361889,-0.114617218583173,0.000290274083942704));
#11915=CARTESIAN_POINT('',(-0.119705601446,-0.114618307490861,0.000291387883626955));
#11916=CARTESIAN_POINT('',(-0.119755277507155,-0.11466654744943,0.000341063944782109));
#11917=CARTESIAN_POINT('',(-0.119797547752954,-0.114707383375074,0.000393204100026917));
#11918=CARTESIAN_POINT('',(-0.119851762898672,-0.11475972393954,0.000475051540565478));
#11919=CARTESIAN_POINT('',(-0.119868309069263,-0.114775685240363,0.000502941676486636));
#11920=CARTESIAN_POINT('',(-0.119890848370779,-0.114797398860597,0.000545416581401211));
#11921=CARTESIAN_POINT('',(-0.119897981806433,-0.114804265345508,0.000559681648921101));
#11922=CARTESIAN_POINT('',(-0.119908116302494,-0.114814007990125,0.000581206882948701));
#11923=CARTESIAN_POINT('',(-0.119911400210188,-0.114817162691206,0.000588403243815541));
#11924=CARTESIAN_POINT('',(-0.119917780366671,-0.114823286399118,0.000602833244863877));
#11925=CARTESIAN_POINT('',(-0.119920713280376,-0.114826098965305,0.000609672558788947));
#11926=CARTESIAN_POINT('',(-0.11997453956667,-0.114877653171236,0.000739620709170875));
#11927=CARTESIAN_POINT('',(-0.12,-0.114901275799389,0.000870600252111055));
#11928=CARTESIAN_POINT('',(-0.12,-0.1149,0.00100000000000004));
#11929=CARTESIAN_POINT('',(-0.119,-0.113929289321881,-6.50521303491303E-19));
#11930=CARTESIAN_POINT('',(-0.119085849074986,-0.11401347035307,4.09599735715491E-18));
#11931=CARTESIAN_POINT('',(-0.119197111898949,-0.114121693791776,1.55186653581785E-5));
#11932=CARTESIAN_POINT('',(-0.119317879438964,-0.114240242559815,5.10628763314148E-5));
#11933=CARTESIAN_POINT('',(-0.119374182029701,-0.114295585428883,7.11808290251337E-5));
#11934=CARTESIAN_POINT('',(-0.119481493036421,-0.11440013611837,0.000120936612500426));
#11935=CARTESIAN_POINT('',(-0.11959253742716,-0.114508216536218,0.000190680410540716));
#11936=CARTESIAN_POINT('',(-0.119707972783594,-0.114620814473239,0.00028457131485964));
#11937=CARTESIAN_POINT('',(-0.119841299196871,-0.114749661004958,0.000447171823765358));
#11938=CARTESIAN_POINT('',(-0.119958203640398,-0.114862385018666,0.000668750395271116));
#11939=CARTESIAN_POINT('',(-0.12,-0.114901275982685,0.000870581661062835));
#11940=CARTESIAN_POINT('',(-0.12,-0.1149,0.00100000000000004));
#11941=CARTESIAN_POINT('',(-0.119,-0.113929289321881,-0.001));
#11942=CARTESIAN_POINT('',(-0.119171698149971,-0.11401347035307,-0.000999999999999992));
#11943=CARTESIAN_POINT('',(-0.119394223797897,-0.114121693791776,-0.000968962669283643));
#11944=CARTESIAN_POINT('',(-0.119635758877929,-0.114240242559815,-0.00089787424733717));
#11945=CARTESIAN_POINT('',(-0.119748364059403,-0.114295585428883,-0.000857638341949733));
#11946=CARTESIAN_POINT('',(-0.119962986072841,-0.11440013611837,-0.000758126774999148));
#11947=CARTESIAN_POINT('',(-0.12018507485432,-0.114508216536218,-0.000618639178918569));
#11948=CARTESIAN_POINT('',(-0.120415945567187,-0.114620814473239,-0.000430857370280721));
#11949=CARTESIAN_POINT('',(-0.120682598393742,-0.114749661004958,-0.000105656352469285));
#11950=CARTESIAN_POINT('',(-0.120916407280795,-0.114862385018666,0.000337500790542232));
#11951=CARTESIAN_POINT('',(-0.121,-0.114901275982685,0.00074116332212567));
#11952=CARTESIAN_POINT('',(-0.121,-0.1149,0.00100000000000008));
#11953=CARTESIAN_POINT('',(-0.121,0.1149,0.00100000000000008));
#11954=CARTESIAN_POINT('',(-0.121,0.114900636616282,0.000870860596007558));
#11955=CARTESIAN_POINT('',(-0.120987450783591,0.114895049257192,0.000740820308148594));
#11956=CARTESIAN_POINT('',(-0.120949398468768,0.114877332148605,0.000548193301920438));
#11957=CARTESIAN_POINT('',(-0.120933517237564,0.114869870440023,0.000484391219260224));
#11958=CARTESIAN_POINT('',(-0.120904920915736,0.11485634386857,0.000389785582377921));
#11959=CARTESIAN_POINT('',(-0.120894593578283,0.114851446009989,0.000358433366703179));
#11960=CARTESIAN_POINT('',(-0.120877917097612,0.114843515719972,0.000311740951782099));
#11961=CARTESIAN_POINT('',(-0.120872160724828,0.114840775039609,0.000296232800729156));
#11962=CARTESIAN_POINT('',(-0.120860254516934,0.114835099178168,0.00026533872935635));
#11963=CARTESIAN_POINT('',(-0.120853739797411,0.114831989626839,0.000249071900515969));
#11964=CARTESIAN_POINT('',(-0.120799913205912,0.114806267076176,0.000119123013301232));
#11965=CARTESIAN_POINT('',(-0.12074006081452,0.114777387976614,5.35278031082621E-6));
#11966=CARTESIAN_POINT('',(-0.120631694955005,0.114725047412147,-0.00015838476175981));
#11967=CARTESIAN_POINT('',(-0.120592484779395,0.114706096904804,-0.000211804538826113));
#11968=CARTESIAN_POINT('',(-0.120529062979817,0.114675415665009,-0.00028960688079098));
#11969=CARTESIAN_POINT('',(-0.120507155364226,0.114664812671947,-0.000315152807376063));
#11970=CARTESIAN_POINT('',(-0.120473153633653,0.114648344312659,-0.000352813520526761));
#11971=CARTESIAN_POINT('',(-0.120461629722592,0.11464276088128,-0.000365257380821614));
#11972=CARTESIAN_POINT('',(-0.120444060594536,0.114634244766788,-0.000383748998110544));
#11973=CARTESIAN_POINT('',(-0.12043815701154,0.114631382567387,-0.000389883840910603));
#11974=CARTESIAN_POINT('',(-0.12042923107376,0.114627054026429,-0.000399041353235925));
#11975=CARTESIAN_POINT('',(-0.120426244000827,0.114625605305801,-0.00040208639865514));
#11976=CARTESIAN_POINT('',(-0.120420246377986,0.114622696117258,-0.000408161370371914));
#11977=CARTESIAN_POINT('',(-0.120416822831628,0.114621035271907,-0.000411604293117645));
#11978=CARTESIAN_POINT('',(-0.1203307169462,0.114579258455957,-0.000497710178545973));
#11979=CARTESIAN_POINT('',(-0.120235210090163,0.11453267114875,-0.000578414002415931));
#11980=CARTESIAN_POINT('',(-0.120073007610053,0.114453675504874,-0.000689064341945883));
#11981=CARTESIAN_POINT('',(-0.120015798774951,0.114425824509738,-0.000724200178645933));
#11982=CARTESIAN_POINT('',(-0.119925329663104,0.114381769346268,-0.000773398817634501));
#11983=CARTESIAN_POINT('',(-0.119894398677881,0.114366704513317,-0.00078921351372806));
#11984=CARTESIAN_POINT('',(-0.119846860531856,0.114343537596199,-0.000811942531582965));
#11985=CARTESIAN_POINT('',(-0.119830824302339,0.114335720345878,-0.000819353333539628));
#11986=CARTESIAN_POINT('',(-0.119806488123295,0.114323852053473,-0.000830206491188406));
#11987=CARTESIAN_POINT('',(-0.119798329097599,0.114319872219851,-0.000833780367787511));
#11988=CARTESIAN_POINT('',(-0.11978602059853,0.114313866865187,-0.00083907356161341));
#11989=CARTESIAN_POINT('',(-0.119781906105834,0.114311859146261,-0.000840826689279075));
#11990=CARTESIAN_POINT('',(-0.1197757169421,0.114308838666814,-0.000843439242371156));
#11991=CARTESIAN_POINT('',(-0.119773650983434,0.114307830356822,-0.000844307236995046));
#11992=CARTESIAN_POINT('',(-0.119769513269043,0.114305810769818,-0.000846037474529614));
#11993=CARTESIAN_POINT('',(-0.119766661768013,0.114304418852314,-0.000847222698520837));
#11994=CARTESIAN_POINT('',(-0.11968249305463,0.114263331050503,-0.000882086521131688));
#11995=CARTESIAN_POINT('',(-0.119578128230685,0.114211895092078,-0.00091908897103502));
#11996=CARTESIAN_POINT('',(-0.119323059669006,0.114087062621943,-0.000978071581142784));
#11997=CARTESIAN_POINT('',(-0.119172249858176,0.11401374084734,-0.001));
#11998=CARTESIAN_POINT('',(-0.119,0.113929289321881,-0.001));
#11999=CARTESIAN_POINT('',(-0.12,0.1149,0.00100000000000004));
#12000=CARTESIAN_POINT('',(-0.12,0.114900636616283,0.000935430297828144));
#12001=CARTESIAN_POINT('',(-0.119993725391795,0.114895049257192,0.000870410154074297));
#12002=CARTESIAN_POINT('',(-0.119974699234384,0.114877332148605,0.000774096650960219));
#12003=CARTESIAN_POINT('',(-0.119966758618782,0.114869870440023,0.000742195609630111));
#12004=CARTESIAN_POINT('',(-0.119952460457868,0.11485634386857,0.000694892791188959));
#12005=CARTESIAN_POINT('',(-0.119947296789141,0.114851446009989,0.000679216683351589));
#12006=CARTESIAN_POINT('',(-0.119938958548806,0.114843515719972,0.000655870475891049));
#12007=CARTESIAN_POINT('',(-0.119936080362414,0.114840775039609,0.000648116400364579));
#12008=CARTESIAN_POINT('',(-0.119930127258467,0.114835099178168,0.000632669364678176));
#12009=CARTESIAN_POINT('',(-0.119926869898706,0.114831989626839,0.000624535950257984));
#12010=CARTESIAN_POINT('',(-0.119899956602956,0.114806267076176,0.000559561506650616));
#12011=CARTESIAN_POINT('',(-0.11987003040726,0.114777387976614,0.000502676390155414));
#12012=CARTESIAN_POINT('',(-0.119815847477502,0.114725047412147,0.000420807619120096));
#12013=CARTESIAN_POINT('',(-0.119796242389697,0.114706096904804,0.000394097730586943));
#12014=CARTESIAN_POINT('',(-0.119764531489909,0.114675415665009,0.000355196559604509));
#12015=CARTESIAN_POINT('',(-0.119753577682113,0.114664812671947,0.00034242359631197));
#12016=CARTESIAN_POINT('',(-0.119736576816827,0.114648344312659,0.00032359323973662));
#12017=CARTESIAN_POINT('',(-0.119730814861296,0.11464276088128,0.000317371309589194));
#12018=CARTESIAN_POINT('',(-0.119722030297268,0.114634244766788,0.000308125500944729));
#12019=CARTESIAN_POINT('',(-0.11971907850577,0.114631382567387,0.000305058079544697));
#12020=CARTESIAN_POINT('',(-0.11971461553688,0.114627054026429,0.000300479323382036));
#12021=CARTESIAN_POINT('',(-0.119713122000414,0.114625605305801,0.000298956800672429));
#12022=CARTESIAN_POINT('',(-0.119710123188993,0.114622696117258,0.000295919314814042));
#12023=CARTESIAN_POINT('',(-0.119708411415814,0.114621035271907,0.000294197853441177));
#12024=CARTESIAN_POINT('',(-0.1196653584731,0.114579258455957,0.000251144910727013));
#12025=CARTESIAN_POINT('',(-0.119617605045081,0.11453267114875,0.000210792998792033));
#12026=CARTESIAN_POINT('',(-0.119536503805027,0.114453675504874,0.000155467829027057));
#12027=CARTESIAN_POINT('',(-0.119507899387475,0.114425824509738,0.000137899910677034));
#12028=CARTESIAN_POINT('',(-0.119462664831552,0.114381769346268,0.00011330059118275));
#12029=CARTESIAN_POINT('',(-0.11944719933894,0.114366704513317,0.000105393243135971));
#12030=CARTESIAN_POINT('',(-0.119423430265928,0.114343537596199,9.40287342085186E-5));
#12031=CARTESIAN_POINT('',(-0.119415412151169,0.114335720345878,9.03233332301856E-5));
#12032=CARTESIAN_POINT('',(-0.119403244061648,0.114323852053473,8.48967544057964E-5));
#12033=CARTESIAN_POINT('',(-0.119399164548799,0.114319872219851,8.31098161062445E-5));
#12034=CARTESIAN_POINT('',(-0.119393010299265,0.114313866865187,8.04632191932946E-5));
#12035=CARTESIAN_POINT('',(-0.119390953052917,0.114311859146261,7.95866553604617E-5));
#12036=CARTESIAN_POINT('',(-0.11938785847105,0.114308838666814,7.82803788144214E-5));
#12037=CARTESIAN_POINT('',(-0.119386825491717,0.114307830356822,7.78463815024776E-5));
#12038=CARTESIAN_POINT('',(-0.119384756634521,0.114305810769818,7.69812627351938E-5));
#12039=CARTESIAN_POINT('',(-0.119383330884006,0.114304418852314,7.63886507395825E-5));
#12040=CARTESIAN_POINT('',(-0.119341246527315,0.114263331050503,5.89567394341568E-5));
#12041=CARTESIAN_POINT('',(-0.119289064115342,0.114211895092078,4.045551448249E-5));
#12042=CARTESIAN_POINT('',(-0.119161529834503,0.114087062621943,1.09642094286077E-5));
#12043=CARTESIAN_POINT('',(-0.119086096908067,0.114013713370766,4.55293937280299E-18));
#12044=CARTESIAN_POINT('',(-0.119,0.113929289321881,-2.16840434497101E-19));
#12045=CARTESIAN_POINT('',(-0.12,0.1149,0.00100000000000004));
#12046=CARTESIAN_POINT('',(-0.12,0.114901273280072,0.000870855777386706));
#12047=CARTESIAN_POINT('',(-0.11995796245709,0.114862144290969,0.000668338327359807));
#12048=CARTESIAN_POINT('',(-0.11984170116905,0.114750063118657,0.000447767231509582));
#12049=CARTESIAN_POINT('',(-0.119707748913248,0.114620589129299,0.000284318777355631));
#12050=CARTESIAN_POINT('',(-0.119592911373104,0.114508595030611,0.000190983939516557));
#12051=CARTESIAN_POINT('',(-0.119481822400897,0.114400433277539,0.000121093810245218));
#12052=CARTESIAN_POINT('',(-0.119374029367518,0.114295438702051,7.11155379054714E-5));
#12053=CARTESIAN_POINT('',(-0.119318160723221,0.114240532307974,5.11668430652717E-5));
#12054=CARTESIAN_POINT('',(-0.119197428378714,0.114122009335788,1.55776456808236E-5));
#12055=CARTESIAN_POINT('',(-0.119086048711069,0.114013666110233,4.10703505785817E-18));
#12056=CARTESIAN_POINT('',(-0.119,0.113929289321881,-6.50521303491303E-19));
#12057=CARTESIAN_POINT('',(-0.121,0.1149,0.00100000000000008));
#12058=CARTESIAN_POINT('',(-0.121,0.114901273280072,0.000741711554773413));
#12059=CARTESIAN_POINT('',(-0.12091592491418,0.114862144290969,0.000336676654719614));
#12060=CARTESIAN_POINT('',(-0.120683402338101,0.114750063118657,-0.000104465536980836));
#12061=CARTESIAN_POINT('',(-0.120415497826497,0.114620589129299,-0.000431362445288738));
#12062=CARTESIAN_POINT('',(-0.120185822746209,0.114508595030611,-0.000618032120966887));
#12063=CARTESIAN_POINT('',(-0.119963644801794,0.114400433277539,-0.000757812379509564));
#12064=CARTESIAN_POINT('',(-0.119748058735036,0.114295438702051,-0.000857768924189057));
#12065=CARTESIAN_POINT('',(-0.119636321446443,0.114240532307974,-0.000897666313869457));
#12066=CARTESIAN_POINT('',(-0.119394856757429,0.114122009335788,-0.000968844708638353));
#12067=CARTESIAN_POINT('',(-0.119172097422138,0.114013666110233,-0.000999999999999992));
#12068=CARTESIAN_POINT('',(-0.119,0.113929289321881,-0.001));
#12069=CARTESIAN_POINT('',(-0.119,0.,0.001));
#12070=CARTESIAN_POINT('',(-0.119,0.,0.001));
#12071=CARTESIAN_POINT('',(0.12,0.1149,0.095));
#12072=CARTESIAN_POINT('',(0.121,0.1149,0.001));
#12073=CARTESIAN_POINT('',(0.120666666666667,0.1149,0.001));
#12074=CARTESIAN_POINT('',(0.120333333333333,0.1149,0.001));
#12075=CARTESIAN_POINT('',(0.12,0.1149,0.001));
#12076=CARTESIAN_POINT('',(0.12,0.1149,0.001));
#12077=CARTESIAN_POINT('',(0.121,0.1149,0.001));
#12078=CARTESIAN_POINT('',(0.12,0.1149,0.));
#12079=CARTESIAN_POINT('',(0.121,0.1149,0.));
#12080=CARTESIAN_POINT('',(0.12,-0.1149,2.41352831440228E-20));
#12081=CARTESIAN_POINT('',(0.12,-0.1149,2.41352831440225E-20));
#12082=CARTESIAN_POINT('',(0.12,-0.1149,0.001));
#12083=CARTESIAN_POINT('',(0.12,-0.1149,0.001));
#12084=CARTESIAN_POINT('',(0.120333333333333,-0.1149,0.001));
#12085=CARTESIAN_POINT('',(0.120666666666667,-0.1149,0.001));
#12086=CARTESIAN_POINT('',(0.121,-0.1149,0.001));
#12087=CARTESIAN_POINT('',(0.121,-0.1149,0.001));
#12088=CARTESIAN_POINT('',(0.121,-0.1149,2.41352831440225E-20));
#12089=CARTESIAN_POINT('',(0.121,-0.115,0.));
#12090=CARTESIAN_POINT('',(0.121,0.,0.001));
#12091=CARTESIAN_POINT('',(0.12,-0.115,0.));
#12092=CARTESIAN_POINT('',(0.12,0.,0.001));
#12093=CARTESIAN_POINT('',(0.108,0.,0.));
#12094=CARTESIAN_POINT('',(0.108,-0.102929289321881,0.));
#12095=CARTESIAN_POINT('',(0.108,-0.102929289321881,0.));
#12096=CARTESIAN_POINT('',(0.108,-0.102929289321881,-0.001));
#12097=CARTESIAN_POINT('',(0.108,0.,0.));
#12098=CARTESIAN_POINT('',(0.108,0.102929289321881,0.));
#12099=CARTESIAN_POINT('',(0.108,0.102929289321881,0.));
#12100=CARTESIAN_POINT('',(0.108,0.102929289321881,-0.001));
#12101=CARTESIAN_POINT('',(0.108,0.,-0.001));
#12102=CARTESIAN_POINT('',(0.114035355339059,0.108964644660941,0.));
#12103=CARTESIAN_POINT('',(0.0595353553390594,0.0544646446609405,0.));
#12104=CARTESIAN_POINT('',(0.119,0.113929289321882,-2.16840434497101E-19));
#12105=CARTESIAN_POINT('',(0.119,0.113929289321881,0.));
#12106=CARTESIAN_POINT('',(0.119,0.113929289321881,-0.000333333333333333));
#12107=CARTESIAN_POINT('',(0.119,0.113929289321881,-0.000666666666666667));
#12108=CARTESIAN_POINT('',(0.119,0.113929289321881,-0.001));
#12109=CARTESIAN_POINT('',(0.119,0.113929289321881,-0.001));
#12110=CARTESIAN_POINT('',(0.0595353553390594,0.0544646446609405,-0.001));
#12111=CARTESIAN_POINT('',(0.113,0.,0.));
#12112=CARTESIAN_POINT('',(0.113,0.,-0.001));
#12113=CARTESIAN_POINT('',(0.11175,0.,-0.001));
#12114=CARTESIAN_POINT('',(0.113,0.,0.));
#12115=CARTESIAN_POINT('',(0.11175,0.,0.));
#12116=CARTESIAN_POINT('',(0.114035355339059,-0.108964644660941,0.));
#12117=CARTESIAN_POINT('',(0.0595353553390594,-0.0544646446609406,0.));
#12118=CARTESIAN_POINT('',(0.119,-0.113929289321882,-2.16840434497101E-19));
#12119=CARTESIAN_POINT('',(0.0595353553390594,-0.0544646446609406,-0.001));
#12120=CARTESIAN_POINT('',(0.119,-0.113929289321881,-0.001));
#12121=CARTESIAN_POINT('',(0.119,-0.113929289321881,-0.001));
#12122=CARTESIAN_POINT('',(0.119,-0.113929289321881,-0.000666666666666667));
#12123=CARTESIAN_POINT('',(0.119,-0.113929289321881,-0.000333333333333333));
#12124=CARTESIAN_POINT('',(0.119,-0.113929289321881,0.));
#12125=CARTESIAN_POINT('',(0.114,0.,-0.001));
#12126=CARTESIAN_POINT('',(0.119,0.,-0.001));
#12127=CARTESIAN_POINT('',(0.114,0.,0.));
#12128=CARTESIAN_POINT('',(0.119,0.,0.));
#12129=CARTESIAN_POINT('',(0.121,-0.1149,0.00100000000000007));
#12130=CARTESIAN_POINT('',(0.121,-0.114900636616281,0.000870860596145861));
#12131=CARTESIAN_POINT('',(0.120987450783617,-0.114895049257191,0.000740820308354029));
#12132=CARTESIAN_POINT('',(0.120949398468815,-0.114877332148604,0.000548193302121947));
#12133=CARTESIAN_POINT('',(0.120933517237614,-0.114869870440022,0.000484391219443108));
#12134=CARTESIAN_POINT('',(0.120904920915779,-0.114856343868569,0.000389785582509118));
#12135=CARTESIAN_POINT('',(0.120894593578321,-0.114851446009988,0.000358433366813206));
#12136=CARTESIAN_POINT('',(0.120877917097639,-0.114843515719972,0.00031174095185487));
#12137=CARTESIAN_POINT('',(0.12087216072485,-0.114840775039609,0.000296232800788593));
#12138=CARTESIAN_POINT('',(0.120860254516947,-0.114835099178168,0.000265338729387368));
#12139=CARTESIAN_POINT('',(0.120853739797404,-0.114831989626833,0.00024907190049883));
#12140=CARTESIAN_POINT('',(0.120799913205969,-0.114806267076227,0.000119123013438489));
#12141=CARTESIAN_POINT('',(0.120740060814631,-0.114777387976691,5.35278050470664E-6));
#12142=CARTESIAN_POINT('',(0.120631694955134,-0.114725047412225,-0.000158384761577999));
#12143=CARTESIAN_POINT('',(0.120592484779519,-0.114706096904875,-0.000211804538664237));
#12144=CARTESIAN_POINT('',(0.120529062979913,-0.11467541566506,-0.000289606880677578));
#12145=CARTESIAN_POINT('',(0.120507155364309,-0.11466481267199,-0.000315152807281894));
#12146=CARTESIAN_POINT('',(0.12047315363371,-0.114648344312688,-0.000352813520465258));
#12147=CARTESIAN_POINT('',(0.120461629722639,-0.114642760881304,-0.000365257380771636));
#12148=CARTESIAN_POINT('',(0.120444060594567,-0.114634244766803,-0.000383748998078693));
#12149=CARTESIAN_POINT('',(0.120438157011565,-0.114631382567399,-0.000389883840884938));
#12150=CARTESIAN_POINT('',(0.120429231073776,-0.114627054026437,-0.000399041353219731));
#12151=CARTESIAN_POINT('',(0.12042624400084,-0.114625605305807,-0.00040208639864213));
#12152=CARTESIAN_POINT('',(0.120420246377993,-0.114622696117261,-0.000408161370365345));
#12153=CARTESIAN_POINT('',(0.120416822831631,-0.114621035271909,-0.000411604293115055));
#12154=CARTESIAN_POINT('',(0.120330716946118,-0.114579258455917,-0.00049771017862773));
#12155=CARTESIAN_POINT('',(0.120235210090026,-0.114532671148689,-0.000578414002523067));
#12156=CARTESIAN_POINT('',(0.120073007609907,-0.114453675504814,-0.000689064342038967));
#12157=CARTESIAN_POINT('',(0.120015798774813,-0.114425824509683,-0.000724200178725839));
#12158=CARTESIAN_POINT('',(0.119925329663002,-0.114381769346228,-0.000773398817687809));
#12159=CARTESIAN_POINT('',(0.119894398677793,-0.114366704513284,-0.000789213513771372));
#12160=CARTESIAN_POINT('',(0.119846860531797,-0.114343537596177,-0.000811942531610445));
#12161=CARTESIAN_POINT('',(0.11983082430229,-0.11433572034586,-0.000819353333561695));
#12162=CARTESIAN_POINT('',(0.119806488123264,-0.114323852053461,-0.000830206491202252));
#12163=CARTESIAN_POINT('',(0.119798329097573,-0.114319872219842,-0.000833780367798602));
#12164=CARTESIAN_POINT('',(0.119786020598514,-0.114313866865181,-0.000839073561620357));
#12165=CARTESIAN_POINT('',(0.119781906105821,-0.114311859146256,-0.000840826689284638));
#12166=CARTESIAN_POINT('',(0.119775716942092,-0.114308838666811,-0.000843439242374644));
#12167=CARTESIAN_POINT('',(0.119773650983427,-0.114307830356819,-0.00084430723699784));
#12168=CARTESIAN_POINT('',(0.119769513269039,-0.114305810769817,-0.000846037474531024));
#12169=CARTESIAN_POINT('',(0.119766661768016,-0.114304418852316,-0.000847222698519729));
#12170=CARTESIAN_POINT('',(0.119682493054455,-0.11426333105041,-0.000882086521204294));
#12171=CARTESIAN_POINT('',(0.119578128230412,-0.114211895091939,-0.000919088971117279));
#12172=CARTESIAN_POINT('',(0.119323059668725,-0.114087062621804,-0.000978071581188751));
#12173=CARTESIAN_POINT('',(0.119172249857986,-0.114013740847246,-0.001));
#12174=CARTESIAN_POINT('',(0.119,-0.113929289321881,-0.001));
#12175=CARTESIAN_POINT('',(0.12,-0.1149,0.00100000000000003));
#12176=CARTESIAN_POINT('',(0.12,-0.114900636616283,0.000935430297897297));
#12177=CARTESIAN_POINT('',(0.119993725391809,-0.114895049257191,0.000870410154177014));
#12178=CARTESIAN_POINT('',(0.119974699234408,-0.114877332148604,0.000774096651060973));
#12179=CARTESIAN_POINT('',(0.119966758618807,-0.114869870440022,0.000742195609721554));
#12180=CARTESIAN_POINT('',(0.119952460457889,-0.114856343868569,0.000694892791254559));
#12181=CARTESIAN_POINT('',(0.11994729678916,-0.114851446009988,0.000679216683406603));
#12182=CARTESIAN_POINT('',(0.119938958548819,-0.114843515719972,0.000655870475927435));
#12183=CARTESIAN_POINT('',(0.119936080362425,-0.114840775039609,0.000648116400394297));
#12184=CARTESIAN_POINT('',(0.119930127258473,-0.114835099178168,0.000632669364693685));
#12185=CARTESIAN_POINT('',(0.119926869898702,-0.114831989626833,0.000624535950249415));
#12186=CARTESIAN_POINT('',(0.119899956602984,-0.114806267076227,0.000559561506719245));
#12187=CARTESIAN_POINT('',(0.119870030407315,-0.114777387976691,0.000502676390252355));
#12188=CARTESIAN_POINT('',(0.119815847477567,-0.114725047412225,0.000420807619211002));
#12189=CARTESIAN_POINT('',(0.11979624238976,-0.114706096904875,0.000394097730667881));
#12190=CARTESIAN_POINT('',(0.119764531489957,-0.11467541566506,0.000355196559661211));
#12191=CARTESIAN_POINT('',(0.119753577682155,-0.11466481267199,0.000342423596359053));
#12192=CARTESIAN_POINT('',(0.119736576816855,-0.114648344312688,0.000323593239767371));
#12193=CARTESIAN_POINT('',(0.11973081486132,-0.114642760881304,0.000317371309614184));
#12194=CARTESIAN_POINT('',(0.119722030297283,-0.114634244766803,0.000308125500960655));
#12195=CARTESIAN_POINT('',(0.119719078505782,-0.114631382567399,0.000305058079557532));
#12196=CARTESIAN_POINT('',(0.119714615536888,-0.114627054026437,0.000300479323390136));
#12197=CARTESIAN_POINT('',(0.11971312200042,-0.114625605305807,0.000298956800678935));
#12198=CARTESIAN_POINT('',(0.119710123188996,-0.114622696117261,0.000295919314817327));
#12199=CARTESIAN_POINT('',(0.119708411415816,-0.114621035271909,0.000294197853442473));
#12200=CARTESIAN_POINT('',(0.119665358473059,-0.114579258455917,0.000251144910686135));
#12201=CARTESIAN_POINT('',(0.119617605045013,-0.114532671148689,0.000210792998738467));
#12202=CARTESIAN_POINT('',(0.119536503804953,-0.114453675504814,0.000155467828980517));
#12203=CARTESIAN_POINT('',(0.119507899387407,-0.114425824509683,0.00013789991063708));
#12204=CARTESIAN_POINT('',(0.119462664831501,-0.114381769346228,0.000113300591156095));
#12205=CARTESIAN_POINT('',(0.119447199338897,-0.114366704513284,0.000105393243114313));
#12206=CARTESIAN_POINT('',(0.119423430265899,-0.114343537596177,9.40287341947764E-5));
#12207=CARTESIAN_POINT('',(0.119415412151145,-0.11433572034586,9.03233332191519E-5));
#12208=CARTESIAN_POINT('',(0.119403244061632,-0.114323852053461,8.48967543988737E-5));
#12209=CARTESIAN_POINT('',(0.119399164548787,-0.114319872219842,8.31098161007E-5));
#12210=CARTESIAN_POINT('',(0.119393010299257,-0.114313866865181,8.04632191898223E-5));
#12211=CARTESIAN_POINT('',(0.119390953052911,-0.114311859146256,7.95866553576811E-5));
#12212=CARTESIAN_POINT('',(0.119387858471046,-0.114308838666811,7.82803788126784E-5));
#12213=CARTESIAN_POINT('',(0.119386825491714,-0.114307830356819,7.78463815010804E-5));
#12214=CARTESIAN_POINT('',(0.11938475663452,-0.114305810769817,7.69812627344883E-5));
#12215=CARTESIAN_POINT('',(0.119383330884008,-0.114304418852316,7.63886507401355E-5));
#12216=CARTESIAN_POINT('',(0.119341246527227,-0.11426333105041,5.89567393978526E-5));
#12217=CARTESIAN_POINT('',(0.119289064115206,-0.114211895091939,4.04555144413594E-5));
#12218=CARTESIAN_POINT('',(0.119161529834362,-0.114087062621804,1.09642094056238E-5));
#12219=CARTESIAN_POINT('',(0.119086096907972,-0.114013713370673,1.17695619842436E-18));
#12220=CARTESIAN_POINT('',(0.119,-0.113929289321881,-4.33680868994202E-19));
#12221=CARTESIAN_POINT('',(0.12,-0.1149,0.00100000000000003));
#12222=CARTESIAN_POINT('',(0.12,-0.11490127328007,0.000870855777524527));
#12223=CARTESIAN_POINT('',(0.119957962457032,-0.114862144290894,0.00066833832723725));
#12224=CARTESIAN_POINT('',(0.119841701169148,-0.114750063118782,0.00044776723166793));
#12225=CARTESIAN_POINT('',(0.119707748913246,-0.114620589129286,0.00028431877733208));
#12226=CARTESIAN_POINT('',(0.11959291137303,-0.114508595030548,0.000190983939459268));
#12227=CARTESIAN_POINT('',(0.119481822400818,-0.114400433277475,0.000121093810206402));
#12228=CARTESIAN_POINT('',(0.11937402936757,-0.1142954387021,7.11155379268759E-5));
#12229=CARTESIAN_POINT('',(0.119318160723093,-0.114240532307842,5.1166843018387E-5));
#12230=CARTESIAN_POINT('',(0.119197428378561,-0.114122009335635,1.55776456512519E-5));
#12231=CARTESIAN_POINT('',(0.119086048710974,-0.11401366611014,9.21000826186326E-19));
#12232=CARTESIAN_POINT('',(0.119,-0.113929289321881,-6.50521303491303E-19));
#12233=CARTESIAN_POINT('',(0.121,-0.1149,0.00100000000000007));
#12234=CARTESIAN_POINT('',(0.121,-0.11490127328007,0.000741711555049054));
#12235=CARTESIAN_POINT('',(0.120915924914063,-0.114862144290894,0.0003366766544745));
#12236=CARTESIAN_POINT('',(0.120683402338296,-0.114750063118782,-0.000104465536664141));
#12237=CARTESIAN_POINT('',(0.120415497826493,-0.114620589129286,-0.000431362445335841));
#12238=CARTESIAN_POINT('',(0.120185822746059,-0.114508595030548,-0.000618032121081464));
#12239=CARTESIAN_POINT('',(0.119963644801635,-0.114400433277475,-0.000757812379587196));
#12240=CARTESIAN_POINT('',(0.11974805873514,-0.1142954387021,-0.000857768924146249));
#12241=CARTESIAN_POINT('',(0.119636321446186,-0.114240532307842,-0.000897666313963226));
#12242=CARTESIAN_POINT('',(0.119394856757121,-0.114122009335635,-0.000968844708697496));
#12243=CARTESIAN_POINT('',(0.119172097421948,-0.11401366611014,-0.000999999999999998));
#12244=CARTESIAN_POINT('',(0.119,-0.113929289321881,-0.001));
#12245=CARTESIAN_POINT('',(0.119,0.113929289321881,-0.001));
#12246=CARTESIAN_POINT('',(0.119171848812085,0.114013544220448,-0.001));
#12247=CARTESIAN_POINT('',(0.119322467312628,0.114086768986096,-0.000978168234036128));
#12248=CARTESIAN_POINT('',(0.119513781972253,0.114180393338697,-0.000933988564457681));
#12249=CARTESIAN_POINT('',(0.11957184530122,0.114208880856724,-0.00091730162982144));
#12250=CARTESIAN_POINT('',(0.119650579133922,0.114247531234505,-0.000891430658936801));
#12251=CARTESIAN_POINT('',(0.119675433250377,0.114259734543889,-0.000882662659796322));
#12252=CARTESIAN_POINT('',(0.119710674577495,0.114277019283149,-0.000869518343445456));
#12253=CARTESIAN_POINT('',(0.119722081820958,0.114282610825433,-0.000865137919015926));
#12254=CARTESIAN_POINT('',(0.119738689425545,0.114290743082656,-0.000858594451693235));
#12255=CARTESIAN_POINT('',(0.119744141421567,0.114293411325696,-0.000856417807733998));
#12256=CARTESIAN_POINT('',(0.119752194460662,0.114297349926206,-0.000853162668626426));
#12257=CARTESIAN_POINT('',(0.119754857981426,0.1142986521657,-0.000852079259046823));
#12258=CARTESIAN_POINT('',(0.119758822132681,0.11430058958393,-0.000850456973137197));
#12259=CARTESIAN_POINT('',(0.119760138328129,0.114301232733171,-0.000849916682514147));
#12260=CARTESIAN_POINT('',(0.119762760360641,0.114302513717982,-0.000848837105417814));
#12261=CARTESIAN_POINT('',(0.119763299653086,0.11430277721267,-0.000848615332122098));
#12262=CARTESIAN_POINT('',(0.119897668409996,0.114368395987753,-0.000792957970650502));
#12263=CARTESIAN_POINT('',(0.120018273160158,0.114427032496778,-0.000726341362872892));
#12264=CARTESIAN_POINT('',(0.120180518381799,0.114506028140653,-0.000615753704220059));
#12265=CARTESIAN_POINT('',(0.120231513829096,0.114530866835335,-0.000577106284733546));
#12266=CARTESIAN_POINT('',(0.120303425256043,0.114565885097441,-0.000517252529429577));
#12267=CARTESIAN_POINT('',(0.120326633251441,0.114577184554824,-0.000496986801454759));
#12268=CARTESIAN_POINT('',(0.12036031689607,0.11459357379592,-0.000466209145775957));
#12269=CARTESIAN_POINT('',(0.120371356780113,0.114598943552122,-0.000455886701741297));
#12270=CARTESIAN_POINT('',(0.1203876370498,0.11460685820018,-0.000440319337747769));
#12271=CARTESIAN_POINT('',(0.120393017217088,0.114609473085158,-0.000435116263657697));
#12272=CARTESIAN_POINT('',(0.120401017919366,0.114613360416065,-0.000427292087816564));
#12273=CARTESIAN_POINT('',(0.12040367322889,0.114614650360274,-0.000424680768222379));
#12274=CARTESIAN_POINT('',(0.120408960723775,0.114617218583171,-0.000419451832118106));
#12275=CARTESIAN_POINT('',(0.120411202891999,0.114618307490861,-0.000417224232747332));
#12276=CARTESIAN_POINT('',(0.12051055501435,0.114666547449449,-0.000317872110395815));
#12277=CARTESIAN_POINT('',(0.120595095505959,0.114707383375103,-0.00021359179987855));
#12278=CARTESIAN_POINT('',(0.120703525797388,0.114759723939569,-4.98969187968302E-5));
#12279=CARTESIAN_POINT('',(0.120736618138564,0.114775685240389,5.88335304096519E-6));
#12280=CARTESIAN_POINT('',(0.120781696741584,0.114797398860616,9.0833162852828E-5));
#12281=CARTESIAN_POINT('',(0.120795963612888,0.114804265345525,0.0001193632978851));
#12282=CARTESIAN_POINT('',(0.120816232605002,0.114814007990136,0.000162413765926297));
#12283=CARTESIAN_POINT('',(0.120822800420386,0.114817162691215,0.000176806487654853));
#12284=CARTESIAN_POINT('',(0.120835560733347,0.114823286399122,0.000205666489740345));
#12285=CARTESIAN_POINT('',(0.12084142656075,0.114826098965305,0.000219345117572069));
#12286=CARTESIAN_POINT('',(0.120949079133378,0.114877653171236,0.000479241418435123));
#12287=CARTESIAN_POINT('',(0.121,0.114901275799375,0.000741200507036776));
#12288=CARTESIAN_POINT('',(0.121,0.1149,0.00100000000000009));
#12289=CARTESIAN_POINT('',(0.119,0.113929289321881,-2.16840434497101E-19));
#12290=CARTESIAN_POINT('',(0.119085896711081,0.114013517063599,5.0377438671604E-18));
#12291=CARTESIAN_POINT('',(0.119161233656314,0.114086768986096,1.09158829819359E-5));
#12292=CARTESIAN_POINT('',(0.119256890986127,0.114180393338697,3.30057177711598E-5));
#12293=CARTESIAN_POINT('',(0.11928592265061,0.114208880856724,4.13491850892804E-5));
#12294=CARTESIAN_POINT('',(0.119325289566961,0.114247531234505,5.42846705316001E-5));
#12295=CARTESIAN_POINT('',(0.119337716625189,0.114259734543889,5.86686701018379E-5));
#12296=CARTESIAN_POINT('',(0.119355337288747,0.114277019283149,6.52408282772713E-5));
#12297=CARTESIAN_POINT('',(0.119361040910479,0.114282610825433,6.74310404920371E-5));
#12298=CARTESIAN_POINT('',(0.119369344712773,0.114290743082656,7.07027741533825E-5));
#12299=CARTESIAN_POINT('',(0.119372070710784,0.114293411325696,7.17910961330008E-5));
#12300=CARTESIAN_POINT('',(0.119376097230331,0.114297349926206,7.34186656867865E-5));
#12301=CARTESIAN_POINT('',(0.119377428990713,0.1142986521657,7.39603704765877E-5));
#12302=CARTESIAN_POINT('',(0.11937941106634,0.11430058958393,7.47715134314007E-5));
#12303=CARTESIAN_POINT('',(0.119380069164065,0.114301232733171,7.50416587429257E-5));
#12304=CARTESIAN_POINT('',(0.119381380180321,0.114302513717982,7.55814472910918E-5));
#12305=CARTESIAN_POINT('',(0.119381649826543,0.11430277721267,7.56923339389504E-5));
#12306=CARTESIAN_POINT('',(0.119448834204998,0.114368395987753,0.000103521014674748));
#12307=CARTESIAN_POINT('',(0.119509136580079,0.114427032496778,0.000136829318563553));
#12308=CARTESIAN_POINT('',(0.119590259190899,0.114506028140653,0.000192123147889969));
#12309=CARTESIAN_POINT('',(0.119615756914548,0.114530866835335,0.000211446857633228));
#12310=CARTESIAN_POINT('',(0.119651712628021,0.114565885097441,0.000241373735285213));
#12311=CARTESIAN_POINT('',(0.11966331662572,0.114577184554824,0.000251506599272621));
#12312=CARTESIAN_POINT('',(0.119680158448035,0.11459357379592,0.000266895427112022));
#12313=CARTESIAN_POINT('',(0.119685678390056,0.114598943552122,0.000272056649129352));
#12314=CARTESIAN_POINT('',(0.1196938185249,0.11460685820018,0.000279840331126116));
#12315=CARTESIAN_POINT('',(0.119696508608544,0.114609473085158,0.000282441868171151));
#12316=CARTESIAN_POINT('',(0.119700508959683,0.114613360416065,0.000286353956091718));
#12317=CARTESIAN_POINT('',(0.119701836614445,0.114614650360274,0.000287659615888809));
#12318=CARTESIAN_POINT('',(0.119704480361887,0.114617218583171,0.000290274083940946));
#12319=CARTESIAN_POINT('',(0.119705601445999,0.114618307490861,0.000291387883626334));
#12320=CARTESIAN_POINT('',(0.119755277507175,0.114666547449449,0.000341063944802093));
#12321=CARTESIAN_POINT('',(0.11979754775298,0.114707383375103,0.000393204100060724));
#12322=CARTESIAN_POINT('',(0.119851762898694,0.114759723939569,0.000475051540601584));
#12323=CARTESIAN_POINT('',(0.119868309069282,0.114775685240389,0.000502941676520482));
#12324=CARTESIAN_POINT('',(0.119890848370792,0.114797398860616,0.000545416581426414));
#12325=CARTESIAN_POINT('',(0.119897981806444,0.114804265345525,0.000559681648942551));
#12326=CARTESIAN_POINT('',(0.119908116302501,0.114814007990136,0.000581206882963149));
#12327=CARTESIAN_POINT('',(0.119911400210193,0.114817162691215,0.000588403243827426));
#12328=CARTESIAN_POINT('',(0.119917780366674,0.114823286399122,0.000602833244870173));
#12329=CARTESIAN_POINT('',(0.119920713280375,0.114826098965305,0.000609672558786035));
#12330=CARTESIAN_POINT('',(0.119974539566689,0.114877653171236,0.000739620709217562));
#12331=CARTESIAN_POINT('',(0.12,0.114901275799388,0.000870600252163034));
#12332=CARTESIAN_POINT('',(0.12,0.1149,0.00100000000000004));
#12333=CARTESIAN_POINT('',(0.119,0.113929289321881,-6.50521303491303E-19));
#12334=CARTESIAN_POINT('',(0.119085849074916,0.114013470353002,4.61068009920498E-18));
#12335=CARTESIAN_POINT('',(0.119197111898835,0.114121693791663,1.5518665336352E-5));
#12336=CARTESIAN_POINT('',(0.11931787943887,0.114240242559718,5.10628762969991E-5));
#12337=CARTESIAN_POINT('',(0.119374182029739,0.114295585428918,7.11808290404479E-5));
#12338=CARTESIAN_POINT('',(0.119481493036365,0.114400136118325,0.000120936612473599));
#12339=CARTESIAN_POINT('',(0.119592537427107,0.114508216536173,0.000190680410499115));
#12340=CARTESIAN_POINT('',(0.119707972783601,0.114620814473241,0.000284571314857421));
#12341=CARTESIAN_POINT('',(0.119841299196906,0.114749661005003,0.000447171823823733));
#12342=CARTESIAN_POINT('',(0.119958203640377,0.114862385018639,0.000668750395225993));
#12343=CARTESIAN_POINT('',(0.12,0.114901275982684,0.000870581661113368));
#12344=CARTESIAN_POINT('',(0.12,0.1149,0.00100000000000005));
#12345=CARTESIAN_POINT('',(0.119,0.113929289321881,-0.001));
#12346=CARTESIAN_POINT('',(0.119171698149831,0.114013470353002,-0.000999999999999991));
#12347=CARTESIAN_POINT('',(0.11939422379767,0.114121693791663,-0.000968962669327296));
#12348=CARTESIAN_POINT('',(0.11963575887774,0.114240242559718,-0.000897874247406002));
#12349=CARTESIAN_POINT('',(0.119748364059478,0.114295585428918,-0.000857638341919104));
#12350=CARTESIAN_POINT('',(0.11996298607273,0.114400136118325,-0.000758126775052802));
#12351=CARTESIAN_POINT('',(0.120185074854214,0.114508216536173,-0.000618639179001771));
#12352=CARTESIAN_POINT('',(0.120415945567203,0.114620814473241,-0.000430857370285157));
#12353=CARTESIAN_POINT('',(0.120682598393812,0.114749661005003,-0.000105656352352534));
#12354=CARTESIAN_POINT('',(0.120916407280753,0.114862385018639,0.000337500790451986));
#12355=CARTESIAN_POINT('',(0.121,0.114901275982684,0.000741163322226737));
#12356=CARTESIAN_POINT('',(0.121,0.1149,0.00100000000000009));
#12357=CARTESIAN_POINT('',(0.119,0.,0.001));
#12358=CARTESIAN_POINT('',(0.119,0.,0.001));
#12359=CARTESIAN_POINT('',(0.,0.,0.));
#12360=CARTESIAN_POINT('',(-0.0223,-0.176694004511884,0.171417287955599));
#12361=CARTESIAN_POINT('',(-6.87516809800946E-17,-0.176694004511884,0.171417287955599));
#12362=CARTESIAN_POINT('',(-0.0208,-0.176694004511884,0.171417287955599));
#12363=CARTESIAN_POINT('',(0.0208,-0.176694004511884,0.171417287955599));
#12364=CARTESIAN_POINT('',(-0.0208,-0.176694004511884,0.171417287955599));
#12365=CARTESIAN_POINT('',(-0.0208,-0.165660393859941,0.138201938552329));
#12366=CARTESIAN_POINT('',(-0.0223,-0.165660393859941,0.138201938552329));
#12367=CARTESIAN_POINT('',(0.0208,-0.165660393859941,0.138201938552329));
#12368=CARTESIAN_POINT('',(0.0208,-0.176694004511884,0.171417287955599));
#12369=CARTESIAN_POINT('',(-6.87516809800946E-17,-0.155531081892086,0.17844727417098));
#12370=CARTESIAN_POINT('',(0.0208,-0.175270489537458,0.17189015698354));
#12371=CARTESIAN_POINT('',(0.0223,-0.175270489537458,0.17189015698354));
#12372=CARTESIAN_POINT('',(0.0223,-0.155531081892086,0.17844727417098));
#12373=CARTESIAN_POINT('',(0.0223,-0.135791674246714,0.18500439135842));
#12374=CARTESIAN_POINT('',(0.0208,-0.135791674246714,0.18500439135842));
#12375=CARTESIAN_POINT('',(0.0208,-0.134368159272288,0.185477260386361));
#12376=CARTESIAN_POINT('',(-6.87516809800946E-17,-0.134368159272288,0.185477260386361));
#12377=CARTESIAN_POINT('',(-0.0208,-0.134368159272288,0.185477260386361));
#12378=CARTESIAN_POINT('',(-0.0208,-0.135791674246714,0.18500439135842));
#12379=CARTESIAN_POINT('',(-0.0223,-0.135791674246714,0.18500439135842));
#12380=CARTESIAN_POINT('',(-0.0223,-0.155531081892086,0.17844727417098));
#12381=CARTESIAN_POINT('',(-0.0223,-0.175270489537458,0.17189015698354));
#12382=CARTESIAN_POINT('',(-0.0208,-0.175270489537458,0.17189015698354));
#12383=CARTESIAN_POINT('',(-0.0208,-0.175270489537458,0.17189015698354));
#12384=CARTESIAN_POINT('',(-0.0223,-0.175270489537458,0.17189015698354));
#12385=CARTESIAN_POINT('',(-0.0223,-0.164236878885515,0.138674807580269));
#12386=CARTESIAN_POINT('',(-0.0208,-0.164236878885515,0.138674807580269));
#12387=CARTESIAN_POINT('',(0.0208,-0.175270489537458,0.17189015698354));
#12388=CARTESIAN_POINT('',(0.0208,-0.164236878885515,0.138674807580269));
#12389=CARTESIAN_POINT('',(0.0223,-0.164236878885515,0.138674807580269));
#12390=CARTESIAN_POINT('',(0.0223,-0.175270489537458,0.17189015698354));
#12391=CARTESIAN_POINT('',(-6.87516809800946E-17,-0.144497471240143,0.14523192476771));
#12392=CARTESIAN_POINT('',(-0.0223,-0.123334548620345,0.152261910983091));
#12393=CARTESIAN_POINT('',(-0.0223,-0.124758063594771,0.15178904195515));
#12394=CARTESIAN_POINT('',(-0.0208,-0.124758063594771,0.15178904195515));
#12395=CARTESIAN_POINT('',(-0.0208,-0.123334548620345,0.152261910983091));
#12396=CARTESIAN_POINT('',(0.0223,-0.123334548620345,0.152261910983091));
#12397=CARTESIAN_POINT('',(0.0208,-0.123334548620345,0.152261910983091));
#12398=CARTESIAN_POINT('',(0.0208,-0.124758063594771,0.15178904195515));
#12399=CARTESIAN_POINT('',(0.0223,-0.124758063594771,0.15178904195515));
#12400=CARTESIAN_POINT('',(0.0223,-0.165660393859941,0.138201938552329));
#12401=CARTESIAN_POINT('',(-0.0223,-0.134368159272288,0.185477260386361));
#12402=CARTESIAN_POINT('',(-0.0223,-0.135791674246714,0.18500439135842));
#12403=CARTESIAN_POINT('',(0.0223,-0.176694004511884,0.171417287955599));
#12404=CARTESIAN_POINT('',(0.0223,-0.135791674246714,0.18500439135842));
#12405=CARTESIAN_POINT('',(-0.0208,-0.135791674246714,0.18500439135842));
#12406=CARTESIAN_POINT('',(-0.0208,-0.134368159272288,0.185477260386361));
#12407=CARTESIAN_POINT('',(0.0208,-0.135791674246714,0.18500439135842));
#12408=CARTESIAN_POINT('',(0.0208,-0.134368159272288,0.185477260386361));
#12409=CARTESIAN_POINT('',(0.0223,-0.134368159272288,0.185477260386361));
#12410=CARTESIAN_POINT('',(0.,0.,0.));
#12411=CARTESIAN_POINT('',(0.12,-0.00199999999999994,0.00029295689310754));
#12412=CARTESIAN_POINT('',(0.121,-0.156003429042151,0.00029295689310754));
#12413=CARTESIAN_POINT('',(0.120666666666667,-0.156003429042151,0.00029295689310754));
#12414=CARTESIAN_POINT('',(0.120333333333333,-0.156003429042151,0.00029295689310754));
#12415=CARTESIAN_POINT('',(0.12,-0.156003429042151,0.00029295689310754));
#12416=CARTESIAN_POINT('',(0.12,-0.156003429042152,0.00029295689310754));
#12417=CARTESIAN_POINT('',(0.121,-0.156003429042152,0.00029295689310754));
#12418=CARTESIAN_POINT('',(0.12,-0.00199999999999994,0.00029295689310754));
#12419=CARTESIAN_POINT('',(0.12,-0.118,0.00029295689310754));
#12420=CARTESIAN_POINT('',(0.12,-0.118,0.000292956893107543));
#12421=CARTESIAN_POINT('',(0.121,-0.118,0.000292956893107543));
#12422=CARTESIAN_POINT('',(0.121,-0.00199999999999994,0.00029295689310754));
#12423=CARTESIAN_POINT('',(0.12,-0.118,0.00019295689310754));
#12424=CARTESIAN_POINT('',(0.12,-0.118,0.189147213379058));
#12425=CARTESIAN_POINT('',(0.12,-0.118,0.189147213379058));
#12426=CARTESIAN_POINT('',(0.121,-0.118,0.189147213379058));
#12427=CARTESIAN_POINT('',(0.12,-0.118,0.00019295689310754));
#12428=CARTESIAN_POINT('',(0.12,-0.118,0.1897553998325));
#12429=CARTESIAN_POINT('',(0.12,-0.118,0.1897553998325));
#12430=CARTESIAN_POINT('',(0.121,-0.118,0.1897553998325));
#12431=CARTESIAN_POINT('',(0.121,-0.118,0.00019295689310754));
#12432=CARTESIAN_POINT('',(0.12,-0.124,0.165640204164528));
#12433=CARTESIAN_POINT('',(0.12,-0.123414870107851,0.166451143748785));
#12434=CARTESIAN_POINT('',(0.12,-0.123414870107851,0.166451143748785));
#12435=CARTESIAN_POINT('',(0.121,-0.123414870107851,0.166451143748785));
#12436=CARTESIAN_POINT('',(0.12,-0.124,0.165640204164528));
#12437=CARTESIAN_POINT('',(0.12,-0.124585129892149,0.164829264580272));
#12438=CARTESIAN_POINT('',(0.12,-0.124585129892149,0.164829264580272));
#12439=CARTESIAN_POINT('',(0.121,-0.124585129892149,0.164829264580272));
#12440=CARTESIAN_POINT('',(0.121,-0.124,0.165640204164528));
#12441=CARTESIAN_POINT('',(0.12,-0.0414762241708191,0.104862399001786));
#12442=CARTESIAN_POINT('',(0.12,-0.0414762241708191,0.104862399001786));
#12443=CARTESIAN_POINT('',(0.12,-0.138679215210099,0.174998789884181));
#12444=CARTESIAN_POINT('',(0.12,-0.138679215210099,0.174998789884181));
#12445=CARTESIAN_POINT('',(0.121,-0.138679215210099,0.174998789884181));
#12446=CARTESIAN_POINT('',(0.121,-0.0414762241708191,0.104862399001786));
#12447=CARTESIAN_POINT('',(0.12,-0.13809408531795,0.175809729468437));
#12448=CARTESIAN_POINT('',(0.12,-0.13809408531795,0.175809729468437));
#12449=CARTESIAN_POINT('',(0.12,-0.137508955425801,0.176620669052693));
#12450=CARTESIAN_POINT('',(0.12,-0.137508955425801,0.176620669052693));
#12451=CARTESIAN_POINT('',(0.121,-0.137508955425801,0.176620669052693));
#12452=CARTESIAN_POINT('',(0.121,-0.13809408531795,0.175809729468437));
#12453=CARTESIAN_POINT('',(0.12,-0.124,0.147143141878736));
#12454=CARTESIAN_POINT('',(0.12,-0.123414870107851,0.147954081462992));
#12455=CARTESIAN_POINT('',(0.12,-0.123414870107851,0.147954081462992));
#12456=CARTESIAN_POINT('',(0.121,-0.123414870107851,0.147954081462992));
#12457=CARTESIAN_POINT('',(0.12,-0.124,0.147143141878736));
#12458=CARTESIAN_POINT('',(0.12,-0.124585129892149,0.14633220229448));
#12459=CARTESIAN_POINT('',(0.12,-0.124585129892149,0.14633220229448));
#12460=CARTESIAN_POINT('',(0.121,-0.124585129892149,0.14633220229448));
#12461=CARTESIAN_POINT('',(0.121,-0.124,0.147143141878736));
#12462=CARTESIAN_POINT('',(0.12,-0.050253172553057,0.0926983052379449));
#12463=CARTESIAN_POINT('',(0.12,-0.050253172553057,0.0926983052379449));
#12464=CARTESIAN_POINT('',(0.12,-0.156233111974575,0.16916766464229));
#12465=CARTESIAN_POINT('',(0.12,-0.156233111974575,0.16916766464229));
#12466=CARTESIAN_POINT('',(0.121,-0.156233111974575,0.16916766464229));
#12467=CARTESIAN_POINT('',(0.121,-0.050253172553057,0.0926983052379449));
#12468=CARTESIAN_POINT('',(0.12,-0.155647982082426,0.169978604226546));
#12469=CARTESIAN_POINT('',(0.12,-0.155647982082426,0.169978604226546));
#12470=CARTESIAN_POINT('',(0.12,-0.155062852190277,0.170789543810802));
#12471=CARTESIAN_POINT('',(0.12,-0.155062852190277,0.170789543810802));
#12472=CARTESIAN_POINT('',(0.121,-0.155062852190277,0.170789543810802));
#12473=CARTESIAN_POINT('',(0.121,-0.155647982082426,0.169978604226546));
#12474=CARTESIAN_POINT('',(0.12,-0.124,0.171805891593126));
#12475=CARTESIAN_POINT('',(0.12,-0.123414870107851,0.172616831177382));
#12476=CARTESIAN_POINT('',(0.12,-0.123414870107851,0.172616831177382));
#12477=CARTESIAN_POINT('',(0.121,-0.123414870107851,0.172616831177382));
#12478=CARTESIAN_POINT('',(0.12,-0.124,0.171805891593126));
#12479=CARTESIAN_POINT('',(0.12,-0.124585129892149,0.17099495200887));
#12480=CARTESIAN_POINT('',(0.12,-0.124585129892149,0.17099495200887));
#12481=CARTESIAN_POINT('',(0.121,-0.124585129892149,0.17099495200887));
#12482=CARTESIAN_POINT('',(0.121,-0.124,0.171805891593126));
#12483=CARTESIAN_POINT('',(0.12,-0.0385505747100731,0.108917096923067));
#12484=CARTESIAN_POINT('',(0.12,-0.0385505747100731,0.108917096923067));
#12485=CARTESIAN_POINT('',(0.12,-0.132827916288607,0.176942498298144));
#12486=CARTESIAN_POINT('',(0.12,-0.132827916288607,0.176942498298144));
#12487=CARTESIAN_POINT('',(0.121,-0.132827916288607,0.176942498298144));
#12488=CARTESIAN_POINT('',(0.121,-0.0385505747100731,0.108917096923067));
#12489=CARTESIAN_POINT('',(0.12,-0.132242786396458,0.177753437882401));
#12490=CARTESIAN_POINT('',(0.12,-0.132242786396458,0.177753437882401));
#12491=CARTESIAN_POINT('',(0.12,-0.131657656504309,0.178564377466657));
#12492=CARTESIAN_POINT('',(0.12,-0.131657656504309,0.178564377466657));
#12493=CARTESIAN_POINT('',(0.121,-0.131657656504309,0.178564377466657));
#12494=CARTESIAN_POINT('',(0.121,-0.132242786396458,0.177753437882401));
#12495=CARTESIAN_POINT('',(0.12,-0.124,0.159474516735931));
#12496=CARTESIAN_POINT('',(0.12,-0.123414870107851,0.160285456320187));
#12497=CARTESIAN_POINT('',(0.12,-0.123414870107851,0.160285456320187));
#12498=CARTESIAN_POINT('',(0.121,-0.123414870107851,0.160285456320187));
#12499=CARTESIAN_POINT('',(0.12,-0.124,0.159474516735931));
#12500=CARTESIAN_POINT('',(0.12,-0.124585129892149,0.158663577151675));
#12501=CARTESIAN_POINT('',(0.12,-0.124585129892149,0.158663577151675));
#12502=CARTESIAN_POINT('',(0.121,-0.124585129892149,0.158663577151675));
#12503=CARTESIAN_POINT('',(0.121,-0.124,0.159474516735931));
#12504=CARTESIAN_POINT('',(0.12,-0.0444018736315651,0.100807701080506));
#12505=CARTESIAN_POINT('',(0.12,-0.0444018736315651,0.100807701080506));
#12506=CARTESIAN_POINT('',(0.12,-0.144530514131591,0.173055081470218));
#12507=CARTESIAN_POINT('',(0.12,-0.144530514131591,0.173055081470218));
#12508=CARTESIAN_POINT('',(0.121,-0.144530514131591,0.173055081470218));
#12509=CARTESIAN_POINT('',(0.121,-0.0444018736315651,0.100807701080506));
#12510=CARTESIAN_POINT('',(0.12,-0.143945384239442,0.173866021054474));
#12511=CARTESIAN_POINT('',(0.12,-0.143945384239442,0.173866021054474));
#12512=CARTESIAN_POINT('',(0.12,-0.143360254347293,0.174676960638729));
#12513=CARTESIAN_POINT('',(0.12,-0.143360254347293,0.174676960638729));
#12514=CARTESIAN_POINT('',(0.121,-0.143360254347293,0.174676960638729));
#12515=CARTESIAN_POINT('',(0.121,-0.143945384239442,0.173866021054474));
#12516=CARTESIAN_POINT('',(0.12,-0.124,0.153308829307333));
#12517=CARTESIAN_POINT('',(0.12,-0.123414870107851,0.15411976889159));
#12518=CARTESIAN_POINT('',(0.12,-0.123414870107851,0.15411976889159));
#12519=CARTESIAN_POINT('',(0.121,-0.123414870107851,0.15411976889159));
#12520=CARTESIAN_POINT('',(0.12,-0.124,0.153308829307333));
#12521=CARTESIAN_POINT('',(0.12,-0.124585129892149,0.152497889723078));
#12522=CARTESIAN_POINT('',(0.12,-0.124585129892149,0.152497889723078));
#12523=CARTESIAN_POINT('',(0.121,-0.124585129892149,0.152497889723078));
#12524=CARTESIAN_POINT('',(0.121,-0.124,0.153308829307333));
#12525=CARTESIAN_POINT('',(0.12,-0.047327523092311,0.0967530031592255));
#12526=CARTESIAN_POINT('',(0.12,-0.047327523092311,0.0967530031592255));
#12527=CARTESIAN_POINT('',(0.12,-0.150381813053083,0.171111373056254));
#12528=CARTESIAN_POINT('',(0.12,-0.150381813053083,0.171111373056254));
#12529=CARTESIAN_POINT('',(0.121,-0.150381813053083,0.171111373056254));
#12530=CARTESIAN_POINT('',(0.121,-0.047327523092311,0.0967530031592255));
#12531=CARTESIAN_POINT('',(0.12,-0.149796683160934,0.17192231264051));
#12532=CARTESIAN_POINT('',(0.12,-0.149796683160934,0.17192231264051));
#12533=CARTESIAN_POINT('',(0.12,-0.149211553268785,0.172733252224766));
#12534=CARTESIAN_POINT('',(0.12,-0.149211553268785,0.172733252224766));
#12535=CARTESIAN_POINT('',(0.121,-0.149211553268785,0.172733252224766));
#12536=CARTESIAN_POINT('',(0.121,-0.149796683160934,0.17192231264051));
#12537=CARTESIAN_POINT('',(0.12,-0.0461572633080126,0.0983748823277376));
#12538=CARTESIAN_POINT('',(0.12,-0.0461572633080126,0.0983748823277376));
#12539=CARTESIAN_POINT('',(0.121,-0.0461572633080126,0.0983748823277376));
#12540=CARTESIAN_POINT('',(0.12,-0.0432316138472666,0.102429580249018));
#12541=CARTESIAN_POINT('',(0.12,-0.0432316138472666,0.102429580249018));
#12542=CARTESIAN_POINT('',(0.121,-0.0432316138472666,0.102429580249018));
#12543=CARTESIAN_POINT('',(0.12,-0.0373803149257748,0.110538976091579));
#12544=CARTESIAN_POINT('',(0.12,-0.0373803149257748,0.110538976091579));
#12545=CARTESIAN_POINT('',(0.121,-0.0373803149257748,0.110538976091579));
#12546=CARTESIAN_POINT('',(0.12,-0.0490829127687586,0.0943201844064571));
#12547=CARTESIAN_POINT('',(0.12,-0.0490829127687586,0.0943201844064571));
#12548=CARTESIAN_POINT('',(0.121,-0.0490829127687586,0.0943201844064571));
#12549=CARTESIAN_POINT('',(0.12,-0.0403059643865206,0.106484278170299));
#12550=CARTESIAN_POINT('',(0.12,-0.0403059643865206,0.106484278170299));
#12551=CARTESIAN_POINT('',(0.121,-0.0403059643865206,0.106484278170299));
#12552=CARTESIAN_POINT('',(0.12,-0.150183824801408,0.17906444524287));
#12553=CARTESIAN_POINT('',(0.12,-0.173811082962992,0.171215845965386));
#12554=CARTESIAN_POINT('',(0.12,-0.182452924467465,0.168345163699832));
#12555=CARTESIAN_POINT('',(0.12,-0.182452924467465,0.168345163699832));
#12556=CARTESIAN_POINT('',(0.120333333333333,-0.182452924467465,0.168345163699832));
#12557=CARTESIAN_POINT('',(0.120666666666667,-0.182452924467465,0.168345163699832));
#12558=CARTESIAN_POINT('',(0.121,-0.182452924467465,0.168345163699832));
#12559=CARTESIAN_POINT('',(0.121,-0.182452924467465,0.168345163699832));
#12560=CARTESIAN_POINT('',(0.121,-0.173811082962992,0.171215845965386));
#12561=CARTESIAN_POINT('',(0.121,-0.117,0.00019295689310754));
#12562=CARTESIAN_POINT('',(0.121,-0.169227509528588,0.0843148209400265));
#12563=CARTESIAN_POINT('',(0.121,-0.118,0.0947200851360825));
#12564=CARTESIAN_POINT('',(0.12,-0.117,0.00019295689310754));
#12565=CARTESIAN_POINT('',(0.12,-0.118,0.0947200851360825));
#12566=CARTESIAN_POINT('',(0.12,-0.169227509528588,0.0843148209400265));
#12567=CARTESIAN_POINT('',(0.104,-0.117,0.0874359137862151));
#12568=CARTESIAN_POINT('',(0.104,-0.117,0.000292956893107543));
#12569=CARTESIAN_POINT('',(0.104,-0.117,0.000292956893107543));
#12570=CARTESIAN_POINT('',(0.104,-0.116,0.000292956893107543));
#12571=CARTESIAN_POINT('',(0.104,-0.117,0.0874359137862151));
#12572=CARTESIAN_POINT('',(0.104,-0.117,0.174509007553634));
#12573=CARTESIAN_POINT('',(0.104,-0.117,0.174509007553634));
#12574=CARTESIAN_POINT('',(0.104,-0.116,0.174509007553634));
#12575=CARTESIAN_POINT('',(0.104,-0.116,0.0952429568931075));
#12576=CARTESIAN_POINT('',(0.112034921153997,-0.117,0.182350129529852));
#12577=CARTESIAN_POINT('',(0.112034921153997,-0.117,0.182350129529852));
#12578=CARTESIAN_POINT('',(0.119,-0.117,0.189147213379058));
#12579=CARTESIAN_POINT('',(0.119,-0.117,0.189147213379058));
#12580=CARTESIAN_POINT('',(0.119,-0.116,0.189147213379058));
#12581=CARTESIAN_POINT('',(0.112034921153997,-0.116,0.182350129529852));
#12582=CARTESIAN_POINT('',(0.112,-0.117,0.000292956893107543));
#12583=CARTESIAN_POINT('',(0.112,-0.117,0.000292956893107543));
#12584=CARTESIAN_POINT('',(0.119,-0.117,0.000292956893107488));
#12585=CARTESIAN_POINT('',(0.112,-0.116,0.000292956893107543));
#12586=CARTESIAN_POINT('',(0.119,-0.116,0.000292956893107543));
#12587=CARTESIAN_POINT('',(0.119,-0.117,0.000292956893107543));
#12588=CARTESIAN_POINT('',(0.112,-0.116,0.0952429568931075));
#12589=CARTESIAN_POINT('',(0.119,-0.116,0.0952429568931075));
#12590=CARTESIAN_POINT('',(0.112,-0.117,0.0952429568931075));
#12591=CARTESIAN_POINT('',(0.119,-0.117,0.0952429568931075));
#12592=CARTESIAN_POINT('',(0.119,-0.118,0.000292956893107488));
#12593=CARTESIAN_POINT('',(0.119,-0.118,0.000292956893107488));
#12594=CARTESIAN_POINT('',(0.119,-0.118,0.000292956893107488));
#12595=CARTESIAN_POINT('',(0.119,-0.118,0.189147213379058));
#12596=CARTESIAN_POINT('',(0.119,-0.118,0.189147213379058));
#12597=CARTESIAN_POINT('',(0.119,-0.118,0.189147213379058));
#12598=CARTESIAN_POINT('',(0.119,-0.118,0.0947200851360825));
#12599=CARTESIAN_POINT('',(0.119,-0.118,0.0947200851360825));
#12600=CARTESIAN_POINT('',(0.121,-0.182452924467465,0.168345163699832));
#12601=CARTESIAN_POINT('',(0.121,-0.182577563090091,0.168316659091024));
#12602=CARTESIAN_POINT('',(0.120987756351877,-0.182703059316828,0.16828256526005));
#12603=CARTESIAN_POINT('',(0.120949932203565,-0.182888828218241,0.168223635990124));
#12604=CARTESIAN_POINT('',(0.120934088366601,-0.182950335873449,0.168202695064051));
#12605=CARTESIAN_POINT('',(0.120905405253792,-0.183041468097919,0.16816941660512));
#12606=CARTESIAN_POINT('',(0.120895025201407,-0.183071657037349,0.168158012647937));
#12607=CARTESIAN_POINT('',(0.120878223749982,-0.183116592341545,0.168140450299358));
#12608=CARTESIAN_POINT('',(0.120872418073952,-0.183131512745266,0.168134520116491));
#12609=CARTESIAN_POINT('',(0.120863401750647,-0.183153798014779,0.168125512046864));
#12610=CARTESIAN_POINT('',(0.120860345010364,-0.183161210547852,0.168122490557885));
#12611=CARTESIAN_POINT('',(0.120854128956543,-0.183176002443479,0.168116410200542));
#12612=CARTESIAN_POINT('',(0.120850692376515,-0.183184017597422,0.168113085562823));
#12613=CARTESIAN_POINT('',(0.120800826081144,-0.183298364492898,0.16806528702231));
#12614=CARTESIAN_POINT('',(0.12074183754556,-0.183404733986417,0.16801522511479));
#12615=CARTESIAN_POINT('',(0.120633764801085,-0.183557780922387,0.167933248493446));
#12616=CARTESIAN_POINT('',(0.120594485553157,-0.183607701630817,0.167904777294319));
#12617=CARTESIAN_POINT('',(0.120530603931099,-0.183680274899895,0.167860456732109));
#12618=CARTESIAN_POINT('',(0.120508483781208,-0.183704080794826,0.167845414339316));
#12619=CARTESIAN_POINT('',(0.120474062332145,-0.183739123949632,0.167822461275781));
#12620=CARTESIAN_POINT('',(0.120462381705303,-0.183750694022376,0.16781474534708));
#12621=CARTESIAN_POINT('',(0.120444550882921,-0.183767871410697,0.167803075863759));
#12622=CARTESIAN_POINT('',(0.120438555632426,-0.183773567584896,0.167799170104553));
#12623=CARTESIAN_POINT('',(0.120429485370259,-0.183782065991231,0.167793287792418));
#12624=CARTESIAN_POINT('',(0.120426449052055,-0.183784891150742,0.167791323076169));
#12625=CARTESIAN_POINT('',(0.1204203506368,-0.183790525946301,0.167787385790097));
#12626=CARTESIAN_POINT('',(0.120416684949974,-0.18379388554104,0.167785025255861));
#12627=CARTESIAN_POINT('',(0.120335129159162,-0.183868194811768,0.167732604314144));
#12628=CARTESIAN_POINT('',(0.120242583291287,-0.18393955985554,0.167675868850832));
#12629=CARTESIAN_POINT('',(0.120080900413427,-0.184037745398845,0.167583142413308));
#12630=CARTESIAN_POINT('',(0.120023212059065,-0.18406897246406,0.167550966907816));
#12631=CARTESIAN_POINT('',(0.11993086449542,-0.184112371151987,0.167500990860951));
#12632=CARTESIAN_POINT('',(0.119899114591445,-0.184126262306746,0.167484046937839));
#12633=CARTESIAN_POINT('',(0.119850041351037,-0.184146075668637,0.167458228493475));
#12634=CARTESIAN_POINT('',(0.119833442344359,-0.184152509481501,0.167449555264567));
#12635=CARTESIAN_POINT('',(0.119808183585182,-0.184161883463321,0.1674364480699));
#12636=CARTESIAN_POINT('',(0.119799703966682,-0.184164961996469,0.167432062780509));
#12637=CARTESIAN_POINT('',(0.119786894782719,-0.184169507968313,0.167425460924655));
#12638=CARTESIAN_POINT('',(0.119782610095976,-0.18417101132068,0.167423256319119));
#12639=CARTESIAN_POINT('',(0.119776160669822,-0.184173248059888,0.167419943482682));
#12640=CARTESIAN_POINT('',(0.119774007128469,-0.184173990591385,0.167418838215851));
#12641=CARTESIAN_POINT('',(0.119769692587983,-0.184175469502375,0.167416625714889));
#12642=CARTESIAN_POINT('',(0.119766789146014,-0.184176457375934,0.167415138393017));
#12643=CARTESIAN_POINT('',(0.119719853863638,-0.184192356168874,0.167391110246218));
#12644=CARTESIAN_POINT('',(0.119666157225677,-0.18420866309188,0.167364007721911));
#12645=CARTESIAN_POINT('',(0.119572562721519,-0.184231443496194,0.167318124683244));
#12646=CARTESIAN_POINT('',(0.119539191353373,-0.184238746793028,0.167301960396349));
#12647=CARTESIAN_POINT('',(0.119485811115191,-0.184248796689005,0.167276482994942));
#12648=CARTESIAN_POINT('',(0.119467464167593,-0.184251995160332,0.167267785468651));
#12649=CARTESIAN_POINT('',(0.119439109138543,-0.18425650106484,0.167254441751721));
#12650=CARTESIAN_POINT('',(0.119429518389586,-0.184257954358927,0.167249944281178));
#12651=CARTESIAN_POINT('',(0.119414923398895,-0.184260052858455,0.167243125054871));
#12652=CARTESIAN_POINT('',(0.11941002359285,-0.184260738782212,0.167240839809746));
#12653=CARTESIAN_POINT('',(0.119402621657021,-0.184261746227639,0.167237393856884));
#12654=CARTESIAN_POINT('',(0.119400145640756,-0.18426207846926,0.167236242191759));
#12655=CARTESIAN_POINT('',(0.119395176199086,-0.184262735624269,0.167233932861683));
#12656=CARTESIAN_POINT('',(0.119393241573273,-0.184262988813557,0.167233034404337));
#12657=CARTESIAN_POINT('',(0.119292230908325,-0.184275953925018,0.167186179086602));
#12658=CARTESIAN_POINT('',(0.119209873594627,-0.184279307301034,0.167149724360709));
#12659=CARTESIAN_POINT('',(0.119079316450714,-0.18427993324087,0.167092831542525));
#12660=CARTESIAN_POINT('',(0.119031014557182,-0.184277223073857,0.167072383660858));
#12661=CARTESIAN_POINT('',(0.119,-0.184275175721456,0.167059375394217));
#12662=CARTESIAN_POINT('',(0.12,-0.182452924467465,0.168345163699832));
#12663=CARTESIAN_POINT('',(0.12,-0.182514561327147,0.168326574837954));
#12664=CARTESIAN_POINT('',(0.119993878175939,-0.182576208006972,0.168302530205488));
#12665=CARTESIAN_POINT('',(0.119974966101783,-0.182666812396452,0.168258578741394));
#12666=CARTESIAN_POINT('',(0.1199670441833,-0.182696701520608,0.168242614210504));
#12667=CARTESIAN_POINT('',(0.119952702626896,-0.182740813553114,0.168216736192042));
#12668=CARTESIAN_POINT('',(0.119947512600704,-0.182755397158826,0.168207788335915));
#12669=CARTESIAN_POINT('',(0.119939111874991,-0.182777059258782,0.16819388892352));
#12670=CARTESIAN_POINT('',(0.119936209036976,-0.182784244400571,0.168189176182418));
#12671=CARTESIAN_POINT('',(0.119931700875324,-0.182794964631186,0.168181988317649));
#12672=CARTESIAN_POINT('',(0.119930172505182,-0.182798528460669,0.1681795725706));
#12673=CARTESIAN_POINT('',(0.119927064478272,-0.182805636263033,0.168174701601658));
#12674=CARTESIAN_POINT('',(0.119925346188258,-0.182809485406927,0.168172032646276));
#12675=CARTESIAN_POINT('',(0.119900413040572,-0.182864370325003,0.16813359274097));
#12676=CARTESIAN_POINT('',(0.11987091877278,-0.182914996317094,0.168092304223065));
#12677=CARTESIAN_POINT('',(0.119816882400543,-0.182987074386486,0.168023071175322));
#12678=CARTESIAN_POINT('',(0.119797242776579,-0.18301045173007,0.167998777598259));
#12679=CARTESIAN_POINT('',(0.11976530196555,-0.183044212032015,0.167960565753191));
#12680=CARTESIAN_POINT('',(0.119754241890604,-0.18305524756584,0.167947533269188));
#12681=CARTESIAN_POINT('',(0.119737031166072,-0.183071430068623,0.167927548656583));
#12682=CARTESIAN_POINT('',(0.119731190852651,-0.183076762421093,0.167920814473715));
#12683=CARTESIAN_POINT('',(0.119722275441461,-0.183084662600862,0.167910605116921));
#12684=CARTESIAN_POINT('',(0.119719277816213,-0.183087279601741,0.167907183984382));
#12685=CARTESIAN_POINT('',(0.11971474268513,-0.183091179803442,0.167902025377069));
#12686=CARTESIAN_POINT('',(0.119713224526028,-0.183092475654021,0.167900301356556));
#12687=CARTESIAN_POINT('',(0.1197101753184,-0.183095058802732,0.167896844364796));
#12688=CARTESIAN_POINT('',(0.119708342474987,-0.183096597934534,0.167894770350607));
#12689=CARTESIAN_POINT('',(0.119667564579581,-0.183130625174174,0.167848689339899));
#12690=CARTESIAN_POINT('',(0.119621291645644,-0.183162813394875,0.167798119860494));
#12691=CARTESIAN_POINT('',(0.119540450206714,-0.183205972202203,0.167714054001901));
#12692=CARTESIAN_POINT('',(0.119511606029533,-0.183219492327945,0.167684665366176));
#12693=CARTESIAN_POINT('',(0.11946543224771,-0.183237878433474,0.167638626013725));
#12694=CARTESIAN_POINT('',(0.119449557295723,-0.183243690743353,0.167622953608404));
#12695=CARTESIAN_POINT('',(0.119425020675519,-0.183251854241014,0.167598968719436));
#12696=CARTESIAN_POINT('',(0.11941672117218,-0.183254482872678,0.16759089438253));
#12697=CARTESIAN_POINT('',(0.119404091792591,-0.183258276630928,0.167578665451235));
#12698=CARTESIAN_POINT('',(0.119399851983341,-0.183259516349864,0.167574569570172));
#12699=CARTESIAN_POINT('',(0.119393447391359,-0.183261337309202,0.167568396600122));
#12700=CARTESIAN_POINT('',(0.119391305047988,-0.183261937859002,0.167566334085384));
#12701=CARTESIAN_POINT('',(0.119388080334911,-0.183262828862751,0.167563233052319));
#12702=CARTESIAN_POINT('',(0.119387003564234,-0.183263124227167,0.167562198164472));
#12703=CARTESIAN_POINT('',(0.119384846293992,-0.183263711654571,0.167560125972831));
#12704=CARTESIAN_POINT('',(0.119383394573007,-0.183264103316478,0.167558732487854));
#12705=CARTESIAN_POINT('',(0.119359926931819,-0.183270399698061,0.167536215650785));
#12706=CARTESIAN_POINT('',(0.119333078612839,-0.183276668989653,0.167510692934867));
#12707=CARTESIAN_POINT('',(0.11928628136076,-0.183284811067366,0.167467113801397));
#12708=CARTESIAN_POINT('',(0.119269595676687,-0.18328730969604,0.167451705714321));
#12709=CARTESIAN_POINT('',(0.119242905557595,-0.183290499647018,0.167427307989804));
#12710=CARTESIAN_POINT('',(0.119233732083796,-0.183291469639112,0.167418961200658));
#12711=CARTESIAN_POINT('',(0.119219554569271,-0.183292752359164,0.1674061247761));
#12712=CARTESIAN_POINT('',(0.119214759194793,-0.183293151200999,0.167401793264282));
#12713=CARTESIAN_POINT('',(0.119207461699447,-0.183293702151238,0.167395217604535));
#12714=CARTESIAN_POINT('',(0.119205011796425,-0.183293877914656,0.167393012652813));
#12715=CARTESIAN_POINT('',(0.119201310828511,-0.183294129191751,0.167389685712198));
#12716=CARTESIAN_POINT('',(0.119200072820378,-0.183294210889366,0.167388573479834));
#12717=CARTESIAN_POINT('',(0.119197588099543,-0.183294370071173,0.167386342525045));
#12718=CARTESIAN_POINT('',(0.119196620786637,-0.183294430731527,0.167385474369551));
#12719=CARTESIAN_POINT('',(0.119146115454162,-0.183297471870004,0.167340180971669));
#12720=CARTESIAN_POINT('',(0.119104936797314,-0.183296389654292,0.167304424357187));
#12721=CARTESIAN_POINT('',(0.119039658225357,-0.1832923412731,0.167248267223674));
#12722=CARTESIAN_POINT('',(0.1190155098635,-0.183289383540447,0.167227860528067));
#12723=CARTESIAN_POINT('',(0.119,-0.183287335846774,0.167214850093078));
#12724=CARTESIAN_POINT('',(0.12,-0.182452924467465,0.168345163699832));
#12725=CARTESIAN_POINT('',(0.12,-0.182576208029006,0.168307983007806));
#12726=CARTESIAN_POINT('',(0.119956447843941,-0.182769758162309,0.168211455816252));
#12727=CARTESIAN_POINT('',(0.1198442255243,-0.182963142181046,0.168054227063104));
#12728=CARTESIAN_POINT('',(0.119704072786502,-0.183107617288957,0.167887836267034));
#12729=CARTESIAN_POINT('',(0.119582124016812,-0.183192163041174,0.167754671606819));
#12730=CARTESIAN_POINT('',(0.119371815264392,-0.183273246144912,0.167545933034279));
#12731=CARTESIAN_POINT('',(0.119250898810574,-0.183296055253069,0.167432569849725));
#12732=CARTESIAN_POINT('',(0.119059290054137,-0.183296019977209,0.167264493190666));
#12733=CARTESIAN_POINT('',(0.119015515504712,-0.18328938428523,0.167227865260193));
#12734=CARTESIAN_POINT('',(0.119,-0.183287335846774,0.167214850093078));
#12735=CARTESIAN_POINT('',(0.119,-0.183287335846774,0.167214850093078));
#12736=CARTESIAN_POINT('',(0.119,-0.184275175721456,0.167059375394217));
#12737=CARTESIAN_POINT('',(0.119,-0.183945895763229,0.167111200293837));
#12738=CARTESIAN_POINT('',(0.119,-0.183616615805001,0.167163025193458));
#12739=CARTESIAN_POINT('',(0.119,-0.183287335846773,0.167214850093079));
#12740=CARTESIAN_POINT('',(0.119,-0.184275175721456,0.167059375394217));
#12741=CARTESIAN_POINT('',(0.121,-0.182452924467465,0.168345163699832));
#12742=CARTESIAN_POINT('',(0.121,-0.182702221896588,0.168288149866204));
#12743=CARTESIAN_POINT('',(0.120913388262241,-0.183099438043293,0.168159783607649));
#12744=CARTESIAN_POINT('',(0.120687630091333,-0.183505760951823,0.167968465683758));
#12745=CARTESIAN_POINT('',(0.120411265210615,-0.183816529084666,0.167777627341657));
#12746=CARTESIAN_POINT('',(0.120195702902141,-0.183973543790988,0.167647642393999));
#12747=CARTESIAN_POINT('',(0.119969865852165,-0.184099366012521,0.16752087189992));
#12748=CARTESIAN_POINT('',(0.119751175051507,-0.184184966139612,0.167406459889278));
#12749=CARTESIAN_POINT('',(0.11961763513019,-0.184222404374262,0.167339750147109));
#12750=CARTESIAN_POINT('',(0.119400849765163,-0.184268516531878,0.167235053699085));
#12751=CARTESIAN_POINT('',(0.11912004967335,-0.184283819672562,0.167109722333892));
#12752=CARTESIAN_POINT('',(0.119031031009424,-0.184277224159913,0.167072390561331));
#12753=CARTESIAN_POINT('',(0.119,-0.184275175721457,0.167059375394216));
#12754=CARTESIAN_POINT('',(0.119,-0.158132311287973,0.00095541047353554));
#12755=CARTESIAN_POINT('',(0.119024566592373,-0.158130677375274,0.000945029079471275));
#12756=CARTESIAN_POINT('',(0.119069647653731,-0.158127523731667,0.000925903706657593));
#12757=CARTESIAN_POINT('',(0.11916759868594,-0.158114395384024,0.000885096783758287));
#12758=CARTESIAN_POINT('',(0.119205300898444,-0.158108561139843,0.000869481972225923));
#12759=CARTESIAN_POINT('',(0.119269216171084,-0.158096348676466,0.00084324149710221));
#12760=CARTESIAN_POINT('',(0.11929174649332,-0.158091697557186,0.000834025505199554));
#12761=CARTESIAN_POINT('',(0.119327332537962,-0.158083661432223,0.000819527513304564));
#12762=CARTESIAN_POINT('',(0.119339492814405,-0.158080805949936,0.000814582546751637));
#12763=CARTESIAN_POINT('',(0.119358173066995,-0.15807623220366,0.000807000634712389));
#12764=CARTESIAN_POINT('',(0.11936447311192,-0.158074659189357,0.000804445922178284));
#12765=CARTESIAN_POINT('',(0.119374032060664,-0.15807222374595,0.000800573255828427));
#12766=CARTESIAN_POINT('',(0.119377236522976,-0.158071399277117,0.000799275600898137));
#12767=CARTESIAN_POINT('',(0.119383681552937,-0.158069724476745,0.000796666845932887));
#12768=CARTESIAN_POINT('',(0.11938772738082,-0.158068660742863,0.000795030090832912));
#12769=CARTESIAN_POINT('',(0.119468685066831,-0.158047206113547,0.00076229001549327));
#12770=CARTESIAN_POINT('',(0.119539060574677,-0.158023711362872,0.000734313935581789));
#12771=CARTESIAN_POINT('',(0.119632690451026,-0.15798801978354,0.00069744323780414));
#12772=CARTESIAN_POINT('',(0.119661918080794,-0.157976039207247,0.00068600324265053));
#12773=CARTESIAN_POINT('',(0.119702861696109,-0.157958314835577,0.000670060125596286));
#12774=CARTESIAN_POINT('',(0.11971602681075,-0.157952447260319,0.000664948649823834));
#12775=CARTESIAN_POINT('',(0.119735061306823,-0.157943748409147,0.000657579219698402));
#12776=CARTESIAN_POINT('',(0.11974128728433,-0.157940865844589,0.000655172378738963));
#12777=CARTESIAN_POINT('',(0.119750449399712,-0.157936572494512,0.000651635796884898));
#12778=CARTESIAN_POINT('',(0.119753473963383,-0.157935146458588,0.000650469216516358));
#12779=CARTESIAN_POINT('',(0.119757966778416,-0.157933015622456,0.000648737672439677));
#12780=CARTESIAN_POINT('',(0.119759457045032,-0.157932306713245,0.000648163545513239));
#12781=CARTESIAN_POINT('',(0.119762422931959,-0.157930891731752,0.000647021385112507));
#12782=CARTESIAN_POINT('',(0.119763216539123,-0.157930512940023,0.000646715784603334));
#12783=CARTESIAN_POINT('',(0.119902987703594,-0.15786344035596,0.000592933007438302));
#12784=CARTESIAN_POINT('',(0.120025718281281,-0.157786625310657,0.00054755893066359));
#12785=CARTESIAN_POINT('',(0.12018748445528,-0.157664808921784,0.000489363878547155));
#12786=CARTESIAN_POINT('',(0.120237718353402,-0.157623085954059,0.000471612788819014));
#12787=CARTESIAN_POINT('',(0.12030778056409,-0.157559836735683,0.000447297848677524));
#12788=CARTESIAN_POINT('',(0.120330254568096,-0.157538641499411,0.000439578366506204));
#12789=CARTESIAN_POINT('',(0.120362686640051,-0.157506794391872,0.000428559449011594));
#12790=CARTESIAN_POINT('',(0.120373284240593,-0.15749616956017,0.000424979874500136));
#12791=CARTESIAN_POINT('',(0.120388866694064,-0.157480232086302,0.000419748490087269));
#12792=CARTESIAN_POINT('',(0.12039400852417,-0.157474919551875,0.000418027692361489));
#12793=CARTESIAN_POINT('',(0.120401643528852,-0.157466952320315,0.000415480734093915));
#12794=CARTESIAN_POINT('',(0.120404175573867,-0.157464296837805,0.000414637454444629));
#12795=CARTESIAN_POINT('',(0.120409213876683,-0.157458986663894,0.000412962265778919));
#12796=CARTESIAN_POINT('',(0.120411153819007,-0.157456934794648,0.000412318016134224));
#12797=CARTESIAN_POINT('',(0.12051212535008,-0.157349454285367,0.000378859184671467));
#12798=CARTESIAN_POINT('',(0.120597114641948,-0.157238667390914,0.000352673086117985));
#12799=CARTESIAN_POINT('',(0.120705272134123,-0.157067939158916,0.000321948468464814));
#12800=CARTESIAN_POINT('',(0.12073811825963,-0.157010265031725,0.000313133744258009));
#12801=CARTESIAN_POINT('',(0.120782701261574,-0.156923198927343,0.000301958681064482));
#12802=CARTESIAN_POINT('',(0.120796781950899,-0.156894083871866,0.000298574914735594));
#12803=CARTESIAN_POINT('',(0.120816753920206,-0.156850340775197,0.000294000284769056));
#12804=CARTESIAN_POINT('',(0.120823219771381,-0.156835747955004,0.000292558916991275));
#12805=CARTESIAN_POINT('',(0.120832634350003,-0.156813849344059,0.000290520822111321));
#12806=CARTESIAN_POINT('',(0.120835725178761,-0.156806548241349,0.00028986211697563));
#12807=CARTESIAN_POINT('',(0.12084181263593,-0.156791944260434,0.000288585812939645));
#12808=CARTESIAN_POINT('',(0.120844557140163,-0.156785265589667,0.000288019253495326));
#12809=CARTESIAN_POINT('',(0.12095022066053,-0.156523664535857,0.000266628967373832));
#12810=CARTESIAN_POINT('',(0.121,-0.156258631313371,0.000269594572054975));
#12811=CARTESIAN_POINT('',(0.121,-0.156003429042152,0.000292956893107493));
#12812=CARTESIAN_POINT('',(0.119,-0.15714447141329,0.00111088517239754));
#12813=CARTESIAN_POINT('',(0.119012286074061,-0.15714283713108,0.00110050143057535));
#12814=CARTESIAN_POINT('',(0.119034823826865,-0.157139753886596,0.00108136738365959));
#12815=CARTESIAN_POINT('',(0.11908379934297,-0.15712989739365,0.00104004550824945));
#12816=CARTESIAN_POINT('',(0.119102650449222,-0.157125710664327,0.00102417139672019));
#12817=CARTESIAN_POINT('',(0.119134608085542,-0.157117441770503,0.000997310248849349));
#12818=CARTESIAN_POINT('',(0.11914587324666,-0.157114352281604,0.000987848474184304));
#12819=CARTESIAN_POINT('',(0.119163666268981,-0.157109123762412,0.000972908597250132));
#12820=CARTESIAN_POINT('',(0.119169746407202,-0.157107281775227,0.000967804118158756));
#12821=CARTESIAN_POINT('',(0.119179086533498,-0.157104357392324,0.000959962615187746));
#12822=CARTESIAN_POINT('',(0.11918223655596,-0.1571033556918,0.000957317984398729));
#12823=CARTESIAN_POINT('',(0.119187016030332,-0.15710181114486,0.000953305101133596));
#12824=CARTESIAN_POINT('',(0.119188618261488,-0.157101289296169,0.000951959817253847));
#12825=CARTESIAN_POINT('',(0.119191840776469,-0.157100231322375,0.000949253980839582));
#12826=CARTESIAN_POINT('',(0.11919386369041,-0.157099560909158,0.000947555321565199));
#12827=CARTESIAN_POINT('',(0.119234342533416,-0.157086060112134,0.000913563403986447));
#12828=CARTESIAN_POINT('',(0.119269530287339,-0.157071880434127,0.000884121238168781));
#12829=CARTESIAN_POINT('',(0.119316345225513,-0.157050771892619,0.000844955337016266));
#12830=CARTESIAN_POINT('',(0.119330959040397,-0.15704375830422,0.000832733594773099));
#12831=CARTESIAN_POINT('',(0.119351430848055,-0.157033457593545,0.000815622078378733));
#12832=CARTESIAN_POINT('',(0.119358013405375,-0.15703006036856,0.000810121797725476));
#12833=CARTESIAN_POINT('',(0.119367530653411,-0.157025039893324,0.000802173433295287));
#12834=CARTESIAN_POINT('',(0.119370643642165,-0.15702337894556,0.000799574323823598));
#12835=CARTESIAN_POINT('',(0.119375224699856,-0.157020908798889,0.000795750790604367));
#12836=CARTESIAN_POINT('',(0.119376736981692,-0.157020088961483,0.000794488801521988));
#12837=CARTESIAN_POINT('',(0.119378983389208,-0.157018864820899,0.000792614553935432));
#12838=CARTESIAN_POINT('',(0.119379728522516,-0.157018457709896,0.000791992927422623));
#12839=CARTESIAN_POINT('',(0.11938121146598,-0.15701764540857,0.000790755912056075));
#12840=CARTESIAN_POINT('',(0.119381608269562,-0.157017427966866,0.000790424916898331));
#12841=CARTESIAN_POINT('',(0.119451493851797,-0.15697895093287,0.000732141527185107));
#12842=CARTESIAN_POINT('',(0.119512859140641,-0.156936130640378,0.000681417065098375));
#12843=CARTESIAN_POINT('',(0.11959374222764,-0.156869281232243,0.000614570838842756));
#12844=CARTESIAN_POINT('',(0.119618859176701,-0.156846552333991,0.000593830299804827));
#12845=CARTESIAN_POINT('',(0.119653890282045,-0.156812296088485,0.000564952197311214));
#12846=CARTESIAN_POINT('',(0.119665127284048,-0.156800849505787,0.000555698388557584));
#12847=CARTESIAN_POINT('',(0.119681343320025,-0.156783694876492,0.000542367043017804));
#12848=CARTESIAN_POINT('',(0.119686642120297,-0.156777979164018,0.000538014829282843));
#12849=CARTESIAN_POINT('',(0.119694433347032,-0.156769416074978,0.000531622801034912));
#12850=CARTESIAN_POINT('',(0.119697004262085,-0.156766563455869,0.000529514840771076));
#12851=CARTESIAN_POINT('',(0.119700821764426,-0.15676228796045,0.000526386845455225));
#12852=CARTESIAN_POINT('',(0.119702087786934,-0.15676086336735,0.000525349837889783));
#12853=CARTESIAN_POINT('',(0.119704606938341,-0.156758015459442,0.000523287116715114));
#12854=CARTESIAN_POINT('',(0.119705576909504,-0.156756915252282,0.000522493086341683));
#12855=CARTESIAN_POINT('',(0.11975606267504,-0.156699306595301,0.000481184995685308));
#12856=CARTESIAN_POINT('',(0.119798557320974,-0.156640563272228,0.000446807834192128));
#12857=CARTESIAN_POINT('',(0.119852636067061,-0.156550776295726,0.000403343988607122));
#12858=CARTESIAN_POINT('',(0.119869059129815,-0.15652056527084,0.00039020688617862));
#12859=CARTESIAN_POINT('',(0.119891350630787,-0.156475121765032,0.000372480901985766));
#12860=CARTESIAN_POINT('',(0.119898390975449,-0.156459952500807,0.000366902227604554));
#12861=CARTESIAN_POINT('',(0.119908376960103,-0.156437200969822,0.00035902376526902));
#12862=CARTESIAN_POINT('',(0.119911609885691,-0.156429617502523,0.000356479205508183));
#12863=CARTESIAN_POINT('',(0.119916317175002,-0.156418247016765,0.000352784104128518));
#12864=CARTESIAN_POINT('',(0.119917862589381,-0.156414457639567,0.000351572693558811));
#12865=CARTESIAN_POINT('',(0.119920906317965,-0.1564068811326,0.000349190345493175));
#12866=CARTESIAN_POINT('',(0.119922278570082,-0.156403417570262,0.0003481177647515));
#12867=CARTESIAN_POINT('',(0.119975110330265,-0.156267812679061,0.000306897123588391));
#12868=CARTESIAN_POINT('',(0.12,-0.156132321327957,0.000289474419264848));
#12869=CARTESIAN_POINT('',(0.12,-0.156003429042152,0.000292956893107493));
#12870=CARTESIAN_POINT('',(0.119,-0.15714447141329,0.00111088517239757));
#12871=CARTESIAN_POINT('',(0.119,-0.157473751371518,0.0010590602727769));
#12872=CARTESIAN_POINT('',(0.119,-0.157803031329745,0.00100723537315623));
#12873=CARTESIAN_POINT('',(0.119,-0.158132311287973,0.000955410473535557));
#12874=CARTESIAN_POINT('',(0.119,-0.158132311287973,0.000955410473535548));
#12875=CARTESIAN_POINT('',(0.119,-0.15714447141329,0.00111088517239756));
#12876=CARTESIAN_POINT('',(0.119,-0.15714447141329,0.00111088517239758));
#12877=CARTESIAN_POINT('',(0.11901229205993,-0.157142836334846,0.00110049637153694));
#12878=CARTESIAN_POINT('',(0.119052030515266,-0.157138999088903,0.00106668575426625));
#12879=CARTESIAN_POINT('',(0.119255056671289,-0.157084795016181,0.000896134219351382));
#12880=CARTESIAN_POINT('',(0.119370692212306,-0.157029126321308,0.000799242206357558));
#12881=CARTESIAN_POINT('',(0.11958140218188,-0.156888582034595,0.000624688048805726));
#12882=CARTESIAN_POINT('',(0.119704386252015,-0.15676593175004,0.000523123083987644));
#12883=CARTESIAN_POINT('',(0.119843693497181,-0.156578708177668,0.000410267571356688));
#12884=CARTESIAN_POINT('',(0.119956767060212,-0.156345053629641,0.0003203084807459));
#12885=CARTESIAN_POINT('',(0.12,-0.156132382299009,0.000289472771919702));
#12886=CARTESIAN_POINT('',(0.12,-0.156003429042152,0.000292956893107562));
#12887=CARTESIAN_POINT('',(0.119,-0.158132311287973,0.00095541047353558));
#12888=CARTESIAN_POINT('',(0.11902458411986,-0.158130676209529,0.000945021672674939));
#12889=CARTESIAN_POINT('',(0.119093983455927,-0.158125458549748,0.000915610506015028));
#12890=CARTESIAN_POINT('',(0.119240011225779,-0.158103658180292,0.000855072539924358));
#12891=CARTESIAN_POINT('',(0.119449237831029,-0.158055948349237,0.000769860831586853));
#12892=CARTESIAN_POINT('',(0.119609513052326,-0.157998332994132,0.000706459326163139));
#12893=CARTESIAN_POINT('',(0.119753647957385,-0.157938698463119,0.000650022385056292));
#12894=CARTESIAN_POINT('',(0.119968096306517,-0.157823759478082,0.000568781277186052));
#12895=CARTESIAN_POINT('',(0.120194560836376,-0.157665374112936,0.000486359591509311));
#12896=CARTESIAN_POINT('',(0.120411906899228,-0.157474051364299,0.000410290729276284));
#12897=CARTESIAN_POINT('',(0.120686562153521,-0.157122222737251,0.000325088391842385));
#12898=CARTESIAN_POINT('',(0.120914029024928,-0.156674124559836,0.000268298201985419));
#12899=CARTESIAN_POINT('',(0.121,-0.156258753554125,0.000269583381607083));
#12900=CARTESIAN_POINT('',(0.121,-0.156003429042152,0.000292956893107567));
#12901=CARTESIAN_POINT('',(0.119,-0.169227509528588,0.0843148209400265));
#12902=CARTESIAN_POINT('',(0.119,-0.171203189277953,0.0840038715423025));
#12903=CARTESIAN_POINT('',(0.119,-0.169227509528588,0.0843148209400265));
#12904=CARTESIAN_POINT('',(0.119,-0.17021534940327,0.0841593462411645));
#12905=CARTESIAN_POINT('',(-0.00149999999999995,-0.1405,0.00019295689310754));
#12906=CARTESIAN_POINT('',(-0.00149999999999995,-0.1305,0.00019295689310754));
#12907=CARTESIAN_POINT('',(-0.00149999999999995,-0.1305,0.00019295689310754));
#12908=CARTESIAN_POINT('',(-0.00149999999999995,-0.1305,-0.00080704310689246));
#12909=CARTESIAN_POINT('',(-0.00149999999999995,-0.1405,0.00019295689310754));
#12910=CARTESIAN_POINT('',(-0.00149999999999995,-0.1505,0.00019295689310754));
#12911=CARTESIAN_POINT('',(-0.00149999999999995,-0.1505,0.00019295689310754));
#12912=CARTESIAN_POINT('',(-0.00149999999999995,-0.1505,-0.00080704310689246));
#12913=CARTESIAN_POINT('',(-0.00149999999999995,-0.00199999999999994,-0.00080704310689246));
#12914=CARTESIAN_POINT('',(4.87951423979189E-17,-0.1505,0.00019295689310754));
#12915=CARTESIAN_POINT('',(4.87951423979189E-17,-0.1505,0.00019295689310754));
#12916=CARTESIAN_POINT('',(0.00150000000000005,-0.1505,0.00019295689310754));
#12917=CARTESIAN_POINT('',(0.00150000000000005,-0.1505,0.00019295689310754));
#12918=CARTESIAN_POINT('',(0.00150000000000005,-0.1505,-0.00080704310689246));
#12919=CARTESIAN_POINT('',(4.87951423979189E-17,-0.1505,-0.00080704310689246));
#12920=CARTESIAN_POINT('',(0.00150000000000007,-0.1405,0.00019295689310754));
#12921=CARTESIAN_POINT('',(0.00150000000000007,-0.1405,0.00019295689310754));
#12922=CARTESIAN_POINT('',(0.00150000000000006,-0.1305,0.00019295689310754));
#12923=CARTESIAN_POINT('',(0.00150000000000006,-0.1305,0.00019295689310754));
#12924=CARTESIAN_POINT('',(0.00150000000000007,-0.1305,-0.00080704310689246));
#12925=CARTESIAN_POINT('',(0.00150000000000007,-0.00199999999999994,-0.00080704310689246));
#12926=CARTESIAN_POINT('',(0.0445,-0.14,0.00019295689310754));
#12927=CARTESIAN_POINT('',(0.0445,-0.1385,0.00019295689310754));
#12928=CARTESIAN_POINT('',(0.0445,-0.1385,0.00019295689310754));
#12929=CARTESIAN_POINT('',(0.0445,-0.1385,-0.00080704310689246));
#12930=CARTESIAN_POINT('',(0.0445,-0.14,0.00019295689310754));
#12931=CARTESIAN_POINT('',(0.0445,-0.1415,0.00019295689310754));
#12932=CARTESIAN_POINT('',(0.0445,-0.1415,0.00019295689310754));
#12933=CARTESIAN_POINT('',(0.0445,-0.1415,-0.00080704310689246));
#12934=CARTESIAN_POINT('',(0.0445,-0.00199999999999994,-0.00080704310689246));
#12935=CARTESIAN_POINT('',(0.05,-0.1415,0.00019295689310754));
#12936=CARTESIAN_POINT('',(0.05,-0.1415,0.00019295689310754));
#12937=CARTESIAN_POINT('',(0.0555,-0.1415,0.00019295689310754));
#12938=CARTESIAN_POINT('',(0.0555,-0.1415,0.00019295689310754));
#12939=CARTESIAN_POINT('',(0.0555,-0.1415,-0.00080704310689246));
#12940=CARTESIAN_POINT('',(0.05,-0.1415,-0.00080704310689246));
#12941=CARTESIAN_POINT('',(0.0555,-0.14,0.00019295689310754));
#12942=CARTESIAN_POINT('',(0.0555,-0.14,0.00019295689310754));
#12943=CARTESIAN_POINT('',(0.0555,-0.1385,0.00019295689310754));
#12944=CARTESIAN_POINT('',(0.0555,-0.1385,0.00019295689310754));
#12945=CARTESIAN_POINT('',(0.0555,-0.1385,-0.00080704310689246));
#12946=CARTESIAN_POINT('',(0.0555,-0.00199999999999994,-0.00080704310689246));
#12947=CARTESIAN_POINT('',(0.085,-0.1405,0.00019295689310754));
#12948=CARTESIAN_POINT('',(0.085,-0.147,0.00019295689310754));
#12949=CARTESIAN_POINT('',(0.085,-0.147,0.00019295689310754));
#12950=CARTESIAN_POINT('',(0.085,-0.147,-0.00080704310689246));
#12951=CARTESIAN_POINT('',(0.085,-0.1405,0.00019295689310754));
#12952=CARTESIAN_POINT('',(0.085,-0.134,0.00019295689310754));
#12953=CARTESIAN_POINT('',(0.085,-0.134,0.00019295689310754));
#12954=CARTESIAN_POINT('',(0.085,-0.134,-0.00080704310689246));
#12955=CARTESIAN_POINT('',(0.085,-0.00199999999999994,-0.00080704310689246));
#12956=CARTESIAN_POINT('',(0.07525,-0.134,0.00019295689310754));
#12957=CARTESIAN_POINT('',(0.07525,-0.134,0.00019295689310754));
#12958=CARTESIAN_POINT('',(0.0655,-0.134,0.00019295689310754));
#12959=CARTESIAN_POINT('',(0.0655,-0.134,0.00019295689310754));
#12960=CARTESIAN_POINT('',(0.0655,-0.134,-0.00080704310689246));
#12961=CARTESIAN_POINT('',(0.120002,-0.134,-0.00080704310689246));
#12962=CARTESIAN_POINT('',(0.0655,-0.1405,0.00019295689310754));
#12963=CARTESIAN_POINT('',(0.0655,-0.1405,0.00019295689310754));
#12964=CARTESIAN_POINT('',(0.0655,-0.147,0.00019295689310754));
#12965=CARTESIAN_POINT('',(0.0655,-0.147,0.00019295689310754));
#12966=CARTESIAN_POINT('',(0.0655,-0.147,-0.00080704310689246));
#12967=CARTESIAN_POINT('',(0.0655,-0.00199999999999994,-0.00080704310689246));
#12968=CARTESIAN_POINT('',(-0.1199,-0.00199999999999994,0.00019295689310754));
#12969=CARTESIAN_POINT('',(-0.1199,-0.156145078749317,-0.00080704310689246));
#12970=CARTESIAN_POINT('',(-0.1199,-0.156145078749317,-0.000473709773559126));
#12971=CARTESIAN_POINT('',(-0.1199,-0.156145078749317,-0.000140376440225793));
#12972=CARTESIAN_POINT('',(-0.1199,-0.156145078749317,0.00019295689310754));
#12973=CARTESIAN_POINT('',(-0.1199,-0.156145078749317,0.000192956893107582));
#12974=CARTESIAN_POINT('',(-0.1199,-0.156145078749317,-0.00080704310689246));
#12975=CARTESIAN_POINT('',(-0.1199,-0.00199999999999994,0.00019295689310754));
#12976=CARTESIAN_POINT('',(-0.1199,-0.117,0.00019295689310754));
#12977=CARTESIAN_POINT('',(-0.1199,-0.117,0.00019295689310754));
#12978=CARTESIAN_POINT('',(-0.1199,-0.117,-0.00080704310689246));
#12979=CARTESIAN_POINT('',(-0.1199,-0.00199999999999994,-0.00080704310689246));
#12980=CARTESIAN_POINT('',(0.120002,-0.117,0.00019295689310754));
#12981=CARTESIAN_POINT('',(0.120002,-0.117,0.00019295689310754));
#12982=CARTESIAN_POINT('',(0.1199,-0.117,0.00019295689310754));
#12983=CARTESIAN_POINT('',(0.1199,-0.117,0.00019295689310754));
#12984=CARTESIAN_POINT('',(0.1199,-0.117,-0.00080704310689246));
#12985=CARTESIAN_POINT('',(0.120002,-0.117,-0.00080704310689246));
#12986=CARTESIAN_POINT('',(0.0885,-0.1405,0.00019295689310754));
#12987=CARTESIAN_POINT('',(0.0885,-0.1305,0.00019295689310754));
#12988=CARTESIAN_POINT('',(0.0885,-0.1305,0.00019295689310754));
#12989=CARTESIAN_POINT('',(0.0885,-0.1305,-0.00080704310689246));
#12990=CARTESIAN_POINT('',(0.0885,-0.1405,0.00019295689310754));
#12991=CARTESIAN_POINT('',(0.0885,-0.1505,0.00019295689310754));
#12992=CARTESIAN_POINT('',(0.0885,-0.1505,0.00019295689310754));
#12993=CARTESIAN_POINT('',(0.0885,-0.1505,-0.00080704310689246));
#12994=CARTESIAN_POINT('',(0.0885,-0.00199999999999994,-0.00080704310689246));
#12995=CARTESIAN_POINT('',(0.09,-0.1505,0.00019295689310754));
#12996=CARTESIAN_POINT('',(0.09,-0.1505,0.00019295689310754));
#12997=CARTESIAN_POINT('',(0.0915,-0.1505,0.00019295689310754));
#12998=CARTESIAN_POINT('',(0.0915,-0.1505,0.00019295689310754));
#12999=CARTESIAN_POINT('',(0.0915,-0.1505,-0.00080704310689246));
#13000=CARTESIAN_POINT('',(0.09,-0.1505,-0.00080704310689246));
#13001=CARTESIAN_POINT('',(0.0915,-0.1405,0.00019295689310754));
#13002=CARTESIAN_POINT('',(0.0915,-0.1405,0.00019295689310754));
#13003=CARTESIAN_POINT('',(0.0915,-0.1305,0.00019295689310754));
#13004=CARTESIAN_POINT('',(0.0915,-0.1305,0.00019295689310754));
#13005=CARTESIAN_POINT('',(0.0915,-0.1305,-0.00080704310689246));
#13006=CARTESIAN_POINT('',(0.0915,-0.00199999999999994,-0.00080704310689246));
#13007=CARTESIAN_POINT('',(0.0585,-0.1405,0.00019295689310754));
#13008=CARTESIAN_POINT('',(0.0585,-0.1305,0.00019295689310754));
#13009=CARTESIAN_POINT('',(0.0585,-0.1305,0.00019295689310754));
#13010=CARTESIAN_POINT('',(0.0585,-0.1305,-0.00080704310689246));
#13011=CARTESIAN_POINT('',(0.0585,-0.1405,0.00019295689310754));
#13012=CARTESIAN_POINT('',(0.0585,-0.1505,0.00019295689310754));
#13013=CARTESIAN_POINT('',(0.0585,-0.1505,0.00019295689310754));
#13014=CARTESIAN_POINT('',(0.0585,-0.1505,-0.00080704310689246));
#13015=CARTESIAN_POINT('',(0.0585,-0.00199999999999994,-0.00080704310689246));
#13016=CARTESIAN_POINT('',(0.06,-0.1505,0.00019295689310754));
#13017=CARTESIAN_POINT('',(0.06,-0.1505,0.00019295689310754));
#13018=CARTESIAN_POINT('',(0.0615,-0.1505,0.00019295689310754));
#13019=CARTESIAN_POINT('',(0.0615,-0.1505,0.00019295689310754));
#13020=CARTESIAN_POINT('',(0.0615,-0.1505,-0.00080704310689246));
#13021=CARTESIAN_POINT('',(0.06,-0.1505,-0.00080704310689246));
#13022=CARTESIAN_POINT('',(0.0615,-0.1405,0.00019295689310754));
#13023=CARTESIAN_POINT('',(0.0615,-0.1405,0.00019295689310754));
#13024=CARTESIAN_POINT('',(0.0615,-0.1305,0.00019295689310754));
#13025=CARTESIAN_POINT('',(0.0615,-0.1305,0.00019295689310754));
#13026=CARTESIAN_POINT('',(0.0615,-0.1305,-0.00080704310689246));
#13027=CARTESIAN_POINT('',(0.0615,-0.00199999999999994,-0.00080704310689246));
#13028=CARTESIAN_POINT('',(0.0385,-0.1405,0.00019295689310754));
#13029=CARTESIAN_POINT('',(0.0385,-0.1305,0.00019295689310754));
#13030=CARTESIAN_POINT('',(0.0385,-0.1305,0.00019295689310754));
#13031=CARTESIAN_POINT('',(0.0385,-0.1305,-0.00080704310689246));
#13032=CARTESIAN_POINT('',(0.0385,-0.1405,0.00019295689310754));
#13033=CARTESIAN_POINT('',(0.0385,-0.1505,0.00019295689310754));
#13034=CARTESIAN_POINT('',(0.0385,-0.1505,0.00019295689310754));
#13035=CARTESIAN_POINT('',(0.0385,-0.1505,-0.00080704310689246));
#13036=CARTESIAN_POINT('',(0.0385,-0.00199999999999994,-0.00080704310689246));
#13037=CARTESIAN_POINT('',(0.04,-0.1505,0.00019295689310754));
#13038=CARTESIAN_POINT('',(0.04,-0.1505,0.00019295689310754));
#13039=CARTESIAN_POINT('',(0.0415,-0.1505,0.00019295689310754));
#13040=CARTESIAN_POINT('',(0.0415,-0.1505,0.00019295689310754));
#13041=CARTESIAN_POINT('',(0.0415,-0.1505,-0.00080704310689246));
#13042=CARTESIAN_POINT('',(0.04,-0.1505,-0.00080704310689246));
#13043=CARTESIAN_POINT('',(0.0415,-0.1405,0.00019295689310754));
#13044=CARTESIAN_POINT('',(0.0415,-0.1405,0.00019295689310754));
#13045=CARTESIAN_POINT('',(0.0415,-0.1305,0.00019295689310754));
#13046=CARTESIAN_POINT('',(0.0415,-0.1305,0.00019295689310754));
#13047=CARTESIAN_POINT('',(0.0415,-0.1305,-0.00080704310689246));
#13048=CARTESIAN_POINT('',(0.0415,-0.00199999999999994,-0.00080704310689246));
#13049=CARTESIAN_POINT('',(0.0285,-0.1405,0.00019295689310754));
#13050=CARTESIAN_POINT('',(0.0285,-0.1305,0.00019295689310754));
#13051=CARTESIAN_POINT('',(0.0285,-0.1305,0.00019295689310754));
#13052=CARTESIAN_POINT('',(0.0285,-0.1305,-0.00080704310689246));
#13053=CARTESIAN_POINT('',(0.0285,-0.1405,0.00019295689310754));
#13054=CARTESIAN_POINT('',(0.0285,-0.1505,0.00019295689310754));
#13055=CARTESIAN_POINT('',(0.0285,-0.1505,0.00019295689310754));
#13056=CARTESIAN_POINT('',(0.0285,-0.1505,-0.00080704310689246));
#13057=CARTESIAN_POINT('',(0.0285,-0.00199999999999994,-0.00080704310689246));
#13058=CARTESIAN_POINT('',(0.03,-0.1505,0.00019295689310754));
#13059=CARTESIAN_POINT('',(0.03,-0.1505,0.00019295689310754));
#13060=CARTESIAN_POINT('',(0.0315,-0.1505,0.00019295689310754));
#13061=CARTESIAN_POINT('',(0.0315,-0.1505,0.00019295689310754));
#13062=CARTESIAN_POINT('',(0.0315,-0.1505,-0.00080704310689246));
#13063=CARTESIAN_POINT('',(0.03,-0.1505,-0.00080704310689246));
#13064=CARTESIAN_POINT('',(0.0315,-0.1405,0.00019295689310754));
#13065=CARTESIAN_POINT('',(0.0315,-0.1405,0.00019295689310754));
#13066=CARTESIAN_POINT('',(0.0315,-0.1305,0.00019295689310754));
#13067=CARTESIAN_POINT('',(0.0315,-0.1305,0.00019295689310754));
#13068=CARTESIAN_POINT('',(0.0315,-0.1305,-0.00080704310689246));
#13069=CARTESIAN_POINT('',(0.0315,-0.00199999999999994,-0.00080704310689246));
#13070=CARTESIAN_POINT('',(0.0185,-0.1405,0.00019295689310754));
#13071=CARTESIAN_POINT('',(0.0185,-0.1305,0.00019295689310754));
#13072=CARTESIAN_POINT('',(0.0185,-0.1305,0.00019295689310754));
#13073=CARTESIAN_POINT('',(0.0185,-0.1305,-0.00080704310689246));
#13074=CARTESIAN_POINT('',(0.0185,-0.1405,0.00019295689310754));
#13075=CARTESIAN_POINT('',(0.0185,-0.1505,0.00019295689310754));
#13076=CARTESIAN_POINT('',(0.0185,-0.1505,0.00019295689310754));
#13077=CARTESIAN_POINT('',(0.0185,-0.1505,-0.00080704310689246));
#13078=CARTESIAN_POINT('',(0.0185,-0.00199999999999994,-0.00080704310689246));
#13079=CARTESIAN_POINT('',(0.02,-0.1505,0.00019295689310754));
#13080=CARTESIAN_POINT('',(0.02,-0.1505,0.00019295689310754));
#13081=CARTESIAN_POINT('',(0.0215,-0.1505,0.00019295689310754));
#13082=CARTESIAN_POINT('',(0.0215,-0.1505,0.00019295689310754));
#13083=CARTESIAN_POINT('',(0.0215,-0.1505,-0.00080704310689246));
#13084=CARTESIAN_POINT('',(0.02,-0.1505,-0.00080704310689246));
#13085=CARTESIAN_POINT('',(0.0215,-0.1405,0.00019295689310754));
#13086=CARTESIAN_POINT('',(0.0215,-0.1405,0.00019295689310754));
#13087=CARTESIAN_POINT('',(0.0215,-0.1305,0.00019295689310754));
#13088=CARTESIAN_POINT('',(0.0215,-0.1305,0.00019295689310754));
#13089=CARTESIAN_POINT('',(0.0215,-0.1305,-0.00080704310689246));
#13090=CARTESIAN_POINT('',(0.0215,-0.00199999999999994,-0.00080704310689246));
#13091=CARTESIAN_POINT('',(0.0085,-0.1405,0.00019295689310754));
#13092=CARTESIAN_POINT('',(0.0085,-0.1305,0.00019295689310754));
#13093=CARTESIAN_POINT('',(0.0085,-0.1305,0.00019295689310754));
#13094=CARTESIAN_POINT('',(0.0085,-0.1305,-0.00080704310689246));
#13095=CARTESIAN_POINT('',(0.0085,-0.1405,0.00019295689310754));
#13096=CARTESIAN_POINT('',(0.0085,-0.1505,0.00019295689310754));
#13097=CARTESIAN_POINT('',(0.0085,-0.1505,0.00019295689310754));
#13098=CARTESIAN_POINT('',(0.0085,-0.1505,-0.00080704310689246));
#13099=CARTESIAN_POINT('',(0.0085,-0.00199999999999994,-0.00080704310689246));
#13100=CARTESIAN_POINT('',(0.01,-0.1505,0.00019295689310754));
#13101=CARTESIAN_POINT('',(0.01,-0.1505,0.00019295689310754));
#13102=CARTESIAN_POINT('',(0.0115,-0.1505,0.00019295689310754));
#13103=CARTESIAN_POINT('',(0.0115,-0.1505,0.00019295689310754));
#13104=CARTESIAN_POINT('',(0.0115,-0.1505,-0.00080704310689246));
#13105=CARTESIAN_POINT('',(0.01,-0.1505,-0.00080704310689246));
#13106=CARTESIAN_POINT('',(0.0115,-0.1405,0.00019295689310754));
#13107=CARTESIAN_POINT('',(0.0115,-0.1405,0.00019295689310754));
#13108=CARTESIAN_POINT('',(0.0115,-0.1305,0.00019295689310754));
#13109=CARTESIAN_POINT('',(0.0115,-0.1305,0.00019295689310754));
#13110=CARTESIAN_POINT('',(0.0115,-0.1305,-0.00080704310689246));
#13111=CARTESIAN_POINT('',(0.0115,-0.00199999999999994,-0.00080704310689246));
#13112=CARTESIAN_POINT('',(-0.0115,-0.1405,0.00019295689310754));
#13113=CARTESIAN_POINT('',(-0.0115,-0.1305,0.00019295689310754));
#13114=CARTESIAN_POINT('',(-0.0115,-0.1305,0.00019295689310754));
#13115=CARTESIAN_POINT('',(-0.0115,-0.1305,-0.00080704310689246));
#13116=CARTESIAN_POINT('',(-0.0115,-0.1405,0.00019295689310754));
#13117=CARTESIAN_POINT('',(-0.0115,-0.1505,0.00019295689310754));
#13118=CARTESIAN_POINT('',(-0.0115,-0.1505,0.00019295689310754));
#13119=CARTESIAN_POINT('',(-0.0115,-0.1505,-0.00080704310689246));
#13120=CARTESIAN_POINT('',(-0.0115,-0.00199999999999994,-0.00080704310689246));
#13121=CARTESIAN_POINT('',(-0.01,-0.1505,0.00019295689310754));
#13122=CARTESIAN_POINT('',(-0.01,-0.1505,0.00019295689310754));
#13123=CARTESIAN_POINT('',(-0.0085,-0.1505,0.00019295689310754));
#13124=CARTESIAN_POINT('',(-0.0085,-0.1505,0.00019295689310754));
#13125=CARTESIAN_POINT('',(-0.0085,-0.1505,-0.00080704310689246));
#13126=CARTESIAN_POINT('',(-0.01,-0.1505,-0.00080704310689246));
#13127=CARTESIAN_POINT('',(-0.0085,-0.1405,0.00019295689310754));
#13128=CARTESIAN_POINT('',(-0.0085,-0.1405,0.00019295689310754));
#13129=CARTESIAN_POINT('',(-0.0085,-0.1305,0.00019295689310754));
#13130=CARTESIAN_POINT('',(-0.0085,-0.1305,0.00019295689310754));
#13131=CARTESIAN_POINT('',(-0.0085,-0.1305,-0.00080704310689246));
#13132=CARTESIAN_POINT('',(-0.0085,-0.00199999999999994,-0.00080704310689246));
#13133=CARTESIAN_POINT('',(-0.0215,-0.1405,0.00019295689310754));
#13134=CARTESIAN_POINT('',(-0.0215,-0.1305,0.00019295689310754));
#13135=CARTESIAN_POINT('',(-0.0215,-0.1305,0.00019295689310754));
#13136=CARTESIAN_POINT('',(-0.0215,-0.1305,-0.00080704310689246));
#13137=CARTESIAN_POINT('',(-0.0215,-0.1405,0.00019295689310754));
#13138=CARTESIAN_POINT('',(-0.0215,-0.1505,0.00019295689310754));
#13139=CARTESIAN_POINT('',(-0.0215,-0.1505,0.00019295689310754));
#13140=CARTESIAN_POINT('',(-0.0215,-0.1505,-0.00080704310689246));
#13141=CARTESIAN_POINT('',(-0.0215,-0.00199999999999994,-0.00080704310689246));
#13142=CARTESIAN_POINT('',(-0.02,-0.1505,0.00019295689310754));
#13143=CARTESIAN_POINT('',(-0.02,-0.1505,0.00019295689310754));
#13144=CARTESIAN_POINT('',(-0.0185,-0.1505,0.00019295689310754));
#13145=CARTESIAN_POINT('',(-0.0185,-0.1505,0.00019295689310754));
#13146=CARTESIAN_POINT('',(-0.0185,-0.1505,-0.00080704310689246));
#13147=CARTESIAN_POINT('',(-0.02,-0.1505,-0.00080704310689246));
#13148=CARTESIAN_POINT('',(-0.0185,-0.1405,0.00019295689310754));
#13149=CARTESIAN_POINT('',(-0.0185,-0.1405,0.00019295689310754));
#13150=CARTESIAN_POINT('',(-0.0185,-0.1305,0.00019295689310754));
#13151=CARTESIAN_POINT('',(-0.0185,-0.1305,0.00019295689310754));
#13152=CARTESIAN_POINT('',(-0.0185,-0.1305,-0.00080704310689246));
#13153=CARTESIAN_POINT('',(-0.0185,-0.00199999999999994,-0.00080704310689246));
#13154=CARTESIAN_POINT('',(-0.0315,-0.1405,0.00019295689310754));
#13155=CARTESIAN_POINT('',(-0.0315,-0.1305,0.00019295689310754));
#13156=CARTESIAN_POINT('',(-0.0315,-0.1305,0.00019295689310754));
#13157=CARTESIAN_POINT('',(-0.0315,-0.1305,-0.00080704310689246));
#13158=CARTESIAN_POINT('',(-0.0315,-0.1405,0.00019295689310754));
#13159=CARTESIAN_POINT('',(-0.0315,-0.1505,0.00019295689310754));
#13160=CARTESIAN_POINT('',(-0.0315,-0.1505,0.00019295689310754));
#13161=CARTESIAN_POINT('',(-0.0315,-0.1505,-0.00080704310689246));
#13162=CARTESIAN_POINT('',(-0.0315,-0.00199999999999994,-0.00080704310689246));
#13163=CARTESIAN_POINT('',(-0.03,-0.1505,0.00019295689310754));
#13164=CARTESIAN_POINT('',(-0.03,-0.1505,0.00019295689310754));
#13165=CARTESIAN_POINT('',(-0.0285,-0.1505,0.00019295689310754));
#13166=CARTESIAN_POINT('',(-0.0285,-0.1505,0.00019295689310754));
#13167=CARTESIAN_POINT('',(-0.0285,-0.1505,-0.00080704310689246));
#13168=CARTESIAN_POINT('',(-0.03,-0.1505,-0.00080704310689246));
#13169=CARTESIAN_POINT('',(-0.0285,-0.1405,0.00019295689310754));
#13170=CARTESIAN_POINT('',(-0.0285,-0.1405,0.00019295689310754));
#13171=CARTESIAN_POINT('',(-0.0285,-0.1305,0.00019295689310754));
#13172=CARTESIAN_POINT('',(-0.0285,-0.1305,0.00019295689310754));
#13173=CARTESIAN_POINT('',(-0.0285,-0.1305,-0.00080704310689246));
#13174=CARTESIAN_POINT('',(-0.0285,-0.00199999999999994,-0.00080704310689246));
#13175=CARTESIAN_POINT('',(-0.0415,-0.1405,0.00019295689310754));
#13176=CARTESIAN_POINT('',(-0.0415,-0.1305,0.00019295689310754));
#13177=CARTESIAN_POINT('',(-0.0415,-0.1305,0.00019295689310754));
#13178=CARTESIAN_POINT('',(-0.0415,-0.1305,-0.00080704310689246));
#13179=CARTESIAN_POINT('',(-0.0415,-0.1405,0.00019295689310754));
#13180=CARTESIAN_POINT('',(-0.0415,-0.1505,0.00019295689310754));
#13181=CARTESIAN_POINT('',(-0.0415,-0.1505,0.00019295689310754));
#13182=CARTESIAN_POINT('',(-0.0415,-0.1505,-0.00080704310689246));
#13183=CARTESIAN_POINT('',(-0.0415,-0.00199999999999994,-0.00080704310689246));
#13184=CARTESIAN_POINT('',(-0.04,-0.1505,0.00019295689310754));
#13185=CARTESIAN_POINT('',(-0.04,-0.1505,0.00019295689310754));
#13186=CARTESIAN_POINT('',(-0.0385,-0.1505,0.00019295689310754));
#13187=CARTESIAN_POINT('',(-0.0385,-0.1505,0.00019295689310754));
#13188=CARTESIAN_POINT('',(-0.0385,-0.1505,-0.00080704310689246));
#13189=CARTESIAN_POINT('',(-0.04,-0.1505,-0.00080704310689246));
#13190=CARTESIAN_POINT('',(-0.0385,-0.1405,0.00019295689310754));
#13191=CARTESIAN_POINT('',(-0.0385,-0.1405,0.00019295689310754));
#13192=CARTESIAN_POINT('',(-0.0385,-0.1305,0.00019295689310754));
#13193=CARTESIAN_POINT('',(-0.0385,-0.1305,0.00019295689310754));
#13194=CARTESIAN_POINT('',(-0.0385,-0.1305,-0.00080704310689246));
#13195=CARTESIAN_POINT('',(-0.0385,-0.00199999999999994,-0.00080704310689246));
#13196=CARTESIAN_POINT('',(-0.0515,-0.1405,0.00019295689310754));
#13197=CARTESIAN_POINT('',(-0.0515,-0.1305,0.00019295689310754));
#13198=CARTESIAN_POINT('',(-0.0515,-0.1305,0.00019295689310754));
#13199=CARTESIAN_POINT('',(-0.0515,-0.1305,-0.00080704310689246));
#13200=CARTESIAN_POINT('',(-0.0515,-0.1405,0.00019295689310754));
#13201=CARTESIAN_POINT('',(-0.0515,-0.1505,0.00019295689310754));
#13202=CARTESIAN_POINT('',(-0.0515,-0.1505,0.00019295689310754));
#13203=CARTESIAN_POINT('',(-0.0515,-0.1505,-0.00080704310689246));
#13204=CARTESIAN_POINT('',(-0.0515,-0.00199999999999994,-0.00080704310689246));
#13205=CARTESIAN_POINT('',(-0.05,-0.1505,0.00019295689310754));
#13206=CARTESIAN_POINT('',(-0.05,-0.1505,0.00019295689310754));
#13207=CARTESIAN_POINT('',(-0.0485,-0.1505,0.00019295689310754));
#13208=CARTESIAN_POINT('',(-0.0485,-0.1505,0.00019295689310754));
#13209=CARTESIAN_POINT('',(-0.0485,-0.1505,-0.00080704310689246));
#13210=CARTESIAN_POINT('',(-0.05,-0.1505,-0.00080704310689246));
#13211=CARTESIAN_POINT('',(-0.0485,-0.1405,0.00019295689310754));
#13212=CARTESIAN_POINT('',(-0.0485,-0.1405,0.00019295689310754));
#13213=CARTESIAN_POINT('',(-0.0485,-0.1305,0.00019295689310754));
#13214=CARTESIAN_POINT('',(-0.0485,-0.1305,0.00019295689310754));
#13215=CARTESIAN_POINT('',(-0.0485,-0.1305,-0.00080704310689246));
#13216=CARTESIAN_POINT('',(-0.0485,-0.00199999999999994,-0.00080704310689246));
#13217=CARTESIAN_POINT('',(-0.0615,-0.1405,0.00019295689310754));
#13218=CARTESIAN_POINT('',(-0.0615,-0.1305,0.00019295689310754));
#13219=CARTESIAN_POINT('',(-0.0615,-0.1305,0.00019295689310754));
#13220=CARTESIAN_POINT('',(-0.0615,-0.1305,-0.00080704310689246));
#13221=CARTESIAN_POINT('',(-0.0615,-0.1405,0.00019295689310754));
#13222=CARTESIAN_POINT('',(-0.0615,-0.1505,0.00019295689310754));
#13223=CARTESIAN_POINT('',(-0.0615,-0.1505,0.00019295689310754));
#13224=CARTESIAN_POINT('',(-0.0615,-0.1505,-0.00080704310689246));
#13225=CARTESIAN_POINT('',(-0.0615,-0.00199999999999994,-0.00080704310689246));
#13226=CARTESIAN_POINT('',(-0.06,-0.1505,0.00019295689310754));
#13227=CARTESIAN_POINT('',(-0.06,-0.1505,0.00019295689310754));
#13228=CARTESIAN_POINT('',(-0.0585,-0.1505,0.00019295689310754));
#13229=CARTESIAN_POINT('',(-0.0585,-0.1505,0.00019295689310754));
#13230=CARTESIAN_POINT('',(-0.0585,-0.1505,-0.00080704310689246));
#13231=CARTESIAN_POINT('',(-0.06,-0.1505,-0.00080704310689246));
#13232=CARTESIAN_POINT('',(-0.0585,-0.1405,0.00019295689310754));
#13233=CARTESIAN_POINT('',(-0.0585,-0.1405,0.00019295689310754));
#13234=CARTESIAN_POINT('',(-0.0585,-0.1305,0.00019295689310754));
#13235=CARTESIAN_POINT('',(-0.0585,-0.1305,0.00019295689310754));
#13236=CARTESIAN_POINT('',(-0.0585,-0.1305,-0.00080704310689246));
#13237=CARTESIAN_POINT('',(-0.0585,-0.00199999999999994,-0.00080704310689246));
#13238=CARTESIAN_POINT('',(-0.0715,-0.1405,0.00019295689310754));
#13239=CARTESIAN_POINT('',(-0.0715,-0.1305,0.00019295689310754));
#13240=CARTESIAN_POINT('',(-0.0715,-0.1305,0.00019295689310754));
#13241=CARTESIAN_POINT('',(-0.0715,-0.1305,-0.00080704310689246));
#13242=CARTESIAN_POINT('',(-0.0715,-0.1405,0.00019295689310754));
#13243=CARTESIAN_POINT('',(-0.0715,-0.1505,0.00019295689310754));
#13244=CARTESIAN_POINT('',(-0.0715,-0.1505,0.00019295689310754));
#13245=CARTESIAN_POINT('',(-0.0715,-0.1505,-0.00080704310689246));
#13246=CARTESIAN_POINT('',(-0.0715,-0.00199999999999994,-0.00080704310689246));
#13247=CARTESIAN_POINT('',(-0.07,-0.1505,0.00019295689310754));
#13248=CARTESIAN_POINT('',(-0.07,-0.1505,0.00019295689310754));
#13249=CARTESIAN_POINT('',(-0.0685,-0.1505,0.00019295689310754));
#13250=CARTESIAN_POINT('',(-0.0685,-0.1505,0.00019295689310754));
#13251=CARTESIAN_POINT('',(-0.0685,-0.1505,-0.00080704310689246));
#13252=CARTESIAN_POINT('',(-0.07,-0.1505,-0.00080704310689246));
#13253=CARTESIAN_POINT('',(-0.0685,-0.1405,0.00019295689310754));
#13254=CARTESIAN_POINT('',(-0.0685,-0.1405,0.00019295689310754));
#13255=CARTESIAN_POINT('',(-0.0685,-0.1305,0.00019295689310754));
#13256=CARTESIAN_POINT('',(-0.0685,-0.1305,0.00019295689310754));
#13257=CARTESIAN_POINT('',(-0.0685,-0.1305,-0.00080704310689246));
#13258=CARTESIAN_POINT('',(-0.0685,-0.00199999999999994,-0.00080704310689246));
#13259=CARTESIAN_POINT('',(-0.0815,-0.1405,0.00019295689310754));
#13260=CARTESIAN_POINT('',(-0.0815,-0.1305,0.00019295689310754));
#13261=CARTESIAN_POINT('',(-0.0815,-0.1305,0.00019295689310754));
#13262=CARTESIAN_POINT('',(-0.0815,-0.1305,-0.00080704310689246));
#13263=CARTESIAN_POINT('',(-0.0815,-0.1405,0.00019295689310754));
#13264=CARTESIAN_POINT('',(-0.0815,-0.1505,0.00019295689310754));
#13265=CARTESIAN_POINT('',(-0.0815,-0.1505,0.00019295689310754));
#13266=CARTESIAN_POINT('',(-0.0815,-0.1505,-0.00080704310689246));
#13267=CARTESIAN_POINT('',(-0.0815,-0.00199999999999994,-0.00080704310689246));
#13268=CARTESIAN_POINT('',(-0.08,-0.1505,0.00019295689310754));
#13269=CARTESIAN_POINT('',(-0.08,-0.1505,0.00019295689310754));
#13270=CARTESIAN_POINT('',(-0.0785,-0.1505,0.00019295689310754));
#13271=CARTESIAN_POINT('',(-0.0785,-0.1505,0.00019295689310754));
#13272=CARTESIAN_POINT('',(-0.0785,-0.1505,-0.00080704310689246));
#13273=CARTESIAN_POINT('',(-0.08,-0.1505,-0.00080704310689246));
#13274=CARTESIAN_POINT('',(-0.0785,-0.1405,0.00019295689310754));
#13275=CARTESIAN_POINT('',(-0.0785,-0.1405,0.00019295689310754));
#13276=CARTESIAN_POINT('',(-0.0785,-0.1305,0.00019295689310754));
#13277=CARTESIAN_POINT('',(-0.0785,-0.1305,0.00019295689310754));
#13278=CARTESIAN_POINT('',(-0.0785,-0.1305,-0.00080704310689246));
#13279=CARTESIAN_POINT('',(-0.0785,-0.00199999999999994,-0.00080704310689246));
#13280=CARTESIAN_POINT('',(-0.0915,-0.1405,0.00019295689310754));
#13281=CARTESIAN_POINT('',(-0.0915,-0.1305,0.00019295689310754));
#13282=CARTESIAN_POINT('',(-0.0915,-0.1305,0.00019295689310754));
#13283=CARTESIAN_POINT('',(-0.0915,-0.1305,-0.00080704310689246));
#13284=CARTESIAN_POINT('',(-0.0915,-0.1405,0.00019295689310754));
#13285=CARTESIAN_POINT('',(-0.0915,-0.1505,0.00019295689310754));
#13286=CARTESIAN_POINT('',(-0.0915,-0.1505,0.00019295689310754));
#13287=CARTESIAN_POINT('',(-0.0915,-0.1505,-0.00080704310689246));
#13288=CARTESIAN_POINT('',(-0.0915,-0.00199999999999994,-0.00080704310689246));
#13289=CARTESIAN_POINT('',(-0.09,-0.1505,0.00019295689310754));
#13290=CARTESIAN_POINT('',(-0.09,-0.1505,0.00019295689310754));
#13291=CARTESIAN_POINT('',(-0.0885,-0.1505,0.00019295689310754));
#13292=CARTESIAN_POINT('',(-0.0885,-0.1505,0.00019295689310754));
#13293=CARTESIAN_POINT('',(-0.0885,-0.1505,-0.00080704310689246));
#13294=CARTESIAN_POINT('',(-0.09,-0.1505,-0.00080704310689246));
#13295=CARTESIAN_POINT('',(-0.0885,-0.1405,0.00019295689310754));
#13296=CARTESIAN_POINT('',(-0.0885,-0.1405,0.00019295689310754));
#13297=CARTESIAN_POINT('',(-0.0885,-0.1305,0.00019295689310754));
#13298=CARTESIAN_POINT('',(-0.0885,-0.1305,0.00019295689310754));
#13299=CARTESIAN_POINT('',(-0.0885,-0.1305,-0.00080704310689246));
#13300=CARTESIAN_POINT('',(-0.0885,-0.00199999999999994,-0.00080704310689246));
#13301=CARTESIAN_POINT('',(-0.09,-0.1305,0.00019295689310754));
#13302=CARTESIAN_POINT('',(-0.09,-0.1305,0.00019295689310754));
#13303=CARTESIAN_POINT('',(-0.09,-0.1305,-0.00080704310689246));
#13304=CARTESIAN_POINT('',(-0.08,-0.1305,0.00019295689310754));
#13305=CARTESIAN_POINT('',(-0.08,-0.1305,0.00019295689310754));
#13306=CARTESIAN_POINT('',(-0.08,-0.1305,-0.00080704310689246));
#13307=CARTESIAN_POINT('',(-0.07,-0.1305,0.00019295689310754));
#13308=CARTESIAN_POINT('',(-0.07,-0.1305,0.00019295689310754));
#13309=CARTESIAN_POINT('',(-0.07,-0.1305,-0.00080704310689246));
#13310=CARTESIAN_POINT('',(-0.06,-0.1305,0.00019295689310754));
#13311=CARTESIAN_POINT('',(-0.06,-0.1305,0.00019295689310754));
#13312=CARTESIAN_POINT('',(-0.06,-0.1305,-0.00080704310689246));
#13313=CARTESIAN_POINT('',(-0.05,-0.1305,0.00019295689310754));
#13314=CARTESIAN_POINT('',(-0.05,-0.1305,0.00019295689310754));
#13315=CARTESIAN_POINT('',(-0.05,-0.1305,-0.00080704310689246));
#13316=CARTESIAN_POINT('',(-0.04,-0.1305,0.00019295689310754));
#13317=CARTESIAN_POINT('',(-0.04,-0.1305,0.00019295689310754));
#13318=CARTESIAN_POINT('',(-0.04,-0.1305,-0.00080704310689246));
#13319=CARTESIAN_POINT('',(-0.03,-0.1305,0.00019295689310754));
#13320=CARTESIAN_POINT('',(-0.03,-0.1305,0.00019295689310754));
#13321=CARTESIAN_POINT('',(-0.03,-0.1305,-0.00080704310689246));
#13322=CARTESIAN_POINT('',(-0.02,-0.1305,0.00019295689310754));
#13323=CARTESIAN_POINT('',(-0.02,-0.1305,0.00019295689310754));
#13324=CARTESIAN_POINT('',(-0.02,-0.1305,-0.00080704310689246));
#13325=CARTESIAN_POINT('',(-0.01,-0.1305,0.00019295689310754));
#13326=CARTESIAN_POINT('',(-0.01,-0.1305,0.00019295689310754));
#13327=CARTESIAN_POINT('',(-0.01,-0.1305,-0.00080704310689246));
#13328=CARTESIAN_POINT('',(0.01,-0.1305,0.00019295689310754));
#13329=CARTESIAN_POINT('',(0.01,-0.1305,0.00019295689310754));
#13330=CARTESIAN_POINT('',(0.01,-0.1305,-0.00080704310689246));
#13331=CARTESIAN_POINT('',(0.02,-0.1305,0.00019295689310754));
#13332=CARTESIAN_POINT('',(0.02,-0.1305,0.00019295689310754));
#13333=CARTESIAN_POINT('',(0.02,-0.1305,-0.00080704310689246));
#13334=CARTESIAN_POINT('',(0.03,-0.1305,0.00019295689310754));
#13335=CARTESIAN_POINT('',(0.03,-0.1305,0.00019295689310754));
#13336=CARTESIAN_POINT('',(0.03,-0.1305,-0.00080704310689246));
#13337=CARTESIAN_POINT('',(0.04,-0.1305,0.00019295689310754));
#13338=CARTESIAN_POINT('',(0.04,-0.1305,0.00019295689310754));
#13339=CARTESIAN_POINT('',(0.04,-0.1305,-0.00080704310689246));
#13340=CARTESIAN_POINT('',(0.06,-0.1305,0.00019295689310754));
#13341=CARTESIAN_POINT('',(0.06,-0.1305,0.00019295689310754));
#13342=CARTESIAN_POINT('',(0.06,-0.1305,-0.00080704310689246));
#13343=CARTESIAN_POINT('',(0.09,-0.1305,0.00019295689310754));
#13344=CARTESIAN_POINT('',(0.09,-0.1305,0.00019295689310754));
#13345=CARTESIAN_POINT('',(0.09,-0.1305,-0.00080704310689246));
#13346=CARTESIAN_POINT('',(0.1199,-0.00199999999999994,0.00019295689310754));
#13347=CARTESIAN_POINT('',(0.1199,-0.00199999999999994,0.00019295689310754));
#13348=CARTESIAN_POINT('',(0.1199,-0.156145078749317,0.000192956893107582));
#13349=CARTESIAN_POINT('',(0.1199,-0.156145078749317,0.00019295689310754));
#13350=CARTESIAN_POINT('',(0.1199,-0.156145078749317,-0.000140376440225779));
#13351=CARTESIAN_POINT('',(0.1199,-0.156145078749317,-0.000473709773559098));
#13352=CARTESIAN_POINT('',(0.1199,-0.156145078749317,-0.000807043106892417));
#13353=CARTESIAN_POINT('',(0.1199,-0.156145078749317,-0.000807043106892418));
#13354=CARTESIAN_POINT('',(0.1199,-0.00199999999999994,-0.00080704310689246));
#13355=CARTESIAN_POINT('',(0.07525,-0.147,0.00019295689310754));
#13356=CARTESIAN_POINT('',(0.07525,-0.147,0.00019295689310754));
#13357=CARTESIAN_POINT('',(0.120002,-0.147,-0.00080704310689246));
#13358=CARTESIAN_POINT('',(0.05,-0.1385,0.00019295689310754));
#13359=CARTESIAN_POINT('',(0.05,-0.1385,0.00019295689310754));
#13360=CARTESIAN_POINT('',(0.05,-0.1385,-0.00080704310689246));
#13361=CARTESIAN_POINT('',(6.18055684677449E-17,-0.1305,0.00019295689310754));
#13362=CARTESIAN_POINT('',(6.18055684677449E-17,-0.1305,0.00019295689310754));
#13363=CARTESIAN_POINT('',(6.18055684677449E-17,-0.1305,-0.00080704310689246));
#13364=CARTESIAN_POINT('',(0.1025,-0.1395,0.00019295689310754));
#13365=CARTESIAN_POINT('',(0.1025,-0.1395,-0.00080704310689246));
#13366=CARTESIAN_POINT('',(0.095,-0.1395,-0.00080704310689246));
#13367=CARTESIAN_POINT('',(0.1025,-0.1395,0.00019295689310754));
#13368=CARTESIAN_POINT('',(0.095,-0.1395,0.00019295689310754));
#13369=CARTESIAN_POINT('',(0.120002,-0.00199999999999994,-0.00080704310689246));
#13370=CARTESIAN_POINT('',(-0.07,-0.12,-0.00080704310689246));
#13371=CARTESIAN_POINT('',(-0.07125,-0.12,-0.00080704310689246));
#13372=CARTESIAN_POINT('',(0.07,-0.12,-0.00080704310689246));
#13373=CARTESIAN_POINT('',(0.06875,-0.12,-0.00080704310689246));
#13374=CARTESIAN_POINT('',(0.120002,-0.156145078749317,-0.00080704310689246));
#13375=CARTESIAN_POINT('',(0.120002,-0.00199999999999994,0.00019295689310754));
#13376=CARTESIAN_POINT('',(0.120002,-0.156145078749317,0.00019295689310754));
#13377=CARTESIAN_POINT('',(0.120002,-0.171203189277953,0.0840038715423025));
#13378=CARTESIAN_POINT('',(-0.119,-0.171203189277953,0.0840038715423025));
#13379=CARTESIAN_POINT('',(-0.119,-0.158132311287973,0.000955410473535469));
#13380=CARTESIAN_POINT('',(-0.119,-0.184275175721456,0.167059375394217));
#13381=CARTESIAN_POINT('',(-0.118966539068086,-0.158126534893329,0.00091870898445956));
#13382=CARTESIAN_POINT('',(-0.118933078136173,-0.158120758498684,0.000882007495383574));
#13383=CARTESIAN_POINT('',(0.120002,-0.158120758498684,0.00088200749538358));
#13384=CARTESIAN_POINT('',(0.118933078136173,-0.158120758498684,0.000882007495383537));
#13385=CARTESIAN_POINT('',(0.118966539068087,-0.158126534893329,0.000918708984459539));
#13386=CARTESIAN_POINT('',(0.11896665052329,-0.184280967675491,0.167096175743014));
#13387=CARTESIAN_POINT('',(0.118933301046579,-0.184286759629524,0.167132976091811));
#13388=CARTESIAN_POINT('',(0.120002,-0.184286759629524,0.167132976091811));
#13389=CARTESIAN_POINT('',(-0.118933301046579,-0.184286759629524,0.167132976091811));
#13390=CARTESIAN_POINT('',(-0.11896665052329,-0.184280967675491,0.167096175743014));
#13391=CARTESIAN_POINT('',(0.120002,-0.17021534940327,0.0841593462411645));
#13392=CARTESIAN_POINT('',(0.120002,-0.157132918624001,0.00103748219424558));
#13393=CARTESIAN_POINT('',(0.118933078136173,-0.157132918624001,0.00103748219424559));
#13394=CARTESIAN_POINT('',(-0.118933078136173,-0.157132918624001,0.00103748219424557));
#13395=CARTESIAN_POINT('',(-0.0537682490105836,-0.145883448018878,-0.0704382994869758));
#13396=CARTESIAN_POINT('',(-0.119,-0.15714447141329,0.00111088517239747));
#13397=CARTESIAN_POINT('',(-0.119,-0.17021534940327,0.0841593462411645));
#13398=CARTESIAN_POINT('',(-0.119,-0.183287335846774,0.167214850093078));
#13399=CARTESIAN_POINT('',(-0.0544566530130168,-0.19449687002353,0.238436887617338));
#13400=CARTESIAN_POINT('',(-0.118933301046579,-0.183298919754842,0.167288450790673));
#13401=CARTESIAN_POINT('',(0.120002,-0.183298919754841,0.167288450790673));
#13402=CARTESIAN_POINT('',(0.118933301046579,-0.183298919754842,0.167288450790673));
#13403=CARTESIAN_POINT('',(0.161228441810916,-0.175953331897361,0.120616775966925));
#13404=CARTESIAN_POINT('',(0.161254901018204,-0.164438977871837,0.0474580040195695));
#13405=CARTESIAN_POINT('',(0.118966539068087,-0.158126534893329,0.000918708984459539));
#13406=CARTESIAN_POINT('',(0.118933078136173,-0.158120758498684,0.000882007495383552));
#13407=CARTESIAN_POINT('',(0.118933078136173,-0.157791478540456,0.000933832395004223));
#13408=CARTESIAN_POINT('',(0.118933078136173,-0.157462198582228,0.000985657294624895));
#13409=CARTESIAN_POINT('',(0.118933078136173,-0.157132918624001,0.00103748219424557));
#13410=CARTESIAN_POINT('',(0.11896665052329,-0.184280967675491,0.167096175743014));
#13411=CARTESIAN_POINT('',(0.11893330104658,-0.183298919754842,0.167288450790673));
#13412=CARTESIAN_POINT('',(0.11893330104658,-0.183628199713069,0.167236625891053));
#13413=CARTESIAN_POINT('',(0.11893330104658,-0.183957479671297,0.167184800991432));
#13414=CARTESIAN_POINT('',(0.11893330104658,-0.184286759629525,0.167132976091811));
#13415=CARTESIAN_POINT('',(-0.11896665052329,-0.184280967675491,0.167096175743014));
#13416=CARTESIAN_POINT('',(-0.119,-0.183287335846773,0.167214850093079));
#13417=CARTESIAN_POINT('',(-0.119,-0.183616615805001,0.167163025193458));
#13418=CARTESIAN_POINT('',(-0.119,-0.183945895763229,0.167111200293837));
#13419=CARTESIAN_POINT('',(-0.119,-0.184275175721456,0.167059375394217));
#13420=CARTESIAN_POINT('',(-0.118933301046579,-0.184286759629525,0.167132976091811));
#13421=CARTESIAN_POINT('',(-0.118933301046579,-0.183957479671297,0.167184800991432));
#13422=CARTESIAN_POINT('',(-0.118933301046579,-0.183628199713069,0.167236625891053));
#13423=CARTESIAN_POINT('',(-0.118933301046579,-0.183298919754842,0.167288450790673));
#13424=CARTESIAN_POINT('',(-0.118966539068086,-0.158126534893329,0.00091870898445956));
#13425=CARTESIAN_POINT('',(-0.118933078136173,-0.157132918624001,0.00103748219424556));
#13426=CARTESIAN_POINT('',(-0.118933078136173,-0.157462198582228,0.000985657294624889));
#13427=CARTESIAN_POINT('',(-0.118933078136173,-0.157791478540456,0.000933832395004221));
#13428=CARTESIAN_POINT('',(-0.118933078136173,-0.158120758498684,0.000882007495383552));
#13429=CARTESIAN_POINT('',(-0.119,-0.158132311287973,0.000955410473535566));
#13430=CARTESIAN_POINT('',(-0.119,-0.157803031329745,0.00100723537315623));
#13431=CARTESIAN_POINT('',(-0.119,-0.157473751371518,0.0010590602727769));
#13432=CARTESIAN_POINT('',(-0.119,-0.15714447141329,0.00111088517239757));
#13433=CARTESIAN_POINT('',(-0.118933078136173,-0.158120758498684,0.000882007495383587));
#13434=CARTESIAN_POINT('',(-0.119010829497119,-0.158099254958079,0.000745380410644205));
#13435=CARTESIAN_POINT('',(-0.119081233267761,-0.158065270118561,0.000621324737230514));
#13436=CARTESIAN_POINT('',(-0.119175950198537,-0.158004929477928,0.000455102014880046));
#13437=CARTESIAN_POINT('',(-0.119205700351249,-0.157983241675465,0.000402983919393989));
#13438=CARTESIAN_POINT('',(-0.119247592343998,-0.157949359730158,0.000329652078605339));
#13439=CARTESIAN_POINT('',(-0.119261100802195,-0.157937839465056,0.0003060143085876));
#13440=CARTESIAN_POINT('',(-0.11928068018041,-0.157920334616599,0.000271745115764855));
#13441=CARTESIAN_POINT('',(-0.119287092754968,-0.157914462178188,0.000260519896629869));
#13442=CARTESIAN_POINT('',(-0.119296540789536,-0.157905610933068,0.000243975572075851));
#13443=CARTESIAN_POINT('',(-0.11929966166318,-0.157902653415063,0.000238509711108719));
#13444=CARTESIAN_POINT('',(-0.119304300266829,-0.157898208143913,0.000230383852745815));
#13445=CARTESIAN_POINT('',(-0.119305839350243,-0.157896724887523,0.00022768738860718));
#13446=CARTESIAN_POINT('',(-0.119308903281463,-0.157893755649005,0.000222318695677384));
#13447=CARTESIAN_POINT('',(-0.119309981132235,-0.157892707675194,0.000220429925695734));
#13448=CARTESIAN_POINT('',(-0.119374817124561,-0.157829175477524,0.000106790851125574));
#13449=CARTESIAN_POINT('',(-0.119432161394838,-0.157759196781506,6.14553728327718E-6));
#13450=CARTESIAN_POINT('',(-0.119509887307741,-0.157646241228822,-0.000129913381774833));
#13451=CARTESIAN_POINT('',(-0.119534414196622,-0.157607253677139,-0.000172794584492273));
#13452=CARTESIAN_POINT('',(-0.119569131906817,-0.157547291146161,-0.000233440158441592));
#13453=CARTESIAN_POINT('',(-0.119580359039694,-0.157527056382389,-0.000253043297986962));
#13454=CARTESIAN_POINT('',(-0.119596681583227,-0.157496394989588,-0.000281539326460783));
#13455=CARTESIAN_POINT('',(-0.119602036071774,-0.157486122957731,-0.000290886591571239));
#13456=CARTESIAN_POINT('',(-0.11960993826565,-0.157470645020637,-0.00030468185650002));
#13457=CARTESIAN_POINT('',(-0.119612550740451,-0.157465474058349,-0.000309242674766211));
#13458=CARTESIAN_POINT('',(-0.119617732510404,-0.15745511005699,-0.000318289376284608));
#13459=CARTESIAN_POINT('',(-0.119619986091724,-0.157450561836749,-0.000322223990230734));
#13460=CARTESIAN_POINT('',(-0.11971447892403,-0.157257568210638,-0.000487218342439382));
#13461=CARTESIAN_POINT('',(-0.119783389504696,-0.157044886844126,-0.000608691867643938));
#13462=CARTESIAN_POINT('',(-0.119875773001068,-0.156601245954423,-0.000768548739202981));
#13463=CARTESIAN_POINT('',(-0.119899246222382,-0.156370335616689,-0.000807043106892412));
#13464=CARTESIAN_POINT('',(-0.1199,-0.156145078749317,-0.000807043106892418));
#13465=CARTESIAN_POINT('',(-0.118933078136173,-0.157132918624001,0.00103748219424559));
#13466=CARTESIAN_POINT('',(-0.119010817152638,-0.157122168560742,0.000969179497926654));
#13467=CARTESIAN_POINT('',(-0.119081233267761,-0.157105174433939,0.000907140815169047));
#13468=CARTESIAN_POINT('',(-0.119175950198537,-0.157075004113623,0.000824029453993812));
#13469=CARTESIAN_POINT('',(-0.119205700351249,-0.157064160212392,0.000797970406250785));
#13470=CARTESIAN_POINT('',(-0.119247592343998,-0.157047219239738,0.00076130448585646));
#13471=CARTESIAN_POINT('',(-0.119261100802195,-0.157041459107187,0.000749485600847591));
#13472=CARTESIAN_POINT('',(-0.11928068018041,-0.157032706682958,0.000732351004436218));
#13473=CARTESIAN_POINT('',(-0.119287092754968,-0.157029770463753,0.000726738394868725));
#13474=CARTESIAN_POINT('',(-0.119296540789536,-0.157025344841193,0.000718466232591716));
#13475=CARTESIAN_POINT('',(-0.11929966166318,-0.15702386608219,0.00071573330210815));
#13476=CARTESIAN_POINT('',(-0.119304300266829,-0.157021643446615,0.000711670372926699));
#13477=CARTESIAN_POINT('',(-0.119305839350243,-0.15702090181842,0.000710322140857383));
#13478=CARTESIAN_POINT('',(-0.119308903281463,-0.157019417199161,0.000707637794392484));
#13479=CARTESIAN_POINT('',(-0.119309981132235,-0.157018893212256,0.000706693409401658));
#13480=CARTESIAN_POINT('',(-0.119374817124561,-0.156987127113421,0.000649873872116578));
#13481=CARTESIAN_POINT('',(-0.119432161394838,-0.156952137765412,0.000599551215195428));
#13482=CARTESIAN_POINT('',(-0.119509887307741,-0.15689565998907,0.000531521755666373));
#13483=CARTESIAN_POINT('',(-0.119534414196622,-0.156876166213229,0.000510081154307658));
#13484=CARTESIAN_POINT('',(-0.119569131906817,-0.156846184947739,0.000479758367332998));
#13485=CARTESIAN_POINT('',(-0.119580359039694,-0.156836067565853,0.00046995679756031));
#13486=CARTESIAN_POINT('',(-0.119596681583227,-0.156820736869452,0.000455708783323399));
#13487=CARTESIAN_POINT('',(-0.119602036071774,-0.156815600853524,0.000451035150768168));
#13488=CARTESIAN_POINT('',(-0.11960993826565,-0.156807861884977,0.000444137518303777));
#13489=CARTESIAN_POINT('',(-0.119612550740451,-0.156805276403833,0.000441857109170687));
#13490=CARTESIAN_POINT('',(-0.119617732510404,-0.156800094403154,0.000437333758411489));
#13491=CARTESIAN_POINT('',(-0.119619986091724,-0.156797820293033,0.000435366451438426));
#13492=CARTESIAN_POINT('',(-0.11971447892403,-0.156701323479978,0.000352869275334101));
#13493=CARTESIAN_POINT('',(-0.119783389504696,-0.156594982796722,0.00029213251273182));
#13494=CARTESIAN_POINT('',(-0.119875773001068,-0.156373162351871,0.0002122040769523));
#13495=CARTESIAN_POINT('',(-0.119899246222371,-0.156257707184537,0.000192956893107585));
#13496=CARTESIAN_POINT('',(-0.1199,-0.156145078749317,0.000192956893107582));
#13497=CARTESIAN_POINT('',(-0.118933078136173,-0.157132918624001,0.00103748219424559));
#13498=CARTESIAN_POINT('',(-0.119010800017059,-0.157122170930319,0.000969194553510165));
#13499=CARTESIAN_POINT('',(-0.119155529843538,-0.157085825712895,0.000841729401484844));
#13500=CARTESIAN_POINT('',(-0.119305712851696,-0.15702671893176,0.000710554710851143));
#13501=CARTESIAN_POINT('',(-0.119493293905332,-0.156914882179265,0.000545881386559608));
#13502=CARTESIAN_POINT('',(-0.119668880095042,-0.156762596391287,0.000392851799102493));
#13503=CARTESIAN_POINT('',(-0.119856352281237,-0.156485663789839,0.000227924930444845));
#13504=CARTESIAN_POINT('',(-0.119899245916774,-0.156257752846509,0.000192956893107584));
#13505=CARTESIAN_POINT('',(-0.1199,-0.156145078749318,0.000192956893107582));
#13506=CARTESIAN_POINT('',(-0.118933078136173,-0.158120758498684,0.00088200749538359));
#13507=CARTESIAN_POINT('',(-0.119010800017059,-0.158099263111321,0.000745432213912748));
#13508=CARTESIAN_POINT('',(-0.119155565497538,-0.15802652089106,0.000490439256769067));
#13509=CARTESIAN_POINT('',(-0.119305588062698,-0.157908540363143,0.000228371814420342));
#13510=CARTESIAN_POINT('',(-0.119493757407324,-0.157684012398866,-0.00010200861019788));
#13511=CARTESIAN_POINT('',(-0.119623254328645,-0.157458768519692,-0.000327699826161618));
#13512=CARTESIAN_POINT('',(-0.119750322343405,-0.15714919479266,-0.000550534999668878));
#13513=CARTESIAN_POINT('',(-0.11986320366579,-0.156717917254358,-0.000747786924982424));
#13514=CARTESIAN_POINT('',(-0.119899245916774,-0.1563704269437,-0.000807043106892414));
#13515=CARTESIAN_POINT('',(-0.1199,-0.156145078749318,-0.000807043106892419));
#13516=CARTESIAN_POINT('',(0.1199,-0.156145078749317,-0.000807043106892418));
#13517=CARTESIAN_POINT('',(0.119899246924666,-0.156370125748093,-0.000807043106892412));
#13518=CARTESIAN_POINT('',(0.119875774042995,-0.156600940575148,-0.000768619733066039));
#13519=CARTESIAN_POINT('',(0.119806486420716,-0.156933689903682,-0.000648778881471132));
#13520=CARTESIAN_POINT('',(0.119777710751676,-0.157042334199189,-0.00059854113218782));
#13521=CARTESIAN_POINT('',(0.119726027555695,-0.157198850797026,-0.000507983317690552));
#13522=CARTESIAN_POINT('',(0.119707379874965,-0.157249946413951,-0.000475270066079706));
#13523=CARTESIAN_POINT('',(0.119677278430764,-0.157324585348464,-0.000422497414044847));
#13524=CARTESIAN_POINT('',(0.119666889628846,-0.157349130873685,-0.000404289824676564));
#13525=CARTESIAN_POINT('',(0.119650773945193,-0.15738539911632,-0.000376068293469959));
#13526=CARTESIAN_POINT('',(0.119645313303846,-0.157397396856155,-0.000366509452587456));
#13527=CARTESIAN_POINT('',(0.119636989221631,-0.157415249850307,-0.000351945807785988));
#13528=CARTESIAN_POINT('',(0.11963419234086,-0.157421176912485,-0.000347053697341363));
#13529=CARTESIAN_POINT('',(0.119628554205921,-0.15743298214873,-0.000337194725039076));
#13530=CARTESIAN_POINT('',(0.119625383965337,-0.157439532811136,-0.000331652938602408));
#13531=CARTESIAN_POINT('',(0.119582298239654,-0.157527605287667,-0.000256357906815717));
#13532=CARTESIAN_POINT('',(0.119536113966404,-0.157608098100362,-0.000175791657437111));
#13533=CARTESIAN_POINT('',(0.119458388053501,-0.157721102490037,-3.97732974560426E-5));
#13534=CARTESIAN_POINT('',(0.119431071165363,-0.15775747400191,8.0850051766735E-6));
#13535=CARTESIAN_POINT('',(0.119387983457398,-0.157809509019967,8.36296940839779E-5));
#13536=CARTESIAN_POINT('',(0.11937326882545,-0.157826433271635,0.000109436701139929));
#13537=CARTESIAN_POINT('',(0.119350668783589,-0.157851113263104,0.000149075435852957));
#13538=CARTESIAN_POINT('',(0.119343047420646,-0.157859222176247,0.00016244299820057));
#13539=CARTESIAN_POINT('',(0.119331483352746,-0.15787119934801,0.000182724581860169));
#13540=CARTESIAN_POINT('',(0.119327606659531,-0.157875160704525,0.000189523479601566));
#13541=CARTESIAN_POINT('',(0.119321758613839,-0.157881054982363,0.000199779132044476));
#13542=CARTESIAN_POINT('',(0.119319803764296,-0.15788301178209,0.000203207233606372));
#13543=CARTESIAN_POINT('',(0.119315883063254,-0.157886909260738,0.000210082494024964));
#13544=CARTESIAN_POINT('',(0.119313458053137,-0.157889300052987,0.000214334763741041));
#13545=CARTESIAN_POINT('',(0.119215165452133,-0.157985656319239,0.000386685749975848));
#13546=CARTESIAN_POINT('',(0.11908926287917,-0.158077562792242,0.000607554857426451));
#13547=CARTESIAN_POINT('',(0.118933078136173,-0.158120758498684,0.000882007495383585));
#13548=CARTESIAN_POINT('',(0.1199,-0.156145078749317,0.000192956893107582));
#13549=CARTESIAN_POINT('',(0.119899246924655,-0.156257602250278,0.000192956893107586));
#13550=CARTESIAN_POINT('',(0.119875774042995,-0.156373009662233,0.000212168580020771));
#13551=CARTESIAN_POINT('',(0.119806486420716,-0.156539384326499,0.000272089005818223));
#13552=CARTESIAN_POINT('',(0.119777710751676,-0.156593706474253,0.00029720788045988));
#13553=CARTESIAN_POINT('',(0.119726027555695,-0.156671964773171,0.000342486787708514));
#13554=CARTESIAN_POINT('',(0.119707379874965,-0.156697512581634,0.000358843413513936));
#13555=CARTESIAN_POINT('',(0.119677278430764,-0.156734832048891,0.000385229739531365));
#13556=CARTESIAN_POINT('',(0.119666889628846,-0.156747104811501,0.000394333534215508));
#13557=CARTESIAN_POINT('',(0.119650773945193,-0.156765238932819,0.000408444299818809));
#13558=CARTESIAN_POINT('',(0.119645313303846,-0.156771237802736,0.000413223720260064));
#13559=CARTESIAN_POINT('',(0.119636989221631,-0.156780164299812,0.000420505542660799));
#13560=CARTESIAN_POINT('',(0.11963419234086,-0.156783127830902,0.00042295159788311));
#13561=CARTESIAN_POINT('',(0.119628554205921,-0.156789030449024,0.000427881084034253));
#13562=CARTESIAN_POINT('',(0.119625383965337,-0.156792305780226,0.000430651977252587));
#13563=CARTESIAN_POINT('',(0.119582298239654,-0.156836342018492,0.000468299493145933));
#13564=CARTESIAN_POINT('',(0.119536113966404,-0.15687658842484,0.000508582617835234));
#13565=CARTESIAN_POINT('',(0.119458388053501,-0.156933090619677,0.000576591797825768));
#13566=CARTESIAN_POINT('',(0.119431071165363,-0.156951276375613,0.000600520949142129));
#13567=CARTESIAN_POINT('',(0.119387983457398,-0.156977293884642,0.000638293293595781));
#13568=CARTESIAN_POINT('',(0.11937326882545,-0.156985756010477,0.000651196797123759));
#13569=CARTESIAN_POINT('',(0.119350668783589,-0.156998096006211,0.000671016164480273));
#13570=CARTESIAN_POINT('',(0.119343047420646,-0.157002150462782,0.000677699945654077));
#13571=CARTESIAN_POINT('',(0.119331483352746,-0.157008139048664,0.000687840737483877));
#13572=CARTESIAN_POINT('',(0.119327606659531,-0.157010119726921,0.000691240186354574));
#13573=CARTESIAN_POINT('',(0.119321758613839,-0.15701306686584,0.000696368012576029));
#13574=CARTESIAN_POINT('',(0.119319803764296,-0.157014045265704,0.000698082063356978));
#13575=CARTESIAN_POINT('',(0.119315883063254,-0.157015994005027,0.000701519693566275));
#13576=CARTESIAN_POINT('',(0.119313458053137,-0.157017189401152,0.000703645828424311));
#13577=CARTESIAN_POINT('',(0.119215165452133,-0.157065367534278,0.000789821321541715));
#13578=CARTESIAN_POINT('',(0.119089100965775,-0.157111343160814,0.000900398134867727));
#13579=CARTESIAN_POINT('',(0.118933078136173,-0.157132918624001,0.00103748219424558));
#13580=CARTESIAN_POINT('',(0.1199,-0.156145078749318,0.000192956893107582));
#13581=CARTESIAN_POINT('',(0.119899246611392,-0.156257649057615,0.000192956893107585));
#13582=CARTESIAN_POINT('',(0.119856473269293,-0.156485350570473,0.000227721078771296));
#13583=CARTESIAN_POINT('',(0.119668551719251,-0.156762855134565,0.000393148569756483));
#13584=CARTESIAN_POINT('',(0.119493860784145,-0.156914479085238,0.000545387969717129));
#13585=CARTESIAN_POINT('',(0.11930545802476,-0.157026861865205,0.000710772128358377));
#13586=CARTESIAN_POINT('',(0.11915598227247,-0.157085657073145,0.000841353148298376));
#13587=CARTESIAN_POINT('',(0.119010977173636,-0.157122146432397,0.000969038901015518));
#13588=CARTESIAN_POINT('',(0.118933078136173,-0.157132918624001,0.00103748219424558));
#13589=CARTESIAN_POINT('',(0.1199,-0.156145078749318,-0.000807043106892419));
#13590=CARTESIAN_POINT('',(0.119899246611392,-0.156370219365913,-0.000807043106892412));
#13591=CARTESIAN_POINT('',(0.119863180299352,-0.156717610023582,-0.000747839367771831));
#13592=CARTESIAN_POINT('',(0.11975036418171,-0.157148897221236,-0.000550764180757789));
#13593=CARTESIAN_POINT('',(0.11962309872935,-0.157459050878543,-0.000327388241088388));
#13594=CARTESIAN_POINT('',(0.119494337966198,-0.157683180534887,-0.000103025769401917));
#13595=CARTESIAN_POINT('',(0.119305329552669,-0.15790883314278,0.00022881481399764));
#13596=CARTESIAN_POINT('',(0.119156018978782,-0.15802618163649,0.000489684417663893));
#13597=CARTESIAN_POINT('',(0.119010977173636,-0.158099214115476,0.000745120908923454));
#13598=CARTESIAN_POINT('',(0.118933078136173,-0.158120758498684,0.000882007495383586));
#13599=CARTESIAN_POINT('',(9.04285058213622E-17,-0.156145078749317,0.00119295689310758));
#13600=CARTESIAN_POINT('',(9.04285058213622E-17,-0.156145078749317,0.00119295689310758));
#13601=CARTESIAN_POINT('',(0.120002,-0.118315246018627,0.189756053089843));
#13602=CARTESIAN_POINT('',(0.120002,-0.118315246018627,0.189756053089843));
#13603=CARTESIAN_POINT('',(0.1199,-0.118315246018627,0.189756053089843));
#13604=CARTESIAN_POINT('',(0.118508242475958,-0.118315246018627,0.189756053089843));
#13605=CARTESIAN_POINT('',(0.118508242475958,-0.118315246018627,0.189756053089843));
#13606=CARTESIAN_POINT('',(0.118508242475958,-0.118630492037254,0.190705063072794));
#13607=CARTESIAN_POINT('',(0.120002,-0.118630492037254,0.190705063072794));
#13608=CARTESIAN_POINT('',(0.1199,-0.118630492037254,0.190705063072794));
#13609=CARTESIAN_POINT('',(0.1199,-0.118315246018627,0.189756053089843));
#13610=CARTESIAN_POINT('',(0.120002,-0.133625858761334,0.184670111111793));
#13611=CARTESIAN_POINT('',(-0.02275,-0.133625858761334,0.184670111111793));
#13612=CARTESIAN_POINT('',(-0.02275,-0.133625858761334,0.184670111111793));
#13613=CARTESIAN_POINT('',(-0.02275,-0.13394110477996,0.185619121094743));
#13614=CARTESIAN_POINT('',(0.120002,-0.133625858761334,0.184670111111793));
#13615=CARTESIAN_POINT('',(0.02275,-0.133625858761334,0.184670111111793));
#13616=CARTESIAN_POINT('',(0.02275,-0.133625858761334,0.184670111111793));
#13617=CARTESIAN_POINT('',(0.02275,-0.13394110477996,0.185619121094743));
#13618=CARTESIAN_POINT('',(0.120002,-0.13394110477996,0.185619121094743));
#13619=CARTESIAN_POINT('',(0.02275,-0.15021534940327,0.179159346241165));
#13620=CARTESIAN_POINT('',(0.02275,-0.15021534940327,0.179159346241165));
#13621=CARTESIAN_POINT('',(0.02275,-0.176805812985585,0.170326417264267));
#13622=CARTESIAN_POINT('',(0.02275,-0.176805812985585,0.170326417264267));
#13623=CARTESIAN_POINT('',(0.02275,-0.177121059004212,0.171275427247218));
#13624=CARTESIAN_POINT('',(0.02275,-0.150530595421898,0.180108356224115));
#13625=CARTESIAN_POINT('',(0.120002,-0.176805812985585,0.170326417264267));
#13626=CARTESIAN_POINT('',(0.120002,-0.176805812985585,0.170326417264267));
#13627=CARTESIAN_POINT('',(-0.02275,-0.176805812985585,0.170326417264267));
#13628=CARTESIAN_POINT('',(-0.02275,-0.176805812985585,0.170326417264267));
#13629=CARTESIAN_POINT('',(-0.02275,-0.177121059004212,0.171275427247217));
#13630=CARTESIAN_POINT('',(0.120002,-0.177121059004212,0.171275427247217));
#13631=CARTESIAN_POINT('',(0.120002,-0.118315246018627,0.189756053089843));
#13632=CARTESIAN_POINT('',(-0.118508242475958,-0.118315246018627,0.189756053089843));
#13633=CARTESIAN_POINT('',(-0.118508242475958,-0.118315246018627,0.189756053089843));
#13634=CARTESIAN_POINT('',(-0.118508242475958,-0.118630492037254,0.190705063072794));
#13635=CARTESIAN_POINT('',(0.120002,-0.118315246018627,0.189756053089843));
#13636=CARTESIAN_POINT('',(-0.1199,-0.118315246018627,0.189756053089843));
#13637=CARTESIAN_POINT('',(-0.1199,-0.118315246018627,0.189756053089843));
#13638=CARTESIAN_POINT('',(-0.1199,-0.118630492037254,0.190705063072794));
#13639=CARTESIAN_POINT('',(0.120002,-0.118630492037254,0.190705063072794));
#13640=CARTESIAN_POINT('',(-0.1199,-0.15021534940327,0.179159346241165));
#13641=CARTESIAN_POINT('',(-0.1199,-0.15021534940327,0.179159346241165));
#13642=CARTESIAN_POINT('',(-0.1199,-0.182626325898785,0.168392935472486));
#13643=CARTESIAN_POINT('',(-0.1199,-0.182626325898786,0.168392935472486));
#13644=CARTESIAN_POINT('',(-0.1199,-0.182731407904995,0.168709272133469));
#13645=CARTESIAN_POINT('',(-0.1199,-0.182836489911204,0.169025608794453));
#13646=CARTESIAN_POINT('',(-0.1199,-0.182941571917413,0.169341945455436));
#13647=CARTESIAN_POINT('',(-0.1199,-0.182941571917412,0.169341945455436));
#13648=CARTESIAN_POINT('',(-0.1199,-0.150530595421898,0.180108356224115));
#13649=CARTESIAN_POINT('',(0.1199,-0.15021534940327,0.179159346241165));
#13650=CARTESIAN_POINT('',(0.1199,-0.15021534940327,0.179159346241165));
#13651=CARTESIAN_POINT('',(0.1199,-0.182626325898785,0.168392935472486));
#13652=CARTESIAN_POINT('',(0.1199,-0.150530595421898,0.180108356224115));
#13653=CARTESIAN_POINT('',(0.1199,-0.182941571917412,0.169341945455436));
#13654=CARTESIAN_POINT('',(0.1199,-0.182941571917413,0.169341945455436));
#13655=CARTESIAN_POINT('',(0.1199,-0.182836489911204,0.169025608794453));
#13656=CARTESIAN_POINT('',(0.1199,-0.182731407904995,0.168709272133469));
#13657=CARTESIAN_POINT('',(0.1199,-0.182626325898786,0.168392935472486));
#13658=CARTESIAN_POINT('',(-0.02275,-0.15021534940327,0.179159346241165));
#13659=CARTESIAN_POINT('',(-0.02275,-0.15021534940327,0.179159346241165));
#13660=CARTESIAN_POINT('',(-0.02275,-0.150530595421898,0.180108356224115));
#13661=CARTESIAN_POINT('',(0.120002,-0.150530595421898,0.180108356224115));
#13662=CARTESIAN_POINT('',(0.120002,-0.182941571917412,0.169341945455436));
#13663=CARTESIAN_POINT('',(1.18732459676531E-16,-0.118630492037254,0.190705063072794));
#13664=CARTESIAN_POINT('',(0.120002,-0.15021534940327,0.179159346241165));
#13665=CARTESIAN_POINT('',(0.120002,-0.182626325898785,0.168392935472486));
#13666=CARTESIAN_POINT('',(1.18458270556761E-16,-0.118315246018627,0.189756053089843));
#13667=CARTESIAN_POINT('',(0.067,-0.117,0.177692956893107));
#13668=CARTESIAN_POINT('',(0.067,-0.117,0.180807043106892));
#13669=CARTESIAN_POINT('',(0.067,-0.117,0.180807043106892));
#13670=CARTESIAN_POINT('',(0.067,-0.116,0.180807043106892));
#13671=CARTESIAN_POINT('',(0.067,-0.117,0.177692956893107));
#13672=CARTESIAN_POINT('',(0.067,-0.117,0.174578870679322));
#13673=CARTESIAN_POINT('',(0.067,-0.117,0.174578870679322));
#13674=CARTESIAN_POINT('',(0.067,-0.116,0.174578870679322));
#13675=CARTESIAN_POINT('',(0.067,-0.116,0.182385913786215));
#13676=CARTESIAN_POINT('',(4.87951423979189E-17,-0.117,0.174578870679322));
#13677=CARTESIAN_POINT('',(4.87951423979189E-17,-0.117,0.174578870679322));
#13678=CARTESIAN_POINT('',(-0.067,-0.117,0.174578870679322));
#13679=CARTESIAN_POINT('',(-0.067,-0.117,0.174578870679322));
#13680=CARTESIAN_POINT('',(-0.067,-0.116,0.174578870679322));
#13681=CARTESIAN_POINT('',(7.65507180135478E-17,-0.116,0.174578870679322));
#13682=CARTESIAN_POINT('',(-0.067,-0.117,0.177692956893107));
#13683=CARTESIAN_POINT('',(-0.067,-0.117,0.177692956893107));
#13684=CARTESIAN_POINT('',(-0.067,-0.117,0.180807043106892));
#13685=CARTESIAN_POINT('',(-0.067,-0.117,0.180807043106892));
#13686=CARTESIAN_POINT('',(-0.067,-0.116,0.180807043106892));
#13687=CARTESIAN_POINT('',(-0.067,-0.116,0.182385913786215));
#13688=CARTESIAN_POINT('',(-0.069,-0.117,0.180807043106892));
#13689=CARTESIAN_POINT('',(-0.069,-0.117,0.180807043106892));
#13690=CARTESIAN_POINT('',(-0.071,-0.117,0.180807043106892));
#13691=CARTESIAN_POINT('',(-0.071,-0.117,0.180807043106892));
#13692=CARTESIAN_POINT('',(-0.071,-0.116,0.180807043106892));
#13693=CARTESIAN_POINT('',(-0.069,-0.116,0.180807043106892));
#13694=CARTESIAN_POINT('',(-0.071,-0.117,0.177692956893107));
#13695=CARTESIAN_POINT('',(-0.071,-0.117,0.177692956893107));
#13696=CARTESIAN_POINT('',(-0.071,-0.117,0.174578870679322));
#13697=CARTESIAN_POINT('',(-0.071,-0.117,0.174578870679322));
#13698=CARTESIAN_POINT('',(-0.071,-0.116,0.174578870679322));
#13699=CARTESIAN_POINT('',(-0.071,-0.116,0.182385913786215));
#13700=CARTESIAN_POINT('',(4.87951423979189E-17,-0.117,0.174578870679322));
#13701=CARTESIAN_POINT('',(4.87951423979189E-17,-0.117,0.174578870679322));
#13702=CARTESIAN_POINT('',(-0.103928410155054,-0.117,0.174578870679322));
#13703=CARTESIAN_POINT('',(-0.103928410155054,-0.117,0.174578870679322));
#13704=CARTESIAN_POINT('',(-0.103928410155054,-0.116,0.174578870679322));
#13705=CARTESIAN_POINT('',(7.65507180135478E-17,-0.116,0.174578870679322));
#13706=CARTESIAN_POINT('',(-0.111965078846003,-0.117,0.182421698042578));
#13707=CARTESIAN_POINT('',(-0.111965078846003,-0.117,0.182421698042578));
#13708=CARTESIAN_POINT('',(-0.118508242475958,-0.117,0.188807043106892));
#13709=CARTESIAN_POINT('',(-0.118508242475958,-0.117,0.188807043106892));
#13710=CARTESIAN_POINT('',(-0.118508242475958,-0.116,0.188807043106892));
#13711=CARTESIAN_POINT('',(-0.111965078846003,-0.116,0.182421698042578));
#13712=CARTESIAN_POINT('',(0.111965078846003,-0.117,0.182421698042578));
#13713=CARTESIAN_POINT('',(0.118508242475958,-0.117,0.188807043106892));
#13714=CARTESIAN_POINT('',(0.118508242475958,-0.117,0.188807043106892));
#13715=CARTESIAN_POINT('',(0.118508242475958,-0.116,0.188807043106892));
#13716=CARTESIAN_POINT('',(0.054598096289429,-0.117,0.126438384826139));
#13717=CARTESIAN_POINT('',(0.103928410155054,-0.117,0.174578870679322));
#13718=CARTESIAN_POINT('',(0.103928410155054,-0.117,0.174578870679322));
#13719=CARTESIAN_POINT('',(0.103928410155054,-0.116,0.174578870679322));
#13720=CARTESIAN_POINT('',(0.054598096289429,-0.116,0.126438384826139));
#13721=CARTESIAN_POINT('',(4.87951423979189E-17,-0.117,0.174578870679322));
#13722=CARTESIAN_POINT('',(4.87951423979189E-17,-0.117,0.174578870679322));
#13723=CARTESIAN_POINT('',(0.071,-0.117,0.174578870679322));
#13724=CARTESIAN_POINT('',(0.071,-0.117,0.174578870679322));
#13725=CARTESIAN_POINT('',(0.071,-0.116,0.174578870679322));
#13726=CARTESIAN_POINT('',(7.65507180135478E-17,-0.116,0.174578870679322));
#13727=CARTESIAN_POINT('',(0.071,-0.117,0.177692956893107));
#13728=CARTESIAN_POINT('',(0.071,-0.117,0.177692956893107));
#13729=CARTESIAN_POINT('',(0.071,-0.117,0.180807043106892));
#13730=CARTESIAN_POINT('',(0.071,-0.117,0.180807043106892));
#13731=CARTESIAN_POINT('',(0.071,-0.116,0.180807043106892));
#13732=CARTESIAN_POINT('',(0.071,-0.116,0.182385913786215));
#13733=CARTESIAN_POINT('',(0.069,-0.117,0.180807043106892));
#13734=CARTESIAN_POINT('',(0.069,-0.117,0.180807043106892));
#13735=CARTESIAN_POINT('',(0.069,-0.116,0.180807043106892));
#13736=CARTESIAN_POINT('',(7.65507180135478E-17,-0.116,0.182385913786215));
#13737=CARTESIAN_POINT('',(0.120002,-0.116,0.188807043106892));
#13738=CARTESIAN_POINT('',(7.65507180135478E-17,-0.117,0.182385913786215));
#13739=CARTESIAN_POINT('',(0.120002,-0.117,0.188807043106892));
#13740=CARTESIAN_POINT('',(-0.118508242475958,-0.118,0.188807043106892));
#13741=CARTESIAN_POINT('',(-0.118508242475958,-0.118,0.188807043106892));
#13742=CARTESIAN_POINT('',(-0.118508242475958,-0.118,0.188807043106892));
#13743=CARTESIAN_POINT('',(0.118508242475958,-0.118,0.188807043106892));
#13744=CARTESIAN_POINT('',(0.118508242475958,-0.118,0.188807043106892));
#13745=CARTESIAN_POINT('',(0.118508242475958,-0.118,0.188807043106892));
#13746=CARTESIAN_POINT('',(1.18184081436991E-16,-0.118,0.188807043106892));
#13747=CARTESIAN_POINT('',(1.18184081436991E-16,-0.118,0.188807043106892));
#13748=CARTESIAN_POINT('',(-0.1199,-0.182941571917412,0.169341945455436));
#13749=CARTESIAN_POINT('',(-0.119899151517673,-0.183153964442422,0.169271392037561));
#13750=CARTESIAN_POINT('',(-0.119875646073774,-0.183359760214427,0.169162993954328));
#13751=CARTESIAN_POINT('',(-0.119806404019484,-0.183636526258555,0.168946231585352));
#13752=CARTESIAN_POINT('',(-0.119777659266986,-0.183723459393874,0.168865029313473));
#13753=CARTESIAN_POINT('',(-0.119726046036635,-0.183843114525488,0.168730960002594));
#13754=CARTESIAN_POINT('',(-0.119707425609584,-0.183881209228965,0.168684232160273));
#13755=CARTESIAN_POINT('',(-0.119677370943607,-0.18393532992521,0.168611285114294));
#13756=CARTESIAN_POINT('',(-0.119666998717381,-0.183952866692072,0.168586493955324));
#13757=CARTESIAN_POINT('',(-0.119650909371692,-0.183978375699221,0.168548622873634));
#13758=CARTESIAN_POINT('',(-0.119645457755404,-0.18398674601927,0.168535885147903));
#13759=CARTESIAN_POINT('',(-0.119637147579385,-0.183999097437306,0.168516611348992));
#13760=CARTESIAN_POINT('',(-0.119634355395447,-0.184003180566897,0.168510158882554));
#13761=CARTESIAN_POINT('',(-0.119628726777042,-0.184011277974084,0.168497198874685));
#13762=CARTESIAN_POINT('',(-0.119625566052084,-0.18401574370065,0.168489949996597));
#13763=CARTESIAN_POINT('',(-0.119582483474994,-0.184075719512102,0.168391462083822));
#13764=CARTESIAN_POINT('',(-0.119536322571701,-0.184126893494219,0.168290419805241));
#13765=CARTESIAN_POINT('',(-0.119458662323598,-0.184191716286008,0.168127035755802));
#13766=CARTESIAN_POINT('',(-0.11943137242537,-0.184211330166797,0.168070615164593));
#13767=CARTESIAN_POINT('',(-0.119388332854736,-0.184237231640105,0.167983241883528));
#13768=CARTESIAN_POINT('',(-0.119373635543977,-0.184245278790117,0.167953661206397));
#13769=CARTESIAN_POINT('',(-0.119351063397014,-0.184256402792871,0.167908638031178));
#13770=CARTESIAN_POINT('',(-0.119343451651223,-0.184259953004843,0.16789352166773));
#13771=CARTESIAN_POINT('',(-0.11933190248733,-0.184265033298565,0.167870688695063));
#13772=CARTESIAN_POINT('',(-0.119328030841832,-0.1842666858925,0.167863051303135));
#13773=CARTESIAN_POINT('',(-0.119322190487283,-0.184269102485952,0.167851556212105));
#13774=CARTESIAN_POINT('',(-0.119320238221383,-0.184269897634206,0.167847718014797));
#13775=CARTESIAN_POINT('',(-0.119316322727483,-0.18427146699148,0.167840028722031));
#13776=CARTESIAN_POINT('',(-0.119313911301723,-0.184272415054249,0.167835299426998));
#13777=CARTESIAN_POINT('',(-0.119215078067772,-0.18431075198898,0.1676416453932));
#13778=CARTESIAN_POINT('',(-0.119089086795776,-0.184329516877099,0.167404642892865));
#13779=CARTESIAN_POINT('',(-0.118933301046579,-0.184286759629525,0.167132976091811));
#13780=CARTESIAN_POINT('',(-0.1199,-0.182626325898785,0.168392935472486));
#13781=CARTESIAN_POINT('',(-0.119899151517658,-0.182732522163154,0.168357658762929));
#13782=CARTESIAN_POINT('',(-0.119875646073774,-0.182835420047293,0.168303459721932));
#13783=CARTESIAN_POINT('',(-0.119806404019484,-0.182973803069357,0.168195078537444));
#13784=CARTESIAN_POINT('',(-0.119777659266986,-0.183017269637017,0.168154477401504));
#13785=CARTESIAN_POINT('',(-0.119726046036635,-0.183077097202824,0.168087442746065));
#13786=CARTESIAN_POINT('',(-0.119707425609584,-0.183096144554561,0.168064078824904));
#13787=CARTESIAN_POINT('',(-0.119677370943607,-0.183123204902684,0.168027605301914));
#13788=CARTESIAN_POINT('',(-0.119666998717381,-0.183131973286115,0.16801520972243));
#13789=CARTESIAN_POINT('',(-0.119650909371692,-0.18314472778969,0.167996274181584));
#13790=CARTESIAN_POINT('',(-0.119645457755404,-0.183148912949714,0.167989905318719));
#13791=CARTESIAN_POINT('',(-0.119637147579385,-0.183155088658732,0.167980268419264));
#13792=CARTESIAN_POINT('',(-0.119634355395447,-0.183157130223528,0.167977042186045));
#13793=CARTESIAN_POINT('',(-0.119628726777042,-0.183161178927121,0.16797056218211));
#13794=CARTESIAN_POINT('',(-0.119625566052084,-0.183163411790404,0.167966937743066));
#13795=CARTESIAN_POINT('',(-0.119582483474994,-0.18319339969613,0.167917693786679));
#13796=CARTESIAN_POINT('',(-0.119536322571701,-0.18321898668719,0.167867172647388));
#13797=CARTESIAN_POINT('',(-0.119458662323598,-0.183251398083084,0.167785480622669));
#13798=CARTESIAN_POINT('',(-0.11943137242537,-0.183261205023478,0.167757270327064));
#13799=CARTESIAN_POINT('',(-0.119388332854736,-0.183274155760132,0.167713583686531));
#13800=CARTESIAN_POINT('',(-0.119373635543977,-0.183278179335138,0.167698793347967));
#13801=CARTESIAN_POINT('',(-0.119351063397014,-0.183283741336515,0.167676281760357));
#13802=CARTESIAN_POINT('',(-0.119343451651223,-0.183285516442501,0.167668723578632));
#13803=CARTESIAN_POINT('',(-0.11933190248733,-0.183288056589361,0.167657307092299));
#13804=CARTESIAN_POINT('',(-0.119328030841832,-0.183288882886329,0.167653488396335));
#13805=CARTESIAN_POINT('',(-0.119322190487283,-0.183290091183056,0.16764774085082));
#13806=CARTESIAN_POINT('',(-0.119320238221383,-0.183290488757182,0.167645821752166));
#13807=CARTESIAN_POINT('',(-0.119316322727483,-0.183291273435819,0.167641977105783));
#13808=CARTESIAN_POINT('',(-0.119313911301723,-0.183291747467204,0.167639612458267));
#13809=CARTESIAN_POINT('',(-0.119215078067772,-0.183310915934569,0.167542785441367));
#13810=CARTESIAN_POINT('',(-0.119088929983686,-0.183320276859159,0.167424147462908));
#13811=CARTESIAN_POINT('',(-0.118933301046579,-0.183298919754842,0.167288450790673));
#13812=CARTESIAN_POINT('',(-0.1199,-0.182626325898786,0.168392935472486));
#13813=CARTESIAN_POINT('',(-0.119899151172358,-0.182732565381067,0.168357644406625));
#13814=CARTESIAN_POINT('',(-0.119856250409743,-0.182936571336982,0.168253602782737));
#13815=CARTESIAN_POINT('',(-0.119668795928996,-0.183147099073643,0.168011564833888));
#13816=CARTESIAN_POINT('',(-0.119494012594389,-0.183243434754623,0.167820585861702));
#13817=CARTESIAN_POINT('',(-0.119306143964897,-0.183298643694334,0.167630104247799));
#13818=CARTESIAN_POINT('',(-0.119155756288614,-0.183314244668253,0.167487734018217));
#13819=CARTESIAN_POINT('',(-0.1190110079332,-0.183309583543432,0.167356205323476));
#13820=CARTESIAN_POINT('',(-0.118933301046579,-0.183298919754842,0.167288450790673));
#13821=CARTESIAN_POINT('',(-0.1199,-0.182941571917413,0.169341945455436));
#13822=CARTESIAN_POINT('',(-0.119899151172358,-0.183154050881976,0.169271363323716));
#13823=CARTESIAN_POINT('',(-0.119863048882372,-0.183463357466051,0.169106949662438));
#13824=CARTESIAN_POINT('',(-0.119750322251336,-0.183809199994128,0.168786753246397));
#13825=CARTESIAN_POINT('',(-0.119623346450554,-0.184032758815121,0.168479985093306));
#13826=CARTESIAN_POINT('',(-0.119494482643508,-0.184175394882745,0.168198245920156));
#13827=CARTESIAN_POINT('',(-0.119306017413211,-0.18428631378637,0.167816013859756));
#13828=CARTESIAN_POINT('',(-0.119155792446238,-0.184317379091244,0.167531619445844));
#13829=CARTESIAN_POINT('',(-0.1190110079332,-0.184308087206704,0.167268485157416));
#13830=CARTESIAN_POINT('',(-0.118933301046579,-0.184286759629525,0.167132976091811));
#13831=CARTESIAN_POINT('',(0.11893330104658,-0.184286759629525,0.167132976091811));
#13832=CARTESIAN_POINT('',(0.119010858410786,-0.184308046168503,0.167268224412923));
#13833=CARTESIAN_POINT('',(0.119081185651927,-0.184313928190769,0.16739565176774));
#13834=CARTESIAN_POINT('',(0.11917595808789,-0.184307878134258,0.167571321169636));
#13835=CARTESIAN_POINT('',(0.119205755453428,-0.184303376644626,0.167627321696146));
#13836=CARTESIAN_POINT('',(0.11924776133206,-0.184293849121569,0.167707262302177));
#13837=CARTESIAN_POINT('',(0.119261314929992,-0.184290210034517,0.167733234092635));
#13838=CARTESIAN_POINT('',(0.119280972784471,-0.184284168535602,0.167771164036611));
#13839=CARTESIAN_POINT('',(0.119287413312228,-0.184282057505636,0.167783636144751));
#13840=CARTESIAN_POINT('',(0.119296905968258,-0.184278758678516,0.167802086317717));
#13841=CARTESIAN_POINT('',(0.119300042164334,-0.184277637018981,0.167808193381873));
#13842=CARTESIAN_POINT('',(0.119304704424546,-0.184275923111463,0.167817289381475));
#13843=CARTESIAN_POINT('',(0.119306251505634,-0.184275346572367,0.167820310615516));
#13844=CARTESIAN_POINT('',(0.119309331656508,-0.184274183294567,0.167826331537496));
#13845=CARTESIAN_POINT('',(0.119310428743455,-0.184273765599997,0.16782847732101));
#13846=CARTESIAN_POINT('',(0.119375176293703,-0.184248660957167,0.167955290155299));
#13847=CARTESIAN_POINT('',(0.119432455794706,-0.184213549532879,0.168071891195613));
#13848=CARTESIAN_POINT('',(0.119510116042809,-0.18414878542284,0.168235298514902));
#13849=CARTESIAN_POINT('',(0.11953462629161,-0.184125181118153,0.168287865259474));
#13850=CARTESIAN_POINT('',(0.119569326913961,-0.184087244022008,0.168363730007057));
#13851=CARTESIAN_POINT('',(0.119580549662936,-0.184074176395551,0.168388521412891));
#13852=CARTESIAN_POINT('',(0.119596867598686,-0.184054002100403,0.168424952925151));
#13853=CARTESIAN_POINT('',(0.119602220879317,-0.184047181846179,0.168436970870794));
#13854=CARTESIAN_POINT('',(0.119610121753336,-0.184036815608314,0.168454808018806));
#13855=CARTESIAN_POINT('',(0.119612733870187,-0.184033337552011,0.168460722108836));
#13856=CARTESIAN_POINT('',(0.119617915088248,-0.184026337370156,0.168472486910299));
#13857=CARTESIAN_POINT('',(0.119620173247756,-0.184023247746533,0.168477627398561));
#13858=CARTESIAN_POINT('',(0.119714504905651,-0.183892037866384,0.168693090714829));
#13859=CARTESIAN_POINT('',(0.119783322151818,-0.183729004688033,0.168873756272999));
#13860=CARTESIAN_POINT('',(0.11987564489087,-0.183360028389065,0.169162830331518));
#13861=CARTESIAN_POINT('',(0.119899150720467,-0.183154163999648,0.169271325747825));
#13862=CARTESIAN_POINT('',(0.1199,-0.182941571917412,0.169341945455436));
#13863=CARTESIAN_POINT('',(0.11893330104658,-0.183298919754842,0.167288450790673));
#13864=CARTESIAN_POINT('',(0.119010846535872,-0.183309561394726,0.167356064597203));
#13865=CARTESIAN_POINT('',(0.119081185651927,-0.183312504035464,0.167419788628638));
#13866=CARTESIAN_POINT('',(0.11917595808789,-0.183309479007209,0.167507623329585));
#13867=CARTESIAN_POINT('',(0.119205755453428,-0.183307228262393,0.167535623592841));
#13868=CARTESIAN_POINT('',(0.11924776133206,-0.183302464500864,0.167575593895856));
#13869=CARTESIAN_POINT('',(0.119261314929992,-0.183300644957337,0.167588579791085));
#13870=CARTESIAN_POINT('',(0.119280972784471,-0.18329762420788,0.167607544763073));
#13871=CARTESIAN_POINT('',(0.119287413312228,-0.183296568692897,0.167613780817143));
#13872=CARTESIAN_POINT('',(0.119296905968258,-0.183294919279337,0.167623005903626));
#13873=CARTESIAN_POINT('',(0.119300042164334,-0.183294358449569,0.167626059435704));
#13874=CARTESIAN_POINT('',(0.119304704424546,-0.183293501495811,0.167630607435505));
#13875=CARTESIAN_POINT('',(0.119306251505634,-0.183293213226263,0.167632118052526));
#13876=CARTESIAN_POINT('',(0.119309331656508,-0.183292631587363,0.167635128513516));
#13877=CARTESIAN_POINT('',(0.119310428743455,-0.183292422740078,0.167636201405273));
#13878=CARTESIAN_POINT('',(0.119375176293703,-0.183279870418663,0.167699607822417));
#13879=CARTESIAN_POINT('',(0.119432455794706,-0.183262314706519,0.167757908342574));
#13880=CARTESIAN_POINT('',(0.119510116042809,-0.1832299326515,0.167839612002219));
#13881=CARTESIAN_POINT('',(0.11953462629161,-0.183218130499156,0.167865895374505));
#13882=CARTESIAN_POINT('',(0.119569326913961,-0.183199161951083,0.167903827748297));
#13883=CARTESIAN_POINT('',(0.119580549662936,-0.183192628137855,0.167916223451213));
#13884=CARTESIAN_POINT('',(0.119596867598686,-0.183182540990281,0.167934439207343));
#13885=CARTESIAN_POINT('',(0.119602220879317,-0.183179130863169,0.167940448180164));
#13886=CARTESIAN_POINT('',(0.119610121753336,-0.183173947744237,0.16794936675417));
#13887=CARTESIAN_POINT('',(0.119612733870187,-0.183172208716085,0.167952323799186));
#13888=CARTESIAN_POINT('',(0.119617915088248,-0.183168708625157,0.167958206199917));
#13889=CARTESIAN_POINT('',(0.119620173247756,-0.183167163813346,0.167960776444048));
#13890=CARTESIAN_POINT('',(0.119714504905651,-0.183101558873272,0.168068508102182));
#13891=CARTESIAN_POINT('',(0.119783322151818,-0.183020042284096,0.168158840881267));
#13892=CARTESIAN_POINT('',(0.11987564489087,-0.182835554134611,0.168303377910526));
#13893=CARTESIAN_POINT('',(0.119899150720452,-0.18273262194172,0.168357625618077));
#13894=CARTESIAN_POINT('',(0.1199,-0.182626325898785,0.168392935472486));
#13895=CARTESIAN_POINT('',(0.118933301046579,-0.183298919754842,0.167288450790673));
#13896=CARTESIAN_POINT('',(0.119010830242153,-0.183309559158723,0.16735605039031));
#13897=CARTESIAN_POINT('',(0.119155302390351,-0.183314288629854,0.167487325744407));
#13898=CARTESIAN_POINT('',(0.119306399925957,-0.18329857515719,0.167630354884726));
#13899=CARTESIAN_POINT('',(0.119493442648414,-0.183243664941598,0.167819991587806));
#13900=CARTESIAN_POINT('',(0.119669126105246,-0.183146945146745,0.168011927414829));
#13901=CARTESIAN_POINT('',(0.119856128553374,-0.182936805744197,0.168253310923745));
#13902=CARTESIAN_POINT('',(0.119899150383755,-0.182732664082787,0.168357611619485));
#13903=CARTESIAN_POINT('',(0.1199,-0.182626325898786,0.168392935472486));
#13904=CARTESIAN_POINT('',(0.118933301046579,-0.184286759629525,0.167132976091811));
#13905=CARTESIAN_POINT('',(0.119010830242153,-0.184308038437288,0.167268175291085));
#13906=CARTESIAN_POINT('',(0.119155302390351,-0.184317497379549,0.16753072599928));
#13907=CARTESIAN_POINT('',(0.119306399925957,-0.184286070434221,0.167816784279917));
#13908=CARTESIAN_POINT('',(0.119493442648414,-0.184176250003036,0.168196057686077));
#13909=CARTESIAN_POINT('',(0.119669126105246,-0.18398281041333,0.168579929340123));
#13910=CARTESIAN_POINT('',(0.119856128553374,-0.183562531608235,0.169062696357955));
#13911=CARTESIAN_POINT('',(0.119899150383755,-0.183154248285415,0.169271297749434));
#13912=CARTESIAN_POINT('',(0.1199,-0.182941571917413,0.169341945455436));
#13913=CARTESIAN_POINT('',(9.04285058213622E-17,-0.182311079880159,0.167443925489535));
#13914=CARTESIAN_POINT('',(9.04285058213622E-17,-0.182311079880159,0.167443925489535));
#13915=CARTESIAN_POINT('',(-0.119,-0.184275175721456,0.167059375394217));
#13916=CARTESIAN_POINT('',(-0.119031182989994,-0.184277234192549,0.167072454305714));
#13917=CARTESIAN_POINT('',(-0.119079568980909,-0.184279940003899,0.167092939046679));
#13918=CARTESIAN_POINT('',(-0.119177485941632,-0.184279458332717,0.167135610583024));
#13919=CARTESIAN_POINT('',(-0.119214344359841,-0.184278500556648,0.167151833302158));
#13920=CARTESIAN_POINT('',(-0.119275769041057,-0.184274825524356,0.167179329775212));
#13921=CARTESIAN_POINT('',(-0.119297265373944,-0.184273225061357,0.167189022708251));
#13922=CARTESIAN_POINT('',(-0.119331002379766,-0.184270110289153,0.167204377020672));
#13923=CARTESIAN_POINT('',(-0.119342496674429,-0.184268952881029,0.167209630965307));
#13924=CARTESIAN_POINT('',(-0.119360104870229,-0.184267017982205,0.167217718800303));
#13925=CARTESIAN_POINT('',(-0.11936603538537,-0.184266339876733,0.167220449232915));
#13926=CARTESIAN_POINT('',(-0.119375021974521,-0.184265270430867,0.167224597019138));
#13927=CARTESIAN_POINT('',(-0.119378032639702,-0.184264905233817,0.167225988304173));
#13928=CARTESIAN_POINT('',(-0.119384084090467,-0.184264156973942,0.167228788322052));
#13929=CARTESIAN_POINT('',(-0.11938769256838,-0.184263701046399,0.167230460392609));
#13930=CARTESIAN_POINT('',(-0.119469799064915,-0.184253162474062,0.167268547461884));
#13931=CARTESIAN_POINT('',(-0.119540702007917,-0.184239174966925,0.167302510420247));
#13932=CARTESIAN_POINT('',(-0.119634306698835,-0.184216426360453,0.167348388454297));
#13933=CARTESIAN_POINT('',(-0.119663390378809,-0.18420853911953,0.167362838276417));
#13934=CARTESIAN_POINT('',(-0.119703924633097,-0.184196648911304,0.167383186209235));
#13935=CARTESIAN_POINT('',(-0.119716921054669,-0.18419267500422,0.167389747816624));
#13936=CARTESIAN_POINT('',(-0.119735655326525,-0.184186742580762,0.167399251716805));
#13937=CARTESIAN_POINT('',(-0.119741773364423,-0.184184769808245,0.167402363270959));
#13938=CARTESIAN_POINT('',(-0.1197507619113,-0.184181822891155,0.167406945166685));
#13939=CARTESIAN_POINT('',(-0.119753726675552,-0.184180842623423,0.167408458226373));
#13940=CARTESIAN_POINT('',(-0.11975812689319,-0.18417937590661,0.167410706358762));
#13941=CARTESIAN_POINT('',(-0.119759585810958,-0.184178887614993,0.167411452160057));
#13942=CARTESIAN_POINT('',(-0.119762488036799,-0.184177912362651,0.167412936594112));
#13943=CARTESIAN_POINT('',(-0.119763209354745,-0.18417766995699,0.167413305540609));
#13944=CARTESIAN_POINT('',(-0.119903447503767,-0.184130167992654,0.16748511277917));
#13945=CARTESIAN_POINT('',(-0.120026360942056,-0.18407080838299,0.16755188365418));
#13946=CARTESIAN_POINT('',(-0.120188085565372,-0.183972682710725,0.167644600668686));
#13947=CARTESIAN_POINT('',(-0.120238253783514,-0.183938440177724,0.16767426954189));
#13948=CARTESIAN_POINT('',(-0.120308156534244,-0.183885806165469,0.167716755425891));
#13949=CARTESIAN_POINT('',(-0.12033056724287,-0.183868048360574,0.167730581374973));
#13950=CARTESIAN_POINT('',(-0.120362891317354,-0.183841207811529,0.167750798045257));
#13951=CARTESIAN_POINT('',(-0.120373450743017,-0.183832226897627,0.167757449907389));
#13952=CARTESIAN_POINT('',(-0.12038897293853,-0.183818718099952,0.167767295007218));
#13953=CARTESIAN_POINT('',(-0.120394094183354,-0.183814208923959,0.167770554592485));
#13954=CARTESIAN_POINT('',(-0.120401697594387,-0.183807437452982,0.167775410537397));
#13955=CARTESIAN_POINT('',(-0.120404218988897,-0.183805179011142,0.167777023613591));
#13956=CARTESIAN_POINT('',(-0.120409235757629,-0.183800659829933,0.167780238578925));
#13957=CARTESIAN_POINT('',(-0.120411150221378,-0.183798928360671,0.167781466925876));
#13958=CARTESIAN_POINT('',(-0.120512240474206,-0.183706824583578,0.16784647087366));
#13959=CARTESIAN_POINT('',(-0.120597262494174,-0.183609383176215,0.167905591960706));
#13960=CARTESIAN_POINT('',(-0.120705399975133,-0.183456378417367,0.167987561943853));
#13961=CARTESIAN_POINT('',(-0.120738228081282,-0.183404229357988,0.16801376777039));
#13962=CARTESIAN_POINT('',(-0.120782774819419,-0.183324880736769,0.168051306426905));
#13963=CARTESIAN_POINT('',(-0.120796841885586,-0.183298243137947,0.168063524385574));
#13964=CARTESIAN_POINT('',(-0.12081679211161,-0.183258074014467,0.168081398016478));
#13965=CARTESIAN_POINT('',(-0.120823250496999,-0.183244648815636,0.168087280348054));
#13966=CARTESIAN_POINT('',(-0.120832653674374,-0.183224466115865,0.168095989215499));
#13967=CARTESIAN_POINT('',(-0.120835740668954,-0.183217731063336,0.168098873066698));
#13968=CARTESIAN_POINT('',(-0.12084182041096,-0.183204247347213,0.168104602345686));
#13969=CARTESIAN_POINT('',(-0.120844554814055,-0.183198091052684,0.168107199934774));
#13970=CARTESIAN_POINT('',(-0.120950295095978,-0.18295563453204,0.168208640258211));
#13971=CARTESIAN_POINT('',(-0.121,-0.182702613763003,0.168288060247123));
#13972=CARTESIAN_POINT('',(-0.121,-0.182452924467465,0.168345163699832));
#13973=CARTESIAN_POINT('',(-0.119,-0.183287335846774,0.167214850093078));
#13974=CARTESIAN_POINT('',(-0.119015594074145,-0.183289394658379,0.167227931168092));
#13975=CARTESIAN_POINT('',(-0.119039784490454,-0.183292352991819,0.167248373947859));
#13976=CARTESIAN_POINT('',(-0.119088742970816,-0.18329538316956,0.167290492759347));
#13977=CARTESIAN_POINT('',(-0.119107172179921,-0.183296138481577,0.167306445858008));
#13978=CARTESIAN_POINT('',(-0.119137884520528,-0.183296368058919,0.16733332779016));
#13979=CARTESIAN_POINT('',(-0.119148632686972,-0.183296292824151,0.167342780669718));
#13980=CARTESIAN_POINT('',(-0.119165501189883,-0.183295876881499,0.167357710217234));
#13981=CARTESIAN_POINT('',(-0.119171248337215,-0.183295687649979,0.167362811781944));
#13982=CARTESIAN_POINT('',(-0.119180052435115,-0.183295317896468,0.167370653280967));
#13983=CARTESIAN_POINT('',(-0.119183017692685,-0.183295180323546,0.167373298639937));
#13984=CARTESIAN_POINT('',(-0.11918751098726,-0.183294951192108,0.16737731417028));
#13985=CARTESIAN_POINT('',(-0.119189016319851,-0.183294871019377,0.167378660595746));
#13986=CARTESIAN_POINT('',(-0.119192042045234,-0.18329470286495,0.167381369311663));
#13987=CARTESIAN_POINT('',(-0.11919384628419,-0.183294597792483,0.167382986161643));
#13988=CARTESIAN_POINT('',(-0.119234899532457,-0.183292125919379,0.167419803624714));
#13989=CARTESIAN_POINT('',(-0.119270351003958,-0.183287571195444,0.167452281970878));
#13990=CARTESIAN_POINT('',(-0.119317153349418,-0.183279445016652,0.167495858602041));
#13991=CARTESIAN_POINT('',(-0.119331695189404,-0.183276515701004,0.167509528103424));
#13992=CARTESIAN_POINT('',(-0.119351962316548,-0.183271989449108,0.167528717033732));
#13993=CARTESIAN_POINT('',(-0.119358460527334,-0.183270458345472,0.167534894171797));
#13994=CARTESIAN_POINT('',(-0.119367827663262,-0.183268150257352,0.167543827643045));
#13995=CARTESIAN_POINT('',(-0.119370886682211,-0.183267378970422,0.167546750097109));
#13996=CARTESIAN_POINT('',(-0.11937538095565,-0.183266221748055,0.167551050315353));
#13997=CARTESIAN_POINT('',(-0.119376863337776,-0.183265835957447,0.16755246981114));
#13998=CARTESIAN_POINT('',(-0.119379063446595,-0.183265257510724,0.167554578139976));
#13999=CARTESIAN_POINT('',(-0.119379792905479,-0.183265064734942,0.167555277430458));
#14000=CARTESIAN_POINT('',(-0.1193812440184,-0.183264679314425,0.167556669031729));
#14001=CARTESIAN_POINT('',(-0.119381604677372,-0.183264583513992,0.16755701490424));
#14002=CARTESIAN_POINT('',(-0.119451723751883,-0.183245772639317,0.167624306493414));
#14003=CARTESIAN_POINT('',(-0.119513180471028,-0.183220502875513,0.167685712016553));
#14004=CARTESIAN_POINT('',(-0.119594042782686,-0.183177374003705,0.167769773163638));
#14005=CARTESIAN_POINT('',(-0.119619126891757,-0.183162117209109,0.167796453898747));
#14006=CARTESIAN_POINT('',(-0.119654078267122,-0.183138426636534,0.167834384416353));
#14007=CARTESIAN_POINT('',(-0.119665283621435,-0.183130394832888,0.167846679604069));
#14008=CARTESIAN_POINT('',(-0.119681445658677,-0.18311820263799,0.167864590790937));
#14009=CARTESIAN_POINT('',(-0.119686725371508,-0.18311411444615,0.167870472594571));
#14010=CARTESIAN_POINT('',(-0.119694486469265,-0.183107952802837,0.167879161336328));
#14011=CARTESIAN_POINT('',(-0.119697047091677,-0.183105894026324,0.167882035256742));
#14012=CARTESIAN_POINT('',(-0.119700848797193,-0.183102799347526,0.167886312516614));
#14013=CARTESIAN_POINT('',(-0.119702109494448,-0.18310176670208,0.167887732666475));
#14014=CARTESIAN_POINT('',(-0.119704617878814,-0.183099699375578,0.167890561737918));
#14015=CARTESIAN_POINT('',(-0.119705575110689,-0.183098907041364,0.167891642275753));
#14016=CARTESIAN_POINT('',(-0.119756120237103,-0.183056733755614,0.16794878773523));
#14017=CARTESIAN_POINT('',(-0.119798631247087,-0.183011375386153,0.167999711547757));
#14018=CARTESIAN_POINT('',(-0.119852699987566,-0.182939318405323,0.168068941276401));
#14019=CARTESIAN_POINT('',(-0.119869114040641,-0.182914625991375,0.168090825740954));
#14020=CARTESIAN_POINT('',(-0.119891387409709,-0.182876875328695,0.16812181735453));
#14021=CARTESIAN_POINT('',(-0.119898420942793,-0.182864172824313,0.168131842088703));
#14022=CARTESIAN_POINT('',(-0.119908396055805,-0.182844975323696,0.168146415026009));
#14023=CARTESIAN_POINT('',(-0.119911625248499,-0.182838552181084,0.168151195314016));
#14024=CARTESIAN_POINT('',(-0.119916326837187,-0.182828885671049,0.168158249053465));
#14025=CARTESIAN_POINT('',(-0.119917870334477,-0.182825658200509,0.168160580851372));
#14026=CARTESIAN_POINT('',(-0.11992091020548,-0.182819193338778,0.16816520544295));
#14027=CARTESIAN_POINT('',(-0.119922277407027,-0.182816240259563,0.168167298882582));
#14028=CARTESIAN_POINT('',(-0.119975147547989,-0.182699871434171,0.168248894444785));
#14029=CARTESIAN_POINT('',(-0.12,-0.182576402679335,0.168307924303841));
#14030=CARTESIAN_POINT('',(-0.12,-0.182452924467465,0.168345163699832));
#14031=CARTESIAN_POINT('',(-0.119,-0.183287335846774,0.167214850093078));
#14032=CARTESIAN_POINT('',(-0.119015599702785,-0.183289395401502,0.167227935889671));
#14033=CARTESIAN_POINT('',(-0.119059483684388,-0.183296026581676,0.167264659539914));
#14034=CARTESIAN_POINT('',(-0.119250769991389,-0.183296061171127,0.167432455765226));
#14035=CARTESIAN_POINT('',(-0.119372006485799,-0.183273159860054,0.167546128048526));
#14036=CARTESIAN_POINT('',(-0.119581551958489,-0.183192483821964,0.167754067454081));
#14037=CARTESIAN_POINT('',(-0.119704317753046,-0.183107406617934,0.167888118822807));
#14038=CARTESIAN_POINT('',(-0.119843817716449,-0.182963664084347,0.168053700992752));
#14039=CARTESIAN_POINT('',(-0.119956692528651,-0.182769393889585,0.168211786878819));
#14040=CARTESIAN_POINT('',(-0.12,-0.182576463682719,0.168307905906026));
#14041=CARTESIAN_POINT('',(-0.12,-0.182452924467465,0.168345163699832));
#14042=CARTESIAN_POINT('',(-0.12,-0.182452924467465,0.168345163699832));
#14043=CARTESIAN_POINT('',(-0.121,-0.182452924467465,0.168345163699832));
#14044=CARTESIAN_POINT('',(-0.120666666666667,-0.182452924467465,0.168345163699832));
#14045=CARTESIAN_POINT('',(-0.120333333333333,-0.182452924467465,0.168345163699832));
#14046=CARTESIAN_POINT('',(-0.12,-0.182452924467465,0.168345163699832));
#14047=CARTESIAN_POINT('',(-0.121,-0.182452924467465,0.168345163699832));
#14048=CARTESIAN_POINT('',(-0.119,-0.184275175721457,0.167059375394216));
#14049=CARTESIAN_POINT('',(-0.11903119940557,-0.184277235276185,0.167072461190809));
#14050=CARTESIAN_POINT('',(-0.119120348487484,-0.184283834544701,0.167109846742224));
#14051=CARTESIAN_POINT('',(-0.119401062913799,-0.184268439517941,0.167235165041454));
#14052=CARTESIAN_POINT('',(-0.119616483721515,-0.184222697557873,0.167339180369298));
#14053=CARTESIAN_POINT('',(-0.119751633011317,-0.184184825626229,0.167406688139037));
#14054=CARTESIAN_POINT('',(-0.119969185421598,-0.184099634882439,0.167520528678693));
#14055=CARTESIAN_POINT('',(-0.120195004088399,-0.183974069337446,0.167647206127102));
#14056=CARTESIAN_POINT('',(-0.12041169646041,-0.183816070573002,0.167777926420382));
#14057=CARTESIAN_POINT('',(-0.120686829918603,-0.183506872640394,0.167967852704878));
#14058=CARTESIAN_POINT('',(-0.120913868365879,-0.183098667636296,0.168160175040949));
#14059=CARTESIAN_POINT('',(-0.121,-0.182702738865864,0.168288031636343));
#14060=CARTESIAN_POINT('',(-0.121,-0.182452924467465,0.168345163699832));
#14061=CARTESIAN_POINT('',(-0.121,-0.156003429042152,0.00029295689310753));
#14062=CARTESIAN_POINT('',(-0.121,-0.15613081330224,0.000281295586305671));
#14063=CARTESIAN_POINT('',(-0.1209877383902,-0.156260688832331,0.000274734295372315));
#14064=CARTESIAN_POINT('',(-0.120949900770681,-0.156455477577068,0.000273131433129933));
#14065=CARTESIAN_POINT('',(-0.12093405471123,-0.156520400462215,0.000273970899120272));
#14066=CARTESIAN_POINT('',(-0.120905376693493,-0.156617269936296,0.000277370179373899));
#14067=CARTESIAN_POINT('',(-0.120894999742845,-0.156649473703669,0.000278859992095672));
#14068=CARTESIAN_POINT('',(-0.120878205656859,-0.156697585147961,0.000281640039400723));
#14069=CARTESIAN_POINT('',(-0.120872402887929,-0.156713589915411,0.000282657611895627));
#14070=CARTESIAN_POINT('',(-0.120863391677256,-0.156737540247193,0.000284321603935364));
#14071=CARTESIAN_POINT('',(-0.120860336766499,-0.156745514220509,0.000284899206943642));
#14072=CARTESIAN_POINT('',(-0.120854124634515,-0.15676144184295,0.000286100508613656));
#14073=CARTESIAN_POINT('',(-0.120850696096197,-0.156770067182062,0.000286778909259538));
#14074=CARTESIAN_POINT('',(-0.12080076656623,-0.156893675932098,0.000296845522963074));
#14075=CARTESIAN_POINT('',(-0.120741721881387,-0.157010303907027,0.000311580380693547));
#14076=CARTESIAN_POINT('',(-0.120633630016721,-0.157181074907775,0.000342298267034564));
#14077=CARTESIAN_POINT('',(-0.120594355237952,-0.157237293291472,0.000353975089008237));
#14078=CARTESIAN_POINT('',(-0.12053050353379,-0.157319903064231,0.00037375046900258));
#14079=CARTESIAN_POINT('',(-0.12050839721904,-0.157347152810077,0.000380719039221402));
#14080=CARTESIAN_POINT('',(-0.120474003109125,-0.157387510115955,0.000391750759812927));
#14081=CARTESIAN_POINT('',(-0.120462332692448,-0.157400876302627,0.000395524482245003));
#14082=CARTESIAN_POINT('',(-0.120444518923884,-0.157420785073511,0.000401331541954838));
#14083=CARTESIAN_POINT('',(-0.120438529647711,-0.157427397910578,0.000403291641470155));
#14084=CARTESIAN_POINT('',(-0.120429468792779,-0.1574372806294,0.000406268631597815));
#14085=CARTESIAN_POINT('',(-0.120426435684609,-0.157440568779442,0.000407267101798751));
#14086=CARTESIAN_POINT('',(-0.120420343839825,-0.15744713266471,0.00040927635961183));
#14087=CARTESIAN_POINT('',(-0.120416695876735,-0.157451035584396,0.000410482235842661));
#14088=CARTESIAN_POINT('',(-0.120334779502787,-0.157538229013427,0.00043760415400101));
#14089=CARTESIAN_POINT('',(-0.120241999975064,-0.157623694722414,0.000469745732213384));
#14090=CARTESIAN_POINT('',(-0.120080275790741,-0.157745571380575,0.000527931298633064));
#14091=CARTESIAN_POINT('',(-0.120022625225968,-0.157785119773741,0.000548992387285352));
#14092=CARTESIAN_POINT('',(-0.119930426196048,-0.157841662199061,0.000583266137225352));
#14093=CARTESIAN_POINT('',(-0.119898741080442,-0.15786004495721,0.000595137953485806));
#14094=CARTESIAN_POINT('',(-0.119849789371438,-0.157886765023205,0.000613641236639254));
#14095=CARTESIAN_POINT('',(-0.119833234930176,-0.15789552929142,0.000619924935993591));
#14096=CARTESIAN_POINT('',(-0.119808049248552,-0.157908441794371,0.000629527582541036));
#14097=CARTESIAN_POINT('',(-0.119799595027233,-0.157912706974498,0.000632757981651983));
#14098=CARTESIAN_POINT('',(-0.119786825512128,-0.15791904369236,0.000637648260364433));
#14099=CARTESIAN_POINT('',(-0.119782554310503,-0.157921145756004,0.000639285799982835));
#14100=CARTESIAN_POINT('',(-0.119776125507131,-0.157924283264383,0.000641753330416694));
#14101=CARTESIAN_POINT('',(-0.11977397890589,-0.157925326502646,0.000642577710731437));
#14102=CARTESIAN_POINT('',(-0.119769678377624,-0.157927407729326,0.000644230220219065));
#14103=CARTESIAN_POINT('',(-0.119766821913803,-0.157928782836144,0.000645328610278683));
#14104=CARTESIAN_POINT('',(-0.119718805294406,-0.157951824029204,0.000663800260739037));
#14105=CARTESIAN_POINT('',(-0.119664550784481,-0.157975850420357,0.000684895712390495));
#14106=CARTESIAN_POINT('',(-0.11957093108652,-0.158011573865703,0.000721761394821916));
#14107=CARTESIAN_POINT('',(-0.119537686818624,-0.158023420072635,0.000734921776708647));
#14108=CARTESIAN_POINT('',(-0.119484709690266,-0.158040660666303,0.000756038750484104));
#14109=CARTESIAN_POINT('',(-0.119466532508264,-0.158046318843437,0.000763307231291916));
#14110=CARTESIAN_POINT('',(-0.119438486154021,-0.158054613468817,0.00077456356863143));
#14111=CARTESIAN_POINT('',(-0.119429007299059,-0.158057346202241,0.000778374622605312));
#14112=CARTESIAN_POINT('',(-0.119414593748376,-0.158061389326508,0.000784180837713619));
#14113=CARTESIAN_POINT('',(-0.119409756688672,-0.158062727703133,0.000786131182113149));
#14114=CARTESIAN_POINT('',(-0.119402452282212,-0.158064720281193,0.0007890792635222));
#14115=CARTESIAN_POINT('',(-0.119400009344035,-0.158065381975934,0.000790065718147814));
#14116=CARTESIAN_POINT('',(-0.11939510719672,-0.158066700202981,0.000792046175255741));
#14117=CARTESIAN_POINT('',(-0.119393447487729,-0.158067144860864,0.000792716861217338));
#14118=CARTESIAN_POINT('',(-0.119285641645745,-0.158095714337542,0.000836313363191175));
#14119=CARTESIAN_POINT('',(-0.119199843656528,-0.1581100865844,0.000871660217580583));
#14120=CARTESIAN_POINT('',(-0.119069240484705,-0.158127564780876,0.000926073582246084));
#14121=CARTESIAN_POINT('',(-0.11902429509322,-0.158130695432557,0.00094514381006343));
#14122=CARTESIAN_POINT('',(-0.119,-0.158132311287973,0.000955410473535553));
#14123=CARTESIAN_POINT('',(-0.12,-0.156003429042152,0.00029295689310753));
#14124=CARTESIAN_POINT('',(-0.12,-0.156067765329706,0.000291218624310912));
#14125=CARTESIAN_POINT('',(-0.1199938691951,-0.156133768877499,0.00029471004474495));
#14126=CARTESIAN_POINT('',(-0.11997495038534,-0.156233394416758,0.000308084782712775));
#14127=CARTESIAN_POINT('',(-0.119967027355615,-0.156266704994037,0.000313899664427645));
#14128=CARTESIAN_POINT('',(-0.119952688346746,-0.156316571551755,0.00032469666616905));
#14129=CARTESIAN_POINT('',(-0.119947499871422,-0.156333177062102,0.000328641466157305));
#14130=CARTESIAN_POINT('',(-0.119939102828429,-0.156358027753894,0.000335082489884646));
#14131=CARTESIAN_POINT('',(-0.119936201443965,-0.156366301715777,0.000337316802762669));
#14132=CARTESIAN_POINT('',(-0.119931695838628,-0.156378694131318,0.000340799878636825));
#14133=CARTESIAN_POINT('',(-0.119930168383249,-0.156382821848262,0.000341982838410468));
#14134=CARTESIAN_POINT('',(-0.119927062317258,-0.156391070414191,0.00034439273575396));
#14135=CARTESIAN_POINT('',(-0.119925348048098,-0.156395539427023,0.000345725294622886));
#14136=CARTESIAN_POINT('',(-0.119900383283115,-0.15645961079694,0.000365162411058807));
#14137=CARTESIAN_POINT('',(-0.119870860940693,-0.156520465892368,0.000388675282177245));
#14138=CARTESIAN_POINT('',(-0.119816815008361,-0.156610274253245,0.000432135762106169));
#14139=CARTESIAN_POINT('',(-0.119797177618976,-0.156639959598354,0.000447988580908911));
#14140=CARTESIAN_POINT('',(-0.119765251766895,-0.156683781514264,0.000473868725974604));
#14141=CARTESIAN_POINT('',(-0.11975419860952,-0.156698270863637,0.000482845636664302));
#14142=CARTESIAN_POINT('',(-0.119737001554562,-0.15671978443116,0.000496843146166654));
#14143=CARTESIAN_POINT('',(-0.119731166346224,-0.156726918862677,0.000501597675590916));
#14144=CARTESIAN_POINT('',(-0.119722259461942,-0.156737559805366,0.000508863385467211));
#14145=CARTESIAN_POINT('',(-0.119719264823855,-0.156741096667979,0.000511307608183504));
#14146=CARTESIAN_POINT('',(-0.119714734396389,-0.156746386081001,0.000515007532112543));
#14147=CARTESIAN_POINT('',(-0.119713217842304,-0.156748146571809,0.000516246438405955));
#14148=CARTESIAN_POINT('',(-0.119710171919912,-0.156751662141847,0.000518735466174141));
#14149=CARTESIAN_POINT('',(-0.119708347938367,-0.156753753374835,0.000520226481171958));
#14150=CARTESIAN_POINT('',(-0.119667389751393,-0.156800486673578,0.000553716361116017));
#14151=CARTESIAN_POINT('',(-0.119620999987532,-0.156846720700749,0.000592032557374008));
#14152=CARTESIAN_POINT('',(-0.11954013789537,-0.156913600243527,0.00065887404078125));
#14153=CARTESIAN_POINT('',(-0.119511312612984,-0.15693546975379,0.000682717583418151));
#14154=CARTESIAN_POINT('',(-0.119465213098024,-0.156967056300642,0.000720919103221701));
#14155=CARTESIAN_POINT('',(-0.119449370540221,-0.156977381518393,0.000734059084191008));
#14156=CARTESIAN_POINT('',(-0.119424894685719,-0.156992485400321,0.00075439062186822));
#14157=CARTESIAN_POINT('',(-0.119416617465088,-0.156997455999225,0.000761271401385878));
#14158=CARTESIAN_POINT('',(-0.119404024624276,-0.157004805720625,0.000771749566130773));
#14159=CARTESIAN_POINT('',(-0.119399797513617,-0.157007237929452,0.000775268453961701));
#14160=CARTESIAN_POINT('',(-0.119393412756064,-0.15701085840971,0.000780586237408744));
#14161=CARTESIAN_POINT('',(-0.119391277155251,-0.157012060597504,0.00078236540719448));
#14162=CARTESIAN_POINT('',(-0.119388062753565,-0.157013856758949,0.000785044050295626));
#14163=CARTESIAN_POINT('',(-0.119386989452945,-0.157014454292714,0.000785938579400981));
#14164=CARTESIAN_POINT('',(-0.119384839188812,-0.157015646959755,0.000787730938013875));
#14165=CARTESIAN_POINT('',(-0.119383410956901,-0.157016435480595,0.000788921649997757));
#14166=CARTESIAN_POINT('',(-0.119359402647203,-0.157029653033357,0.000808939429093414));
#14167=CARTESIAN_POINT('',(-0.11933227539224,-0.157043576579537,0.000831624953002419));
#14168=CARTESIAN_POINT('',(-0.11928546554326,-0.157064701054052,0.000870788346481814));
#14169=CARTESIAN_POINT('',(-0.119268843409312,-0.157071777945787,0.000884699364036194));
#14170=CARTESIAN_POINT('',(-0.119242354845133,-0.15708222823151,0.000906885054625145));
#14171=CARTESIAN_POINT('',(-0.119233266254132,-0.157085683867453,0.000914500190226917));
#14172=CARTESIAN_POINT('',(-0.11921924307701,-0.157090795827829,0.000926257442639632));
#14173=CARTESIAN_POINT('',(-0.11921450364953,-0.15709248788154,0.000930232287698584));
#14174=CARTESIAN_POINT('',(-0.119207296874188,-0.157095004180828,0.000936278807597303));
#14175=CARTESIAN_POINT('',(-0.119204878344336,-0.157095839315967,0.000938308356451346));
#14176=CARTESIAN_POINT('',(-0.119201226141106,-0.157097086076901,0.000941373820946426));
#14177=CARTESIAN_POINT('',(-0.119200004672017,-0.157097500673517,0.000942399165990942));
#14178=CARTESIAN_POINT('',(-0.11919755359836,-0.157098327802753,0.000944456916278032));
#14179=CARTESIAN_POINT('',(-0.119196723743864,-0.157098607009267,0.000945153642392904));
#14180=CARTESIAN_POINT('',(-0.119142820822873,-0.157116584908671,0.000990417137499407));
#14181=CARTESIAN_POINT('',(-0.119099921828264,-0.157126659095354,0.00102644045740558));
#14182=CARTESIAN_POINT('',(-0.119034620242352,-0.157139787952424,0.0010815383583523));
#14183=CARTESIAN_POINT('',(-0.119012150330008,-0.157142855187629,0.00110061615649931));
#14184=CARTESIAN_POINT('',(-0.119,-0.15714447141329,0.00111088517239756));
#14185=CARTESIAN_POINT('',(-0.12,-0.156003429042151,0.00029295689310754));
#14186=CARTESIAN_POINT('',(-0.120333333333333,-0.156003429042151,0.00029295689310754));
#14187=CARTESIAN_POINT('',(-0.120666666666667,-0.156003429042151,0.00029295689310754));
#14188=CARTESIAN_POINT('',(-0.121,-0.156003429042151,0.00029295689310754));
#14189=CARTESIAN_POINT('',(-0.12,-0.156003429042152,0.00029295689310754));
#14190=CARTESIAN_POINT('',(-0.121,-0.156003429042152,0.00029295689310754));
#14191=CARTESIAN_POINT('',(-0.12,-0.156003429042152,0.000292956893107558));
#14192=CARTESIAN_POINT('',(-0.12,-0.156132111581777,0.000289480086288257));
#14193=CARTESIAN_POINT('',(-0.119956518857836,-0.156345507899787,0.000320512935868319));
#14194=CARTESIAN_POINT('',(-0.119844107167806,-0.156578041299836,0.000409924374696754));
#14195=CARTESIAN_POINT('',(-0.119704137308275,-0.156766222348575,0.000523330318417053));
#14196=CARTESIAN_POINT('',(-0.119581984286213,-0.156888086518285,0.00062420230774802));
#14197=CARTESIAN_POINT('',(-0.119370477103418,-0.157029273953891,0.000799421728464296));
#14198=CARTESIAN_POINT('',(-0.11925525276249,-0.157084740443259,0.000895970516894783));
#14199=CARTESIAN_POINT('',(-0.119051720572883,-0.157139067793646,0.00106694451426679));
#14200=CARTESIAN_POINT('',(-0.119012156327779,-0.157142854389811,0.00110061108740156));
#14201=CARTESIAN_POINT('',(-0.119,-0.15714447141329,0.00111088517239758));
#14202=CARTESIAN_POINT('',(-0.121,-0.156003429042152,0.000292956893107558));
#14203=CARTESIAN_POINT('',(-0.121,-0.15625821754017,0.00026963245064575));
#14204=CARTESIAN_POINT('',(-0.12091354240627,-0.156674989383395,0.000268434252254501));
#14205=CARTESIAN_POINT('',(-0.120687373184619,-0.157120960035971,0.000324845285047965));
#14206=CARTESIAN_POINT('',(-0.120411470990328,-0.157474585254737,0.000410435678880963));
#14207=CARTESIAN_POINT('',(-0.120195265355312,-0.157664735710951,0.000486103173423177));
#14208=CARTESIAN_POINT('',(-0.11996877971892,-0.157823396152905,0.000568535481541805));
#14209=CARTESIAN_POINT('',(-0.119753192414237,-0.157938902910667,0.000650196146852465));
#14210=CARTESIAN_POINT('',(-0.119610651812513,-0.157997878529118,0.000706010074622651));
#14211=CARTESIAN_POINT('',(-0.119449297177712,-0.158055962485178,0.000769835478042055));
#14212=CARTESIAN_POINT('',(-0.119239676649713,-0.158103723628601,0.000855208026613092));
#14213=CARTESIAN_POINT('',(-0.11909350720617,-0.15812551319869,0.000915808326168292));
#14214=CARTESIAN_POINT('',(-0.119024312655558,-0.158130694264494,0.000945136388539559));
#14215=CARTESIAN_POINT('',(-0.119,-0.158132311287973,0.00095541047353558));
#14216=CARTESIAN_POINT('',(-0.119,-0.169227509528588,0.0843148209400265));
#14217=CARTESIAN_POINT('',(-0.121,-0.169227509528588,0.0843148209400265));
#14218=CARTESIAN_POINT('',(-0.119,-0.169227509528588,0.0843148209400265));
#14219=CARTESIAN_POINT('',(-0.12,-0.169227509528588,0.0843148209400265));
#14220=CARTESIAN_POINT('',(-0.12,-0.118,0.00019295689310754));
#14221=CARTESIAN_POINT('',(-0.12,-0.118,0.00019295689310754));
#14222=CARTESIAN_POINT('',(-0.12,-0.118,0.1897553998325));
#14223=CARTESIAN_POINT('',(-0.12,-0.118,0.189147213379058));
#14224=CARTESIAN_POINT('',(-0.12,-0.118,0.189147213379058));
#14225=CARTESIAN_POINT('',(-0.121,-0.118,0.189147213379058));
#14226=CARTESIAN_POINT('',(-0.121,-0.118,0.00019295689310754));
#14227=CARTESIAN_POINT('',(-0.121,-0.118,0.1897553998325));
#14228=CARTESIAN_POINT('',(-0.12,-0.118,0.1897553998325));
#14229=CARTESIAN_POINT('',(-0.12,-0.00199999999999994,0.00029295689310754));
#14230=CARTESIAN_POINT('',(-0.12,-0.118,0.00029295689310754));
#14231=CARTESIAN_POINT('',(-0.12,-0.118,0.000292956893107488));
#14232=CARTESIAN_POINT('',(-0.121,-0.118,0.000292956893107488));
#14233=CARTESIAN_POINT('',(-0.12,-0.00199999999999994,0.00029295689310754));
#14234=CARTESIAN_POINT('',(-0.121,-0.00199999999999994,0.00029295689310754));
#14235=CARTESIAN_POINT('',(-0.12,-0.150183824801408,0.17906444524287));
#14236=CARTESIAN_POINT('',(-0.12,-0.173811082962992,0.171215845965386));
#14237=CARTESIAN_POINT('',(-0.121,-0.173811082962992,0.171215845965386));
#14238=CARTESIAN_POINT('',(-0.12,-0.0414762241708191,0.104862399001786));
#14239=CARTESIAN_POINT('',(-0.12,-0.138679215210099,0.174998789884181));
#14240=CARTESIAN_POINT('',(-0.12,-0.138679215210099,0.174998789884181));
#14241=CARTESIAN_POINT('',(-0.121,-0.138679215210099,0.174998789884181));
#14242=CARTESIAN_POINT('',(-0.12,-0.0414762241708191,0.104862399001786));
#14243=CARTESIAN_POINT('',(-0.12,-0.124585129892149,0.164829264580272));
#14244=CARTESIAN_POINT('',(-0.12,-0.124585129892149,0.164829264580272));
#14245=CARTESIAN_POINT('',(-0.121,-0.124585129892149,0.164829264580272));
#14246=CARTESIAN_POINT('',(-0.121,-0.0414762241708191,0.104862399001786));
#14247=CARTESIAN_POINT('',(-0.12,-0.124,0.165640204164528));
#14248=CARTESIAN_POINT('',(-0.12,-0.124,0.165640204164528));
#14249=CARTESIAN_POINT('',(-0.12,-0.123414870107851,0.166451143748785));
#14250=CARTESIAN_POINT('',(-0.12,-0.123414870107851,0.166451143748785));
#14251=CARTESIAN_POINT('',(-0.121,-0.123414870107851,0.166451143748785));
#14252=CARTESIAN_POINT('',(-0.121,-0.124,0.165640204164528));
#14253=CARTESIAN_POINT('',(-0.12,-0.0403059643865207,0.106484278170299));
#14254=CARTESIAN_POINT('',(-0.12,-0.0403059643865207,0.106484278170299));
#14255=CARTESIAN_POINT('',(-0.12,-0.137508955425801,0.176620669052693));
#14256=CARTESIAN_POINT('',(-0.12,-0.137508955425801,0.176620669052693));
#14257=CARTESIAN_POINT('',(-0.121,-0.137508955425801,0.176620669052693));
#14258=CARTESIAN_POINT('',(-0.121,-0.0403059643865207,0.106484278170299));
#14259=CARTESIAN_POINT('',(-0.12,-0.050253172553057,0.0926983052379449));
#14260=CARTESIAN_POINT('',(-0.12,-0.156233111974575,0.16916766464229));
#14261=CARTESIAN_POINT('',(-0.12,-0.156233111974575,0.16916766464229));
#14262=CARTESIAN_POINT('',(-0.121,-0.156233111974575,0.16916766464229));
#14263=CARTESIAN_POINT('',(-0.12,-0.050253172553057,0.0926983052379449));
#14264=CARTESIAN_POINT('',(-0.12,-0.124585129892149,0.14633220229448));
#14265=CARTESIAN_POINT('',(-0.12,-0.124585129892149,0.14633220229448));
#14266=CARTESIAN_POINT('',(-0.121,-0.124585129892149,0.14633220229448));
#14267=CARTESIAN_POINT('',(-0.121,-0.050253172553057,0.0926983052379449));
#14268=CARTESIAN_POINT('',(-0.12,-0.124,0.147143141878736));
#14269=CARTESIAN_POINT('',(-0.12,-0.124,0.147143141878736));
#14270=CARTESIAN_POINT('',(-0.12,-0.123414870107851,0.147954081462992));
#14271=CARTESIAN_POINT('',(-0.12,-0.123414870107851,0.147954081462992));
#14272=CARTESIAN_POINT('',(-0.121,-0.123414870107851,0.147954081462992));
#14273=CARTESIAN_POINT('',(-0.121,-0.124,0.147143141878736));
#14274=CARTESIAN_POINT('',(-0.12,-0.0490829127687586,0.0943201844064571));
#14275=CARTESIAN_POINT('',(-0.12,-0.0490829127687586,0.0943201844064571));
#14276=CARTESIAN_POINT('',(-0.12,-0.155062852190277,0.170789543810802));
#14277=CARTESIAN_POINT('',(-0.12,-0.155062852190277,0.170789543810802));
#14278=CARTESIAN_POINT('',(-0.121,-0.155062852190277,0.170789543810802));
#14279=CARTESIAN_POINT('',(-0.121,-0.0490829127687586,0.0943201844064571));
#14280=CARTESIAN_POINT('',(-0.12,-0.0385505747100732,0.108917096923067));
#14281=CARTESIAN_POINT('',(-0.12,-0.132827916288607,0.176942498298144));
#14282=CARTESIAN_POINT('',(-0.12,-0.132827916288607,0.176942498298144));
#14283=CARTESIAN_POINT('',(-0.121,-0.132827916288607,0.176942498298144));
#14284=CARTESIAN_POINT('',(-0.12,-0.0385505747100732,0.108917096923067));
#14285=CARTESIAN_POINT('',(-0.12,-0.124585129892149,0.17099495200887));
#14286=CARTESIAN_POINT('',(-0.12,-0.124585129892149,0.17099495200887));
#14287=CARTESIAN_POINT('',(-0.121,-0.124585129892149,0.17099495200887));
#14288=CARTESIAN_POINT('',(-0.121,-0.0385505747100732,0.108917096923067));
#14289=CARTESIAN_POINT('',(-0.12,-0.124,0.171805891593126));
#14290=CARTESIAN_POINT('',(-0.12,-0.124,0.171805891593126));
#14291=CARTESIAN_POINT('',(-0.12,-0.123414870107851,0.172616831177382));
#14292=CARTESIAN_POINT('',(-0.12,-0.123414870107851,0.172616831177382));
#14293=CARTESIAN_POINT('',(-0.121,-0.123414870107851,0.172616831177382));
#14294=CARTESIAN_POINT('',(-0.121,-0.124,0.171805891593126));
#14295=CARTESIAN_POINT('',(-0.12,-0.0373803149257749,0.11053897609158));
#14296=CARTESIAN_POINT('',(-0.12,-0.0373803149257749,0.11053897609158));
#14297=CARTESIAN_POINT('',(-0.12,-0.131657656504309,0.178564377466657));
#14298=CARTESIAN_POINT('',(-0.12,-0.131657656504309,0.178564377466657));
#14299=CARTESIAN_POINT('',(-0.121,-0.131657656504309,0.178564377466657));
#14300=CARTESIAN_POINT('',(-0.121,-0.0373803149257749,0.11053897609158));
#14301=CARTESIAN_POINT('',(-0.12,-0.0444018736315651,0.100807701080506));
#14302=CARTESIAN_POINT('',(-0.12,-0.144530514131591,0.173055081470218));
#14303=CARTESIAN_POINT('',(-0.12,-0.144530514131591,0.173055081470218));
#14304=CARTESIAN_POINT('',(-0.121,-0.144530514131591,0.173055081470218));
#14305=CARTESIAN_POINT('',(-0.12,-0.0444018736315651,0.100807701080506));
#14306=CARTESIAN_POINT('',(-0.12,-0.124585129892149,0.158663577151675));
#14307=CARTESIAN_POINT('',(-0.12,-0.124585129892149,0.158663577151675));
#14308=CARTESIAN_POINT('',(-0.121,-0.124585129892149,0.158663577151675));
#14309=CARTESIAN_POINT('',(-0.121,-0.0444018736315651,0.100807701080506));
#14310=CARTESIAN_POINT('',(-0.12,-0.124,0.159474516735931));
#14311=CARTESIAN_POINT('',(-0.12,-0.124,0.159474516735931));
#14312=CARTESIAN_POINT('',(-0.12,-0.123414870107851,0.160285456320187));
#14313=CARTESIAN_POINT('',(-0.12,-0.123414870107851,0.160285456320187));
#14314=CARTESIAN_POINT('',(-0.121,-0.123414870107851,0.160285456320187));
#14315=CARTESIAN_POINT('',(-0.121,-0.124,0.159474516735931));
#14316=CARTESIAN_POINT('',(-0.12,-0.0432316138472667,0.102429580249018));
#14317=CARTESIAN_POINT('',(-0.12,-0.0432316138472667,0.102429580249018));
#14318=CARTESIAN_POINT('',(-0.12,-0.143360254347293,0.174676960638729));
#14319=CARTESIAN_POINT('',(-0.12,-0.143360254347293,0.174676960638729));
#14320=CARTESIAN_POINT('',(-0.121,-0.143360254347293,0.174676960638729));
#14321=CARTESIAN_POINT('',(-0.121,-0.0432316138472667,0.102429580249018));
#14322=CARTESIAN_POINT('',(-0.12,-0.0473275230923111,0.0967530031592255));
#14323=CARTESIAN_POINT('',(-0.12,-0.150381813053083,0.171111373056254));
#14324=CARTESIAN_POINT('',(-0.12,-0.150381813053083,0.171111373056254));
#14325=CARTESIAN_POINT('',(-0.121,-0.150381813053083,0.171111373056254));
#14326=CARTESIAN_POINT('',(-0.12,-0.0473275230923111,0.0967530031592255));
#14327=CARTESIAN_POINT('',(-0.12,-0.124585129892149,0.152497889723078));
#14328=CARTESIAN_POINT('',(-0.12,-0.124585129892149,0.152497889723078));
#14329=CARTESIAN_POINT('',(-0.121,-0.124585129892149,0.152497889723078));
#14330=CARTESIAN_POINT('',(-0.121,-0.0473275230923111,0.0967530031592255));
#14331=CARTESIAN_POINT('',(-0.12,-0.124,0.153308829307333));
#14332=CARTESIAN_POINT('',(-0.12,-0.124,0.153308829307333));
#14333=CARTESIAN_POINT('',(-0.12,-0.123414870107851,0.15411976889159));
#14334=CARTESIAN_POINT('',(-0.12,-0.123414870107851,0.15411976889159));
#14335=CARTESIAN_POINT('',(-0.121,-0.123414870107851,0.15411976889159));
#14336=CARTESIAN_POINT('',(-0.121,-0.124,0.153308829307333));
#14337=CARTESIAN_POINT('',(-0.12,-0.0461572633080127,0.0983748823277376));
#14338=CARTESIAN_POINT('',(-0.12,-0.0461572633080127,0.0983748823277376));
#14339=CARTESIAN_POINT('',(-0.12,-0.149211553268785,0.172733252224766));
#14340=CARTESIAN_POINT('',(-0.12,-0.149211553268785,0.172733252224766));
#14341=CARTESIAN_POINT('',(-0.121,-0.149211553268785,0.172733252224766));
#14342=CARTESIAN_POINT('',(-0.121,-0.0461572633080127,0.0983748823277376));
#14343=CARTESIAN_POINT('',(-0.12,-0.149796683160934,0.17192231264051));
#14344=CARTESIAN_POINT('',(-0.12,-0.149796683160934,0.17192231264051));
#14345=CARTESIAN_POINT('',(-0.121,-0.149796683160934,0.17192231264051));
#14346=CARTESIAN_POINT('',(-0.12,-0.143945384239442,0.173866021054474));
#14347=CARTESIAN_POINT('',(-0.12,-0.143945384239442,0.173866021054474));
#14348=CARTESIAN_POINT('',(-0.121,-0.143945384239442,0.173866021054474));
#14349=CARTESIAN_POINT('',(-0.12,-0.132242786396458,0.177753437882401));
#14350=CARTESIAN_POINT('',(-0.12,-0.132242786396458,0.177753437882401));
#14351=CARTESIAN_POINT('',(-0.121,-0.132242786396458,0.177753437882401));
#14352=CARTESIAN_POINT('',(-0.12,-0.155647982082426,0.169978604226546));
#14353=CARTESIAN_POINT('',(-0.12,-0.155647982082426,0.169978604226546));
#14354=CARTESIAN_POINT('',(-0.121,-0.155647982082426,0.169978604226546));
#14355=CARTESIAN_POINT('',(-0.12,-0.13809408531795,0.175809729468437));
#14356=CARTESIAN_POINT('',(-0.12,-0.13809408531795,0.175809729468437));
#14357=CARTESIAN_POINT('',(-0.121,-0.13809408531795,0.175809729468437));
#14358=CARTESIAN_POINT('',(-0.121,-0.117,0.00019295689310754));
#14359=CARTESIAN_POINT('',(-0.121,-0.118,0.0947200851360825));
#14360=CARTESIAN_POINT('',(-0.12,-0.117,0.00019295689310754));
#14361=CARTESIAN_POINT('',(-0.12,-0.118,0.0947200851360825));
#14362=CARTESIAN_POINT('',(-0.104,-0.117,0.0874359137862151));
#14363=CARTESIAN_POINT('',(-0.104,-0.117,0.174509007553634));
#14364=CARTESIAN_POINT('',(-0.104,-0.117,0.174509007553634));
#14365=CARTESIAN_POINT('',(-0.104,-0.116,0.174509007553634));
#14366=CARTESIAN_POINT('',(-0.104,-0.117,0.0874359137862151));
#14367=CARTESIAN_POINT('',(-0.104,-0.117,0.000292956893107557));
#14368=CARTESIAN_POINT('',(-0.104,-0.117,0.000292956893107557));
#14369=CARTESIAN_POINT('',(-0.104,-0.116,0.000292956893107557));
#14370=CARTESIAN_POINT('',(-0.104,-0.116,0.0952429568931075));
#14371=CARTESIAN_POINT('',(-0.112,-0.117,0.000292956893107557));
#14372=CARTESIAN_POINT('',(-0.112,-0.117,0.000292956893107557));
#14373=CARTESIAN_POINT('',(-0.119,-0.117,0.000292956893107557));
#14374=CARTESIAN_POINT('',(-0.119,-0.117,0.000292956893107557));
#14375=CARTESIAN_POINT('',(-0.119,-0.116,0.000292956893107488));
#14376=CARTESIAN_POINT('',(-0.112,-0.116,0.000292956893107557));
#14377=CARTESIAN_POINT('',(-0.112034921153997,-0.117,0.182350129529852));
#14378=CARTESIAN_POINT('',(-0.0684764260615547,-0.117,0.139842248422593));
#14379=CARTESIAN_POINT('',(-0.119,-0.117,0.189147213379058));
#14380=CARTESIAN_POINT('',(-0.0684764260615547,-0.116,0.139842248422593));
#14381=CARTESIAN_POINT('',(-0.119,-0.116,0.189147213379058));
#14382=CARTESIAN_POINT('',(-0.119,-0.117,0.189147213379058));
#14383=CARTESIAN_POINT('',(-0.112,-0.116,0.0952429568931075));
#14384=CARTESIAN_POINT('',(-0.119,-0.116,0.00019295689310754));
#14385=CARTESIAN_POINT('',(-0.112,-0.117,0.0952429568931075));
#14386=CARTESIAN_POINT('',(-0.119,-0.117,0.00019295689310754));
#14387=CARTESIAN_POINT('',(-0.119,-0.118,0.000292956893107502));
#14388=CARTESIAN_POINT('',(-0.119,-0.118,0.000292956893107502));
#14389=CARTESIAN_POINT('',(-0.119,-0.118,0.000292956893107488));
#14390=CARTESIAN_POINT('',(-0.119,-0.118,0.189147213379058));
#14391=CARTESIAN_POINT('',(-0.119,-0.118,0.189147213379058));
#14392=CARTESIAN_POINT('',(-0.119,-0.118,0.189147213379058));
#14393=CARTESIAN_POINT('',(-0.119,-0.118,0.0947200851360825));
#14394=CARTESIAN_POINT('',(-0.119,-0.118,0.0947200851360825));
#14395=CARTESIAN_POINT('',(0.07,-0.119375,0.));
#14396=CARTESIAN_POINT('',(0.07,-0.12,0.));
#14397=CARTESIAN_POINT('',(0.07125,-0.12,0.));
#14398=CARTESIAN_POINT('',(0.07,-0.12,-0.00287553788689223));
#14399=CARTESIAN_POINT('',(-0.07,-0.119375,0.));
#14400=CARTESIAN_POINT('',(-0.07,-0.12,0.));
#14401=CARTESIAN_POINT('',(-0.06875,-0.12,0.));
#14402=CARTESIAN_POINT('',(-0.07,-0.12,-0.00287553788689223));
#14403=MECHANICAL_DESIGN_GEOMETRIC_PRESENTATION_REPRESENTATION('',(#7049),
#14410);
#14404=MECHANICAL_DESIGN_GEOMETRIC_PRESENTATION_REPRESENTATION('',(#7050),
#14411);
#14405=MECHANICAL_DESIGN_GEOMETRIC_PRESENTATION_REPRESENTATION('',(#7051),
#14412);
#14406=MECHANICAL_DESIGN_GEOMETRIC_PRESENTATION_REPRESENTATION('',(#7052),
#14413);
#14407=MECHANICAL_DESIGN_GEOMETRIC_PRESENTATION_REPRESENTATION('',(#7053),
#14414);
#14408=MECHANICAL_DESIGN_GEOMETRIC_PRESENTATION_REPRESENTATION('',(#7054),
#14415);
#14409=MECHANICAL_DESIGN_GEOMETRIC_PRESENTATION_REPRESENTATION('',(#7055),
#14416);
#14410=(
GEOMETRIC_REPRESENTATION_CONTEXT(3)
GLOBAL_UNCERTAINTY_ASSIGNED_CONTEXT((#14417))
GLOBAL_UNIT_ASSIGNED_CONTEXT((#14438,#14431,#14424))
REPRESENTATION_CONTEXT('bezel_48x48','TOP_LEVEL_ASSEMBLY_PART')
);
#14411=(
GEOMETRIC_REPRESENTATION_CONTEXT(3)
GLOBAL_UNCERTAINTY_ASSIGNED_CONTEXT((#14418))
GLOBAL_UNIT_ASSIGNED_CONTEXT((#14439,#14432,#14425))
REPRESENTATION_CONTEXT('dno','TOP_LEVEL_ASSEMBLY_PART')
);
#14412=(
GEOMETRIC_REPRESENTATION_CONTEXT(3)
GLOBAL_UNCERTAINTY_ASSIGNED_CONTEXT((#14419))
GLOBAL_UNIT_ASSIGNED_CONTEXT((#14440,#14433,#14426))
REPRESENTATION_CONTEXT('terminal_block','TOP_LEVEL_ASSEMBLY_PART')
);
#14413=(
GEOMETRIC_REPRESENTATION_CONTEXT(3)
GLOBAL_UNCERTAINTY_ASSIGNED_CONTEXT((#14420))
GLOBAL_UNIT_ASSIGNED_CONTEXT((#14441,#14434,#14427))
REPRESENTATION_CONTEXT('mounting_clip_keepout',
'TOP_LEVEL_ASSEMBLY_PART')
);
#14414=(
GEOMETRIC_REPRESENTATION_CONTEXT(3)
GLOBAL_UNCERTAINTY_ASSIGNED_CONTEXT((#14421))
GLOBAL_UNIT_ASSIGNED_CONTEXT((#14442,#14435,#14428))
REPRESENTATION_CONTEXT('ohisje','TOP_LEVEL_ASSEMBLY_PART')
);
#14415=(
GEOMETRIC_REPRESENTATION_CONTEXT(3)
GLOBAL_UNCERTAINTY_ASSIGNED_CONTEXT((#14422))
GLOBAL_UNIT_ASSIGNED_CONTEXT((#14443,#14436,#14429))
REPRESENTATION_CONTEXT('housing','TOP_LEVEL_ASSEMBLY_PART')
);
#14416=(
GEOMETRIC_REPRESENTATION_CONTEXT(3)
GLOBAL_UNCERTAINTY_ASSIGNED_CONTEXT((#14423))
GLOBAL_UNIT_ASSIGNED_CONTEXT((#14444,#14437,#14430))
REPRESENTATION_CONTEXT('glava','TOP_LEVEL_ASSEMBLY_PART')
);
#14417=UNCERTAINTY_MEASURE_WITH_UNIT(LENGTH_MEASURE(1.E-8),#14438,
'DISTANCE_ACCURACY_VALUE','Maximum Tolerance applied to model');
#14418=UNCERTAINTY_MEASURE_WITH_UNIT(LENGTH_MEASURE(1.E-8),#14439,
'DISTANCE_ACCURACY_VALUE','Maximum Tolerance applied to model');
#14419=UNCERTAINTY_MEASURE_WITH_UNIT(LENGTH_MEASURE(1.E-8),#14440,
'DISTANCE_ACCURACY_VALUE','Maximum Tolerance applied to model');
#14420=UNCERTAINTY_MEASURE_WITH_UNIT(LENGTH_MEASURE(1.E-8),#14441,
'DISTANCE_ACCURACY_VALUE','Maximum Tolerance applied to model');
#14421=UNCERTAINTY_MEASURE_WITH_UNIT(LENGTH_MEASURE(2.E-5),#14442,
'DISTANCE_ACCURACY_VALUE','Maximum Tolerance applied to model');
#14422=UNCERTAINTY_MEASURE_WITH_UNIT(LENGTH_MEASURE(1.E-8),#14443,
'DISTANCE_ACCURACY_VALUE','Maximum Tolerance applied to model');
#14423=UNCERTAINTY_MEASURE_WITH_UNIT(LENGTH_MEASURE(2.E-5),#14444,
'DISTANCE_ACCURACY_VALUE','Maximum Tolerance applied to model');
#14424=(
NAMED_UNIT(*)
SI_UNIT($,.STERADIAN.)
SOLID_ANGLE_UNIT()
);
#14425=(
NAMED_UNIT(*)
SI_UNIT($,.STERADIAN.)
SOLID_ANGLE_UNIT()
);
#14426=(
NAMED_UNIT(*)
SI_UNIT($,.STERADIAN.)
SOLID_ANGLE_UNIT()
);
#14427=(
NAMED_UNIT(*)
SI_UNIT($,.STERADIAN.)
SOLID_ANGLE_UNIT()
);
#14428=(
NAMED_UNIT(*)
SI_UNIT($,.STERADIAN.)
SOLID_ANGLE_UNIT()
);
#14429=(
NAMED_UNIT(*)
SI_UNIT($,.STERADIAN.)
SOLID_ANGLE_UNIT()
);
#14430=(
NAMED_UNIT(*)
SI_UNIT($,.STERADIAN.)
SOLID_ANGLE_UNIT()
);
#14431=(
NAMED_UNIT(*)
PLANE_ANGLE_UNIT()
SI_UNIT($,.RADIAN.)
);
#14432=(
NAMED_UNIT(*)
PLANE_ANGLE_UNIT()
SI_UNIT($,.RADIAN.)
);
#14433=(
NAMED_UNIT(*)
PLANE_ANGLE_UNIT()
SI_UNIT($,.RADIAN.)
);
#14434=(
NAMED_UNIT(*)
PLANE_ANGLE_UNIT()
SI_UNIT($,.RADIAN.)
);
#14435=(
NAMED_UNIT(*)
PLANE_ANGLE_UNIT()
SI_UNIT($,.RADIAN.)
);
#14436=(
NAMED_UNIT(*)
PLANE_ANGLE_UNIT()
SI_UNIT($,.RADIAN.)
);
#14437=(
NAMED_UNIT(*)
PLANE_ANGLE_UNIT()
SI_UNIT($,.RADIAN.)
);
#14438=(
LENGTH_UNIT()
NAMED_UNIT(*)
SI_UNIT($,.METRE.)
);
#14439=(
LENGTH_UNIT()
NAMED_UNIT(*)
SI_UNIT($,.METRE.)
);
#14440=(
LENGTH_UNIT()
NAMED_UNIT(*)
SI_UNIT($,.METRE.)
);
#14441=(
LENGTH_UNIT()
NAMED_UNIT(*)
SI_UNIT($,.METRE.)
);
#14442=(
LENGTH_UNIT()
NAMED_UNIT(*)
SI_UNIT($,.METRE.)
);
#14443=(
LENGTH_UNIT()
NAMED_UNIT(*)
SI_UNIT($,.METRE.)
);
#14444=(
LENGTH_UNIT()
NAMED_UNIT(*)
SI_UNIT($,.METRE.)
);
#14445=PRODUCT_DEFINITION_SHAPE('','',#14452);
#14446=PRODUCT_DEFINITION_SHAPE('','',#14453);
#14447=PRODUCT_DEFINITION_SHAPE('','',#14454);
#14448=PRODUCT_DEFINITION_SHAPE('','',#14455);
#14449=PRODUCT_DEFINITION_SHAPE('','',#14456);
#14450=PRODUCT_DEFINITION_SHAPE('','',#14457);
#14451=PRODUCT_DEFINITION_SHAPE('','',#14458);
#14452=PRODUCT_DEFINITION('','',#14466,#14459);
#14453=PRODUCT_DEFINITION('','',#14467,#14460);
#14454=PRODUCT_DEFINITION('','',#14468,#14461);
#14455=PRODUCT_DEFINITION('','',#14469,#14462);
#14456=PRODUCT_DEFINITION('','',#14470,#14463);
#14457=PRODUCT_DEFINITION('','',#14471,#14464);
#14458=PRODUCT_DEFINITION('','',#14472,#14465);
#14459=PRODUCT_DEFINITION_CONTEXT('',#14508,'design');
#14460=PRODUCT_DEFINITION_CONTEXT('',#14509,'design');
#14461=PRODUCT_DEFINITION_CONTEXT('',#14510,'design');
#14462=PRODUCT_DEFINITION_CONTEXT('',#14511,'design');
#14463=PRODUCT_DEFINITION_CONTEXT('',#14512,'design');
#14464=PRODUCT_DEFINITION_CONTEXT('',#14513,'design');
#14465=PRODUCT_DEFINITION_CONTEXT('',#14514,'design');
#14466=PRODUCT_DEFINITION_FORMATION_WITH_SPECIFIED_SOURCE('','',#14480,
 .NOT_KNOWN.);
#14467=PRODUCT_DEFINITION_FORMATION_WITH_SPECIFIED_SOURCE('','',#14481,
 .NOT_KNOWN.);
#14468=PRODUCT_DEFINITION_FORMATION_WITH_SPECIFIED_SOURCE('','',#14482,
 .NOT_KNOWN.);
#14469=PRODUCT_DEFINITION_FORMATION_WITH_SPECIFIED_SOURCE('','',#14483,
 .NOT_KNOWN.);
#14470=PRODUCT_DEFINITION_FORMATION_WITH_SPECIFIED_SOURCE('','',#14484,
 .NOT_KNOWN.);
#14471=PRODUCT_DEFINITION_FORMATION_WITH_SPECIFIED_SOURCE('','',#14485,
 .NOT_KNOWN.);
#14472=PRODUCT_DEFINITION_FORMATION_WITH_SPECIFIED_SOURCE('','',#14486,
 .NOT_KNOWN.);
#14473=PRODUCT_RELATED_PRODUCT_CATEGORY('','',(#14480));
#14474=PRODUCT_RELATED_PRODUCT_CATEGORY('','',(#14481));
#14475=PRODUCT_RELATED_PRODUCT_CATEGORY('','',(#14482));
#14476=PRODUCT_RELATED_PRODUCT_CATEGORY('','',(#14483));
#14477=PRODUCT_RELATED_PRODUCT_CATEGORY('','',(#14484));
#14478=PRODUCT_RELATED_PRODUCT_CATEGORY('','',(#14485));
#14479=PRODUCT_RELATED_PRODUCT_CATEGORY('','',(#14486));
#14480=PRODUCT('bezel_48x48','bezel_48x48','bezel_48x48',(#14494));
#14481=PRODUCT('dno','dno','dno',(#14495));
#14482=PRODUCT('terminal_block','terminal_block','terminal_block',(#14496));
#14483=PRODUCT('mounting_clip_keepout','mounting_clip_keepout',
'mounting_clip_keepout',(#14497));
#14484=PRODUCT('ohisje','ohisje','ohisje',(#14498));
#14485=PRODUCT('housing','housing','housing',(#14499));
#14486=PRODUCT('glava','glava','glava',(#14500));
#14487=PRODUCT_CATEGORY('','');
#14488=PRODUCT_CATEGORY('','');
#14489=PRODUCT_CATEGORY('','');
#14490=PRODUCT_CATEGORY('','');
#14491=PRODUCT_CATEGORY('','');
#14492=PRODUCT_CATEGORY('','');
#14493=PRODUCT_CATEGORY('','');
#14494=PRODUCT_CONTEXT('',#14508,'mechanical');
#14495=PRODUCT_CONTEXT('',#14509,'mechanical');
#14496=PRODUCT_CONTEXT('',#14510,'mechanical');
#14497=PRODUCT_CONTEXT('',#14511,'mechanical');
#14498=PRODUCT_CONTEXT('',#14512,'mechanical');
#14499=PRODUCT_CONTEXT('',#14513,'mechanical');
#14500=PRODUCT_CONTEXT('',#14514,'mechanical');
#14501=APPLICATION_PROTOCOL_DEFINITION('international standard',
'ap242_managed_model_based_3d_engineering',2020,#14508);
#14502=APPLICATION_PROTOCOL_DEFINITION('international standard',
'ap242_managed_model_based_3d_engineering',2020,#14509);
#14503=APPLICATION_PROTOCOL_DEFINITION('international standard',
'ap242_managed_model_based_3d_engineering',2020,#14510);
#14504=APPLICATION_PROTOCOL_DEFINITION('international standard',
'ap242_managed_model_based_3d_engineering',2020,#14511);
#14505=APPLICATION_PROTOCOL_DEFINITION('international standard',
'ap242_managed_model_based_3d_engineering',2020,#14512);
#14506=APPLICATION_PROTOCOL_DEFINITION('international standard',
'ap242_managed_model_based_3d_engineering',2020,#14513);
#14507=APPLICATION_PROTOCOL_DEFINITION('international standard',
'ap242_managed_model_based_3d_engineering',2020,#14514);
#14508=APPLICATION_CONTEXT('managed model based 3d engineering');
#14509=APPLICATION_CONTEXT('managed model based 3d engineering');
#14510=APPLICATION_CONTEXT('managed model based 3d engineering');
#14511=APPLICATION_CONTEXT('managed model based 3d engineering');
#14512=APPLICATION_CONTEXT('managed model based 3d engineering');
#14513=APPLICATION_CONTEXT('managed model based 3d engineering');
#14514=APPLICATION_CONTEXT('managed model based 3d engineering');
ENDSEC;
END-ISO-10303-21;
